Date,Open,High,Low,Close,Volume
2025-06-09 02:00:00,105706.34000000,105740.90000000,105427.53000000,105527.71000000,390.41065000
2025-06-09 03:00:00,105527.71000000,105724.76000000,105475.48000000,105560.89000000,237.10673000
2025-06-09 04:00:00,105560.90000000,105700.37000000,105318.37000000,105659.13000000,525.22940000
2025-06-09 05:00:00,105659.14000000,105717.30000000,105428.02000000,105449.21000000,501.62589000
2025-06-09 06:00:00,105449.21000000,105522.87000000,105325.60000000,105379.11000000,319.63601000
2025-06-09 07:00:00,105379.12000000,105692.84000000,105319.00000000,105692.83000000,454.58589000
2025-06-09 08:00:00,105692.84000000,105692.84000000,105500.00000000,105560.71000000,194.49207000
2025-06-09 09:00:00,105560.71000000,105949.09000000,105473.57000000,105926.39000000,461.10180000
2025-06-09 10:00:00,105926.40000000,106888.00000000,105832.00000000,106612.52000000,1140.00074000
2025-06-09 11:00:00,106612.53000000,107464.77000000,106565.30000000,107179.70000000,1524.82298000
2025-06-09 12:00:00,107179.70000000,107806.00000000,107146.18000000,107759.21000000,1299.03104000
2025-06-09 13:00:00,107759.21000000,107990.00000000,107540.22000000,107750.39000000,875.21201000
2025-06-09 14:00:00,107750.39000000,107893.40000000,106860.00000000,107026.47000000,1035.50084000
2025-06-09 15:00:00,107026.48000000,108000.00000000,107026.48000000,107610.33000000,1005.76983000
2025-06-09 16:00:00,107610.32000000,108020.00000000,107522.79000000,107635.91000000,627.93587000
2025-06-09 17:00:00,107635.91000000,108127.16000000,107635.91000000,107697.51000000,895.91837000
2025-06-09 18:00:00,107697.52000000,108422.28000000,107659.35000000,108337.56000000,661.80863000
2025-06-09 19:00:00,108337.57000000,108552.44000000,108284.50000000,108446.18000000,521.19201000
2025-06-09 20:00:00,108446.18000000,108767.24000000,108339.68000000,108564.72000000,610.54706000
2025-06-09 21:00:00,108565.86000000,108736.19000000,108456.08000000,108706.74000000,326.05236000
2025-06-09 22:00:00,108706.74000000,110530.17000000,108706.73000000,109973.75000000,3520.02143000
2025-06-09 23:00:00,109973.74000000,110420.00000000,109734.92000000,110177.28000000,1243.72377000
2025-06-10 00:00:00,110177.28000000,110313.99000000,109866.18000000,110263.02000000,961.34621000
2025-06-10 01:00:00,110263.02000000,110311.82000000,109909.54000000,109913.91000000,893.59303000
2025-06-10 02:00:00,109913.91000000,109953.98000000,109648.29000000,109788.57000000,524.96936000
2025-06-10 03:00:00,109788.58000000,109788.58000000,109381.24000000,109650.94000000,568.91009000
2025-06-10 04:00:00,109650.95000000,109684.89000000,109382.38000000,109568.02000000,369.14727000
2025-06-10 05:00:00,109568.03000000,109649.98000000,109366.00000000,109528.55000000,369.49008000
2025-06-10 06:00:00,109528.55000000,109737.68000000,109200.00000000,109310.49000000,529.37516000
2025-06-10 07:00:00,109310.49000000,109650.00000000,109161.00000000,109502.68000000,427.51687000
2025-06-10 08:00:00,109502.69000000,109517.16000000,109095.67000000,109205.14000000,990.69176000
2025-06-10 09:00:00,109205.14000000,109415.10000000,109056.90000000,109082.65000000,522.59315000
2025-06-10 10:00:00,109082.65000000,109521.84000000,109065.14000000,109508.78000000,615.65872000
2025-06-10 11:00:00,109508.78000000,109573.30000000,109275.43000000,109303.61000000,324.81871000
2025-06-10 12:00:00,109303.61000000,109851.80000000,109199.81000000,109541.28000000,881.83399000
2025-06-10 13:00:00,109541.93000000,109700.00000000,109415.62000000,109697.76000000,554.16291000
2025-06-10 14:00:00,109697.75000000,109900.81000000,108888.88000000,109305.28000000,1408.66380000
2025-06-10 15:00:00,109305.28000000,109332.45000000,108468.29000000,108620.01000000,1840.47344000
2025-06-10 16:00:00,108620.00000000,109199.99000000,108331.03000000,109015.42000000,1443.70766000
2025-06-10 17:00:00,109015.41000000,109251.41000000,108690.59000000,108720.61000000,536.47760000
2025-06-10 18:00:00,108720.61000000,109064.06000000,108616.68000000,108711.37000000,359.45497000
2025-06-10 19:00:00,108711.37000000,109480.67000000,108518.86000000,109282.38000000,477.70957000
2025-06-10 20:00:00,109282.38000000,110400.00000000,109282.37000000,109526.30000000,1266.21790000
2025-06-10 21:00:00,109526.30000000,110018.07000000,109239.68000000,109960.00000000,609.61756000
2025-06-10 22:00:00,109960.01000000,110000.00000000,109420.00000000,109863.07000000,453.96715000
2025-06-10 23:00:00,109863.06000000,110181.10000000,109610.40000000,109727.87000000,482.13147000
2025-06-11 00:00:00,109727.88000000,110299.73000000,109600.00000000,110274.39000000,620.64617000
2025-06-11 01:00:00,110274.39000000,110274.40000000,109780.00000000,109825.54000000,496.67292000
2025-06-11 02:00:00,109825.55000000,109832.94000000,109565.10000000,109605.53000000,388.64877000
2025-06-11 03:00:00,109605.53000000,109858.22000000,109533.97000000,109677.03000000,257.11312000
2025-06-11 04:00:00,109677.03000000,109858.23000000,109622.03000000,109722.95000000,251.17830000
2025-06-11 05:00:00,109722.95000000,109735.24000000,109552.68000000,109562.75000000,173.09706000
2025-06-11 06:00:00,109562.75000000,109650.59000000,109430.38000000,109468.03000000,198.18742000
2025-06-11 07:00:00,109468.04000000,109679.24000000,109373.67000000,109595.01000000,322.84155000
2025-06-11 08:00:00,109595.02000000,109745.29000000,109446.73000000,109446.74000000,306.34832000
2025-06-11 09:00:00,109446.74000000,109675.69000000,109446.73000000,109576.02000000,413.74462000
2025-06-11 10:00:00,109576.03000000,109603.57000000,109233.62000000,109269.83000000,579.74506000
2025-06-11 11:00:00,109269.82000000,109468.67000000,109200.00000000,109373.12000000,390.96093000
2025-06-11 12:00:00,109373.13000000,109391.75000000,109193.89000000,109252.09000000,249.30459000
2025-06-11 13:00:00,109252.10000000,109927.04000000,109008.82000000,109714.87000000,1297.31517000
2025-06-11 14:00:00,109714.87000000,109900.00000000,109301.42000000,109684.00000000,948.34709000
2025-06-11 15:00:00,109684.00000000,110392.01000000,109650.94000000,109866.69000000,1345.14543000
2025-06-11 16:00:00,109866.69000000,110042.90000000,109660.72000000,109735.70000000,808.45996000
2025-06-11 17:00:00,109735.70000000,109815.84000000,109341.79000000,109439.38000000,689.45368000
2025-06-11 18:00:00,109439.38000000,109768.85000000,108964.16000000,108984.72000000,724.99224000
2025-06-11 19:00:00,108984.72000000,109072.91000000,108412.01000000,108807.25000000,963.32708000
2025-06-11 20:00:00,108807.25000000,108960.00000000,108576.00000000,108742.37000000,459.75917000
2025-06-11 21:00:00,108742.37000000,109001.50000000,108480.00000000,108906.44000000,360.27215000
2025-06-11 22:00:00,108906.45000000,109219.51000000,108367.94000000,108508.18000000,462.92455000
2025-06-11 23:00:00,108508.17000000,108633.38000000,108064.00000000,108443.38000000,692.16947000
2025-06-12 00:00:00,108443.38000000,108691.87000000,108324.00000000,108645.12000000,335.90773000
2025-06-12 01:00:00,108645.13000000,108813.55000000,108326.55000000,108705.99000000,394.62489000
2025-06-12 02:00:00,108706.00000000,108706.00000000,108258.49000000,108515.99000000,531.45564000
2025-06-12 03:00:00,108515.99000000,108759.00000000,108390.34000000,108400.52000000,897.03762000
2025-06-12 04:00:00,108400.52000000,108448.03000000,107730.00000000,107860.05000000,1933.71635000
2025-06-12 05:00:00,107860.04000000,107917.41000000,107320.00000000,107765.12000000,841.46439000
2025-06-12 06:00:00,107765.13000000,107922.43000000,107593.67000000,107746.91000000,355.94523000
2025-06-12 07:00:00,107746.91000000,107993.58000000,107640.33000000,107909.02000000,438.07180000
2025-06-12 08:00:00,107909.02000000,107961.01000000,107438.65000000,107633.53000000,702.19948000
2025-06-12 09:00:00,107633.53000000,107835.83000000,107440.13000000,107731.67000000,406.91931000
2025-06-12 10:00:00,107731.67000000,107771.55000000,107488.95000000,107507.35000000,309.44960000
2025-06-12 11:00:00,107507.35000000,107518.85000000,107200.00000000,107323.16000000,521.81989000
2025-06-12 12:00:00,107323.16000000,107349.31000000,106874.47000000,106900.95000000,628.23956000
2025-06-12 13:00:00,106900.95000000,107431.82000000,106870.00000000,106988.54000000,763.31238000
2025-06-12 14:00:00,106988.55000000,107198.75000000,106600.00000000,107070.80000000,920.69916000
2025-06-12 15:00:00,107070.80000000,107721.17000000,107070.80000000,107612.69000000,862.27021000
2025-06-12 16:00:00,107612.70000000,107822.50000000,106890.88000000,107020.95000000,655.00365000
2025-06-12 17:00:00,107020.96000000,107858.32000000,106985.38000000,107744.71000000,562.58066000
2025-06-12 18:00:00,107744.70000000,108450.16000000,107702.42000000,108287.40000000,769.24972000
2025-06-12 19:00:00,108287.40000000,108419.21000000,107229.47000000,107561.35000000,522.24144000
2025-06-12 20:00:00,107561.36000000,107879.92000000,106680.00000000,106788.80000000,704.93602000
2025-06-12 21:00:00,106789.80000000,106960.77000000,105772.73000000,105973.62000000,2315.98411000
2025-06-12 22:00:00,105973.61000000,106430.39000000,105860.90000000,105894.31000000,679.88503000
2025-06-12 23:00:00,105894.32000000,106225.40000000,105726.65000000,105890.70000000,576.44703000
2025-06-13 00:00:00,105890.69000000,106140.00000000,105671.72000000,105671.73000000,485.11901000
2025-06-13 01:00:00,105671.74000000,105694.00000000,103213.87000000,103797.81000000,5330.14891000
2025-06-13 02:00:00,103797.81000000,103938.59000000,102664.31000000,103773.65000000,3550.75225000
2025-06-13 03:00:00,103773.65000000,103976.64000000,103065.58000000,103641.21000000,1362.18578000
2025-06-13 04:00:00,103641.20000000,104590.00000000,103605.12000000,104277.22000000,1292.28749000
2025-06-13 05:00:00,104277.22000000,104506.36000000,103782.75000000,104404.52000000,700.33760000
2025-06-13 06:00:00,104404.52000000,104450.00000000,104000.00000000,104002.25000000,650.15589000
2025-06-13 07:00:00,104002.26000000,104722.50000000,103825.11000000,104704.26000000,812.26154000
2025-06-13 08:00:00,104704.27000000,104970.12000000,104376.43000000,104895.00000000,1192.26140000
2025-06-13 09:00:00,104895.01000000,105434.34000000,104690.85000000,104739.45000000,1404.55532000
2025-06-13 10:00:00,104739.44000000,104916.00000000,104500.00000000,104830.36000000,688.51868000
2025-06-13 11:00:00,104830.36000000,104925.10000000,104425.79000000,104874.01000000,531.07719000
2025-06-13 12:00:00,104874.00000000,105045.79000000,104640.00000000,105039.48000000,522.51084000
2025-06-13 13:00:00,105039.48000000,105290.14000000,104822.36000000,104852.29000000,768.82163000
2025-06-13 14:00:00,104852.28000000,105300.00000000,104674.14000000,104732.44000000,853.87525000
2025-06-13 15:00:00,104732.82000000,105011.76000000,104118.00000000,104970.74000000,1137.70532000
2025-06-13 16:00:00,104970.74000000,105747.47000000,104860.00000000,105436.87000000,1140.75299000
2025-06-13 17:00:00,105436.87000000,105981.00000000,105308.83000000,105783.66000000,1087.38893000
2025-06-13 18:00:00,105783.65000000,105783.65000000,104867.65000000,105390.94000000,775.10222000
2025-06-13 19:00:00,105390.94000000,105480.00000000,104668.73000000,105193.04000000,631.03278000
2025-06-13 20:00:00,105193.04000000,105436.90000000,104900.00000000,105110.00000000,457.01476000
2025-06-13 21:00:00,105110.01000000,105508.34000000,105020.87000000,105424.00000000,385.01118000
2025-06-13 22:00:00,105424.00000000,105788.79000000,105326.41000000,105612.59000000,270.63672000
2025-06-13 23:00:00,105612.58000000,105840.00000000,105542.00000000,105751.28000000,221.74081000
2025-06-14 00:00:00,105751.29000000,106179.53000000,105751.28000000,106066.59000000,414.68186000
2025-06-14 01:00:00,106066.59000000,106252.00000000,105703.61000000,105826.32000000,1271.50800000
2025-06-14 02:00:00,105826.32000000,105826.33000000,105440.00000000,105470.35000000,1198.12686000
2025-06-14 03:00:00,105470.35000000,105611.67000000,105312.88000000,105374.17000000,288.65282000
2025-06-14 04:00:00,105374.18000000,105440.00000000,105197.96000000,105228.82000000,259.19985000
2025-06-14 05:00:00,105228.83000000,105397.06000000,105212.09000000,105371.07000000,216.26058000
2025-06-14 06:00:00,105371.08000000,105397.06000000,105233.95000000,105288.30000000,205.15438000
2025-06-14 07:00:00,105288.30000000,105321.82000000,105105.13000000,105105.13000000,221.23119000
2025-06-14 08:00:00,105105.14000000,105144.57000000,104792.98000000,105076.59000000,360.03462000
2025-06-14 09:00:00,105076.59000000,105132.36000000,104871.06000000,105095.03000000,215.34556000
2025-06-14 10:00:00,105095.04000000,105110.15000000,104850.54000000,104862.26000000,253.37215000
2025-06-14 11:00:00,104862.26000000,105117.07000000,104836.06000000,105011.92000000,145.57424000
2025-06-14 12:00:00,105011.92000000,105096.00000000,104948.38000000,105082.01000000,172.47595000
2025-06-14 13:00:00,105082.01000000,105100.00000000,104745.10000000,105053.63000000,267.44126000
2025-06-14 14:00:00,105053.64000000,105131.25000000,104902.28000000,105017.41000000,263.02313000
2025-06-14 15:00:00,105017.41000000,105060.42000000,104841.96000000,104913.01000000,157.82263000
2025-06-14 16:00:00,104913.01000000,104983.05000000,104615.38000000,104841.30000000,356.85346000
2025-06-14 17:00:00,104841.29000000,104900.00000000,104359.50000000,104457.85000000,672.80896000
2025-06-14 18:00:00,104457.84000000,104721.53000000,104404.90000000,104608.17000000,342.50861000
2025-06-14 19:00:00,104608.18000000,104995.72000000,104359.08000000,104892.81000000,351.26848000
2025-06-14 20:00:00,104892.82000000,105045.78000000,104630.19000000,104645.67000000,320.70643000
2025-06-14 21:00:00,104645.66000000,104991.00000000,104300.00000000,104894.29000000,372.96357000
2025-06-14 22:00:00,104894.30000000,105458.71000000,104867.14000000,105315.54000000,414.26935000
2025-06-14 23:00:00,105315.55000000,105480.00000000,105289.45000000,105428.74000000,222.42456000
2025-06-15 00:00:00,105428.75000000,105480.00000000,105348.81000000,105414.64000000,249.91305000
2025-06-15 01:00:00,105414.63000000,105663.98000000,105264.75000000,105643.99000000,328.94394000
2025-06-15 02:00:00,105643.99000000,105680.00000000,105410.50000000,105421.03000000,196.23760000
2025-06-15 03:00:00,105421.03000000,105624.00000000,105421.03000000,105481.02000000,132.30823000
2025-06-15 04:00:00,105481.03000000,105566.22000000,105463.54000000,105473.55000000,101.92751000
2025-06-15 05:00:00,105473.54000000,105563.04000000,105473.54000000,105559.68000000,100.97805000
2025-06-15 06:00:00,105559.69000000,106100.00000000,105507.65000000,106073.94000000,290.03365000
2025-06-15 07:00:00,106073.95000000,106128.57000000,105410.43000000,105440.69000000,690.48683000
2025-06-15 08:00:00,105440.70000000,105453.46000000,105200.00000000,105428.00000000,300.03128000
2025-06-15 09:00:00,105428.00000000,105482.40000000,105134.69000000,105197.19000000,259.58184000
2025-06-15 10:00:00,105197.18000000,105197.19000000,104867.64000000,104915.15000000,370.65353000
2025-06-15 11:00:00,104915.15000000,105188.96000000,104915.14000000,105119.99000000,230.53887000
2025-06-15 12:00:00,105119.99000000,105162.51000000,104915.14000000,104970.51000000,196.37895000
2025-06-15 13:00:00,104970.51000000,105296.00000000,104955.48000000,105289.81000000,257.28037000
2025-06-15 14:00:00,105289.81000000,105660.31000000,105220.65000000,105515.97000000,350.85804000
2025-06-15 15:00:00,105515.97000000,105838.24000000,105308.82000000,105657.64000000,336.00440000
2025-06-15 16:00:00,105657.63000000,105794.12000000,105539.00000000,105564.00000000,301.25817000
2025-06-15 17:00:00,105563.99000000,105687.74000000,105332.00000000,105567.24000000,329.84918000
2025-06-15 18:00:00,105567.24000000,105777.09000000,105476.40000000,105689.64000000,194.07613000
2025-06-15 19:00:00,105689.65000000,105689.65000000,105472.00000000,105485.29000000,157.31009000
2025-06-15 20:00:00,105485.29000000,105566.43000000,105082.97000000,105294.19000000,294.74223000
2025-06-15 21:00:00,105294.19000000,105300.00000000,104600.13000000,104729.53000000,453.57123000
2025-06-15 22:00:00,104729.53000000,104828.94000000,104494.53000000,104807.75000000,477.50220000
2025-06-15 23:00:00,104807.75000000,105359.96000000,104734.42000000,105263.51000000,432.23208000
2025-06-16 00:00:00,105263.52000000,105617.82000000,105226.79000000,105594.01000000,381.41607000
2025-06-16 01:00:00,105594.02000000,105769.85000000,105352.94000000,105429.32000000,422.15418000
2025-06-16 02:00:00,105429.32000000,105885.00000000,104980.37000000,105815.08000000,559.26238000
2025-06-16 03:00:00,105815.09000000,105970.59000000,105684.46000000,105785.51000000,435.10541000
2025-06-16 04:00:00,105785.51000000,105966.00000000,105708.93000000,105921.84000000,263.51613000
2025-06-16 05:00:00,105921.85000000,106396.30000000,105874.48000000,106386.00000000,656.51068000
2025-06-16 06:00:00,106386.00000000,106785.71000000,106312.33000000,106559.98000000,595.46163000
2025-06-16 07:00:00,106559.99000000,106777.38000000,106510.61000000,106586.01000000,445.28877000
2025-06-16 08:00:00,106586.00000000,107262.31000000,106586.00000000,107061.80000000,1080.95051000
2025-06-16 09:00:00,107061.80000000,107242.92000000,106954.47000000,107180.00000000,486.60178000
2025-06-16 10:00:00,107180.00000000,107255.01000000,106863.98000000,106945.86000000,789.42833000
2025-06-16 11:00:00,106945.86000000,107200.00000000,106744.66000000,106834.32000000,436.77622000
2025-06-16 12:00:00,106834.33000000,106976.75000000,106582.25000000,106883.99000000,436.11918000
2025-06-16 13:00:00,106884.00000000,106900.00000000,106600.00000000,106690.47000000,352.59083000
2025-06-16 14:00:00,106690.47000000,107172.11000000,106495.09000000,107160.06000000,556.73469000
2025-06-16 15:00:00,107160.06000000,107784.26000000,106787.99000000,107533.50000000,1083.59008000
2025-06-16 16:00:00,107533.50000000,107715.40000000,107307.81000000,107424.96000000,545.44240000
2025-06-16 17:00:00,107424.96000000,107906.98000000,107309.15000000,107765.99000000,671.17670000
2025-06-16 18:00:00,107765.99000000,108017.98000000,107627.90000000,107755.00000000,586.42985000
2025-06-16 19:00:00,107755.01000000,108278.00000000,107686.56000000,108255.96000000,494.51232000
2025-06-16 20:00:00,108255.97000000,108888.00000000,108255.96000000,108652.00000000,996.00646000
2025-06-16 21:00:00,108652.01000000,108849.77000000,108428.00000000,108782.68000000,565.88847000
2025-06-16 22:00:00,108782.68000000,108817.00000000,108321.45000000,108513.10000000,363.37911000
2025-06-16 23:00:00,108513.10000000,108952.38000000,107418.24000000,107700.01000000,1124.54821000
2025-06-17 00:00:00,107700.01000000,107982.63000000,106700.00000000,106794.53000000,975.19108000
2025-06-17 01:00:00,106794.53000000,107262.31000000,106115.35000000,107238.63000000,1478.91948000
2025-06-17 02:00:00,107238.68000000,107399.00000000,106930.23000000,107173.51000000,437.59004000
2025-06-17 03:00:00,107173.51000000,107600.00000000,106572.07000000,107482.39000000,551.95383000
2025-06-17 04:00:00,107482.40000000,107771.34000000,107364.89000000,107590.41000000,557.48911000
2025-06-17 05:00:00,107590.41000000,107711.06000000,107303.01000000,107333.64000000,324.27105000
2025-06-17 06:00:00,107333.64000000,107403.99000000,107040.00000000,107122.02000000,467.39075000
2025-06-17 07:00:00,107122.01000000,107234.94000000,106724.00000000,106832.91000000,387.21440000
2025-06-17 08:00:00,106832.92000000,106879.48000000,106481.60000000,106758.52000000,518.07804000
2025-06-17 09:00:00,106758.52000000,106822.78000000,106484.89000000,106568.06000000,362.87139000
2025-06-17 10:00:00,106568.06000000,106655.82000000,106069.55000000,106160.57000000,707.96220000
2025-06-17 11:00:00,106160.58000000,106248.43000000,105721.29000000,105956.01000000,798.36423000
2025-06-17 12:00:00,105956.01000000,105956.01000000,105508.23000000,105641.47000000,539.34753000
2025-06-17 13:00:00,105641.48000000,105862.03000000,105420.00000000,105507.00000000,548.13287000
2025-06-17 14:00:00,105506.99000000,105754.05000000,105200.00000000,105349.27000000,715.74499000
2025-06-17 15:00:00,105349.28000000,105694.42000000,104777.48000000,104847.33000000,1268.55694000
2025-06-17 16:00:00,104847.33000000,104968.69000000,104130.95000000,104241.63000000,1775.82912000
2025-06-17 17:00:00,104241.62000000,104484.97000000,103500.01000000,103630.67000000,1788.59454000
2025-06-17 18:00:00,103630.67000000,104250.00000000,103371.02000000,103814.01000000,1318.17143000
2025-06-17 19:00:00,103814.00000000,104414.85000000,103626.05000000,104414.84000000,582.53411000
2025-06-17 20:00:00,104414.84000000,105336.82000000,104414.83000000,104686.12000000,1030.66661000
2025-06-17 21:00:00,104686.12000000,104898.81000000,104262.88000000,104362.39000000,631.39909000
2025-06-17 22:00:00,104362.39000000,104822.31000000,104252.33000000,104552.58000000,424.96971000
2025-06-17 23:00:00,104552.59000000,104731.61000000,104203.85000000,104228.31000000,339.43238000
2025-06-18 00:00:00,104228.31000000,104730.77000000,104228.31000000,104551.17000000,310.84641000
2025-06-18 01:00:00,104551.17000000,104857.14000000,104379.52000000,104842.78000000,396.62544000
2025-06-18 02:00:00,104842.78000000,105176.61000000,104680.00000000,104776.92000000,347.92348000
2025-06-18 03:00:00,104776.92000000,105099.99000000,104695.82000000,104856.06000000,299.75201000
2025-06-18 04:00:00,104856.06000000,105240.00000000,104849.13000000,105184.84000000,302.08543000
2025-06-18 05:00:00,105184.84000000,105504.67000000,105074.25000000,105447.39000000,286.62170000
2025-06-18 06:00:00,105447.53000000,105550.27000000,105375.05000000,105423.50000000,448.33108000
2025-06-18 07:00:00,105423.51000000,105527.88000000,104859.18000000,104966.20000000,578.89056000
2025-06-18 08:00:00,104966.19000000,105000.90000000,104713.24000000,104973.24000000,445.08193000
2025-06-18 09:00:00,104973.24000000,105310.62000000,104756.33000000,104949.90000000,393.96563000
2025-06-18 10:00:00,104949.91000000,105142.00000000,104565.00000000,104697.03000000,323.45218000
2025-06-18 11:00:00,104697.02000000,104797.06000000,104175.87000000,104266.19000000,531.68147000
2025-06-18 12:00:00,104266.18000000,104858.80000000,104192.46000000,104840.59000000,651.35695000
2025-06-18 13:00:00,104840.58000000,104908.49000000,104474.81000000,104514.00000000,615.40924000
2025-06-18 14:00:00,104513.99000000,104550.92000000,103814.04000000,104439.81000000,1121.40671000
2025-06-18 15:00:00,104439.82000000,105325.83000000,104228.30000000,104619.88000000,1418.42072000
2025-06-18 16:00:00,104619.87000000,104973.79000000,104150.13000000,104801.01000000,869.24120000
2025-06-18 17:00:00,104801.01000000,104836.64000000,104334.78000000,104426.93000000,509.29545000
2025-06-18 18:00:00,104426.93000000,104508.00000000,103615.33000000,104331.83000000,918.22252000
2025-06-18 19:00:00,104332.00000000,104706.08000000,103586.00000000,103623.39000000,1023.78410000
2025-06-18 20:00:00,103623.39000000,104437.70000000,103500.00000000,103808.41000000,839.17523000
2025-06-18 21:00:00,103808.41000000,104988.88000000,103652.00000000,104822.33000000,628.82425000
2025-06-18 22:00:00,104822.34000000,105139.87000000,104378.62000000,105085.50000000,574.55745000
2025-06-18 23:00:00,105085.49000000,105138.00000000,104794.41000000,104815.23000000,257.38438000
2025-06-19 00:00:00,104815.23000000,104956.74000000,104630.09000000,104886.78000000,187.15256000
2025-06-19 01:00:00,104886.79000000,105226.17000000,104680.41000000,104944.06000000,534.37997000
2025-06-19 02:00:00,104944.06000000,104964.02000000,104466.16000000,104599.25000000,386.57688000
2025-06-19 03:00:00,104599.25000000,105000.64000000,104457.12000000,104722.51000000,325.08223000
2025-06-19 04:00:00,104722.50000000,105114.45000000,104722.50000000,105100.02000000,233.06599000
2025-06-19 05:00:00,105100.01000000,105111.37000000,104803.98000000,105073.52000000,300.10136000
2025-06-19 06:00:00,105073.52000000,105220.00000000,104819.62000000,104892.86000000,274.94947000
2025-06-19 07:00:00,104892.86000000,104989.34000000,104630.89000000,104707.94000000,280.44541000
2025-06-19 08:00:00,104707.95000000,104848.49000000,104617.69000000,104642.85000000,276.76135000
2025-06-19 09:00:00,104642.85000000,104986.13000000,104631.26000000,104746.12000000,291.39146000
2025-06-19 10:00:00,104746.11000000,105030.00000000,104729.83000000,104994.00000000,284.66266000
2025-06-19 11:00:00,104994.00000000,105073.53000000,104843.70000000,104913.19000000,199.62218000
2025-06-19 12:00:00,104913.19000000,104913.20000000,104720.10000000,104776.23000000,173.90893000
2025-06-19 13:00:00,104776.23000000,104917.05000000,104663.77000000,104752.60000000,249.90189000
2025-06-19 14:00:00,104752.61000000,104785.15000000,104244.11000000,104283.33000000,413.67121000
2025-06-19 15:00:00,104283.33000000,104690.47000000,104109.06000000,104148.60000000,435.78555000
2025-06-19 16:00:00,104148.61000000,104443.94000000,104078.00000000,104096.93000000,496.14025000
2025-06-19 17:00:00,104096.94000000,104425.15000000,103933.33000000,104001.13000000,377.21937000
2025-06-19 18:00:00,104001.13000000,104814.73000000,103929.27000000,104521.31000000,684.04339000
2025-06-19 19:00:00,104521.32000000,104694.01000000,104294.09000000,104392.53000000,296.18725000
2025-06-19 20:00:00,104392.54000000,104464.29000000,104126.98000000,104250.44000000,266.77300000
2025-06-19 21:00:00,104250.45000000,104496.00000000,104150.00000000,104266.82000000,161.13430000
2025-06-19 22:00:00,104266.83000000,104413.66000000,104228.53000000,104332.45000000,176.53959000
2025-06-19 23:00:00,104332.45000000,104774.32000000,104332.45000000,104596.29000000,323.86777000
2025-06-20 00:00:00,104596.29000000,104898.31000000,104463.56000000,104658.59000000,236.39591000
2025-06-20 01:00:00,104658.59000000,104820.00000000,104563.25000000,104692.74000000,238.63790000
2025-06-20 02:00:00,104692.74000000,104797.06000000,104391.38000000,104778.50000000,179.30140000
2025-06-20 03:00:00,104778.50000000,104800.00000000,104496.50000000,104628.00000000,378.45556000
2025-06-20 04:00:00,104628.00000000,104700.00000000,104511.00000000,104596.63000000,230.06249000
2025-06-20 05:00:00,104596.64000000,104600.00000000,104238.02000000,104258.59000000,233.22018000
2025-06-20 06:00:00,104258.59000000,104585.99000000,104258.59000000,104584.68000000,326.07738000
2025-06-20 07:00:00,104584.68000000,104769.25000000,104584.68000000,104719.86000000,234.96044000
2025-06-20 08:00:00,104719.86000000,105825.66000000,104648.46000000,105811.74000000,1083.81217000
2025-06-20 09:00:00,105811.74000000,106524.65000000,105780.76000000,105959.68000000,1568.80558000
2025-06-20 10:00:00,105959.68000000,106078.85000000,105757.48000000,105940.58000000,475.74806000
2025-06-20 11:00:00,105940.57000000,106172.06000000,105829.18000000,105958.87000000,509.44809000
2025-06-20 12:00:00,105958.87000000,106075.14000000,105801.09000000,105977.82000000,308.78491000
2025-06-20 13:00:00,105977.82000000,106107.69000000,105876.01000000,105982.89000000,249.32596000
2025-06-20 14:00:00,105982.90000000,106149.17000000,105361.62000000,105674.00000000,755.45526000
2025-06-20 15:00:00,105673.99000000,105795.39000000,103888.00000000,103940.01000000,1538.46329000
2025-06-20 16:00:00,103940.01000000,104623.34000000,103888.00000000,104217.99000000,1125.62480000
2025-06-20 17:00:00,104218.00000000,104269.64000000,103620.01000000,103670.61000000,1250.51824000
2025-06-20 18:00:00,103670.61000000,103761.84000000,102345.00000000,103279.26000000,2746.51433000
2025-06-20 19:00:00,103279.26000000,103428.50000000,103037.25000000,103165.45000000,792.98471000
2025-06-20 20:00:00,103165.44000000,103495.72000000,103010.41000000,103307.22000000,437.48107000
2025-06-20 21:00:00,103307.21000000,103828.00000000,103300.11000000,103693.50000000,712.51715000
2025-06-20 22:00:00,103693.51000000,103719.99000000,103353.06000000,103532.00000000,311.76605000
2025-06-20 23:00:00,103531.99000000,103532.00000000,102980.00000000,103107.11000000,435.14640000
2025-06-21 00:00:00,103107.12000000,103339.99000000,102963.67000000,103297.99000000,295.95141000
2025-06-21 01:00:00,103297.98000000,103339.99000000,103127.48000000,103248.07000000,202.14606000
2025-06-21 02:00:00,103248.06000000,103515.37000000,103137.86000000,103515.36000000,263.84601000
2025-06-21 03:00:00,103515.36000000,103538.60000000,103377.44000000,103499.98000000,139.14418000
2025-06-21 04:00:00,103499.99000000,103691.67000000,103495.87000000,103495.87000000,145.59786000
2025-06-21 05:00:00,103495.86000000,103531.97000000,103333.00000000,103384.98000000,129.74868000
2025-06-21 06:00:00,103384.99000000,103487.00000000,103343.00000000,103421.21000000,115.82266000
2025-06-21 07:00:00,103421.21000000,103599.04000000,103330.00000000,103572.69000000,164.96770000
2025-06-21 08:00:00,103572.69000000,103572.69000000,103360.02000000,103458.50000000,276.07214000
2025-06-21 09:00:00,103458.50000000,103830.48000000,103458.49000000,103826.03000000,335.53724000
2025-06-21 10:00:00,103826.03000000,103933.33000000,103653.14000000,103843.37000000,387.02991000
2025-06-21 11:00:00,103843.37000000,103982.64000000,103767.77000000,103831.22000000,298.42441000
2025-06-21 12:00:00,103831.22000000,103929.99000000,103724.13000000,103874.64000000,167.57049000
2025-06-21 13:00:00,103874.63000000,103946.47000000,103786.61000000,103807.70000000,151.86969000
2025-06-21 14:00:00,103807.70000000,103866.98000000,103534.62000000,103572.29000000,272.41367000
2025-06-21 15:00:00,103572.29000000,103776.00000000,103382.97000000,103549.99000000,497.84934000
2025-06-21 16:00:00,103550.00000000,103680.00000000,103281.82000000,103560.90000000,527.14166000
2025-06-21 17:00:00,103560.90000000,103640.00000000,103449.10000000,103486.01000000,208.22464000
2025-06-21 18:00:00,103486.01000000,103589.20000000,103174.12000000,103182.98000000,342.68316000
2025-06-21 19:00:00,103182.98000000,103423.21000000,102633.45000000,102645.22000000,616.44824000
2025-06-21 20:00:00,102645.22000000,102757.22000000,102210.43000000,102245.10000000,1198.04823000
2025-06-21 21:00:00,102245.11000000,102888.88000000,102206.00000000,102782.08000000,454.58904000
2025-06-21 22:00:00,102782.09000000,102836.00000000,101110.00000000,101455.61000000,1921.95689000
2025-06-21 23:00:00,101455.61000000,102000.00000000,101446.74000000,101772.96000000,652.38870000
2025-06-22 00:00:00,101772.97000000,102322.41000000,100837.90000000,102120.01000000,1684.69272000
2025-06-22 01:00:00,102120.02000000,103399.62000000,101839.96000000,102852.00000000,1871.90453000
2025-06-22 02:00:00,102852.00000000,103005.37000000,102237.37000000,102387.00000000,887.90565000
2025-06-22 03:00:00,102387.01000000,102884.00000000,101885.98000000,102347.64000000,1115.38093000
2025-06-22 04:00:00,102347.63000000,102600.00000000,102127.34000000,102375.40000000,464.71771000
2025-06-22 05:00:00,102375.40000000,102786.38000000,102256.01000000,102548.15000000,383.48420000
2025-06-22 06:00:00,102548.14000000,102919.46000000,102548.14000000,102853.89000000,414.14625000
2025-06-22 07:00:00,102853.89000000,102946.47000000,102692.87000000,102744.36000000,318.23622000
2025-06-22 08:00:00,102744.36000000,102750.00000000,102269.18000000,102424.61000000,365.86442000
2025-06-22 09:00:00,102424.61000000,102712.34000000,102318.04000000,102712.34000000,353.70287000
2025-06-22 10:00:00,102712.34000000,102804.05000000,102080.00000000,102199.99000000,564.45970000
2025-06-22 11:00:00,102199.99000000,102532.44000000,102150.00000000,102495.69000000,394.55689000
2025-06-22 12:00:00,102495.68000000,102760.50000000,102428.69000000,102739.48000000,488.58739000
2025-06-22 13:00:00,102739.47000000,102831.00000000,102584.36000000,102759.98000000,502.02446000
2025-06-22 14:00:00,102759.97000000,102810.28000000,100268.75000000,100865.66000000,3718.17394000
2025-06-22 15:00:00,100865.66000000,101239.06000000,99066.36000000,99628.28000000,5962.78508000
2025-06-22 16:00:00,99628.29000000,99826.34000000,98889.35000000,98906.21000000,2239.60197000
2025-06-22 17:00:00,98906.21000000,99689.66000000,98673.66000000,99667.17000000,1941.29236000
2025-06-22 18:00:00,99667.17000000,100380.00000000,99407.98000000,99480.00000000,1314.03627000
2025-06-22 19:00:00,99480.01000000,99777.61000000,99350.34000000,99437.42000000,497.41061000
2025-06-22 20:00:00,99437.42000000,99453.75000000,98800.00000000,98882.84000000,666.66278000
2025-06-22 21:00:00,98882.85000000,99760.00000000,98200.00000000,99536.00000000,1553.47813000
2025-06-22 22:00:00,99536.00000000,99667.01000000,99004.72000000,99173.83000000,581.67969000
2025-06-22 23:00:00,99173.83000000,100980.06000000,99140.00000000,100980.05000000,1447.49104000
2025-06-23 00:00:00,100980.05000000,101034.65000000,100645.88000000,100963.87000000,698.82763000
2025-06-23 01:00:00,100963.87000000,101620.00000000,100494.25000000,100904.60000000,1456.49465000
2025-06-23 02:00:00,100904.60000000,101109.87000000,100564.19000000,101101.64000000,510.13988000
2025-06-23 03:00:00,101101.65000000,101399.37000000,100930.20000000,101301.20000000,558.46691000
2025-06-23 04:00:00,101301.20000000,101370.68000000,101073.32000000,101154.14000000,405.12210000
2025-06-23 05:00:00,101154.13000000,101314.46000000,100980.00000000,101167.99000000,476.00651000
2025-06-23 06:00:00,101168.00000000,101890.00000000,101167.99000000,101771.02000000,654.30154000
2025-06-23 07:00:00,101771.01000000,102064.69000000,101645.47000000,101940.27000000,858.16211000
2025-06-23 08:00:00,101940.28000000,102137.00000000,101748.31000000,101931.04000000,520.59927000
2025-06-23 09:00:00,101931.04000000,102080.00000000,101746.61000000,101881.37000000,611.15349000
2025-06-23 10:00:00,101881.38000000,101881.38000000,101389.09000000,101567.66000000,744.83165000
2025-06-23 11:00:00,101567.66000000,101577.01000000,101198.68000000,101463.21000000,457.66095000
2025-06-23 12:00:00,101463.22000000,101562.19000000,101102.76000000,101289.01000000,713.87442000
2025-06-23 13:00:00,101289.00000000,101684.70000000,101112.06000000,101684.70000000,534.10819000
2025-06-23 14:00:00,101684.70000000,102480.06000000,100792.16000000,102354.14000000,1686.21308000
2025-06-23 15:00:00,102354.15000000,102613.09000000,101496.00000000,101624.39000000,1515.43225000
2025-06-23 16:00:00,101624.39000000,102060.25000000,101301.20000000,101420.70000000,715.91148000
2025-06-23 17:00:00,101420.71000000,101453.35000000,99613.33000000,100692.10000000,2500.92801000
2025-06-23 18:00:00,100692.10000000,102690.00000000,100500.22000000,102484.02000000,2504.13624000
2025-06-23 19:00:00,102484.02000000,103300.00000000,102387.72000000,102933.78000000,1726.17080000
2025-06-23 20:00:00,102933.77000000,103230.76000000,102676.94000000,103161.29000000,765.13745000
2025-06-23 21:00:00,103161.30000000,103915.50000000,102880.00000000,103739.99000000,1393.77246000
2025-06-23 22:00:00,103740.00000000,104214.28000000,103624.19000000,103705.52000000,1054.87886000
2025-06-23 23:00:00,103705.52000000,106074.20000000,103697.06000000,105538.19000000,4047.63551000
2025-06-24 00:00:00,105538.17000000,105665.05000000,105115.65000000,105333.93000000,1255.36828000
2025-06-24 01:00:00,105333.94000000,105500.00000000,104909.69000000,105132.59000000,875.43152000
2025-06-24 02:00:00,105132.59000000,105499.99000000,104966.99000000,105450.76000000,601.29109000
2025-06-24 03:00:00,105450.75000000,105450.75000000,104729.69000000,104753.80000000,857.70174000
2025-06-24 04:00:00,104753.80000000,105127.94000000,104720.82000000,104919.60000000,547.71821000
2025-06-24 05:00:00,104919.60000000,104959.24000000,104704.91000000,104826.14000000,328.91534000
2025-06-24 06:00:00,104826.13000000,105426.48000000,104826.13000000,105396.54000000,800.95842000
2025-06-24 07:00:00,105396.54000000,105811.00000000,105244.84000000,105655.23000000,1003.25722000
2025-06-24 08:00:00,105655.23000000,105777.00000000,104900.00000000,104933.74000000,1025.84889000
2025-06-24 09:00:00,104933.74000000,105167.24000000,104622.02000000,104996.77000000,869.69249000
2025-06-24 10:00:00,104996.78000000,105571.40000000,104968.25000000,105198.98000000,541.75908000
2025-06-24 11:00:00,105198.99000000,105351.00000000,105069.23000000,105281.99000000,340.65394000
2025-06-24 12:00:00,105281.98000000,105428.03000000,105001.60000000,105170.00000000,464.75889000
2025-06-24 13:00:00,105169.99000000,105306.54000000,104968.43000000,105205.47000000,430.49812000
2025-06-24 14:00:00,105205.47000000,105390.27000000,104800.98000000,105065.44000000,899.11622000
2025-06-24 15:00:00,105065.45000000,105665.52000000,104950.80000000,105517.50000000,910.70771000
2025-06-24 16:00:00,105517.50000000,105731.92000000,105153.01000000,105244.73000000,693.40867000
2025-06-24 17:00:00,105244.72000000,106268.00000000,105172.64000000,106225.26000000,1025.54114000
2025-06-24 18:00:00,106225.25000000,106290.00000000,105609.80000000,106046.69000000,688.95518000
2025-06-24 19:00:00,106046.69000000,106088.96000000,105523.80000000,105533.73000000,334.55603000
2025-06-24 20:00:00,105533.73000000,105677.82000000,105270.48000000,105643.19000000,317.34852000
2025-06-24 21:00:00,105643.20000000,106098.00000000,105435.45000000,106087.30000000,303.16490000
2025-06-24 22:00:00,106087.30000000,106119.11000000,105729.95000000,105989.05000000,323.30084000
2025-06-24 23:00:00,105989.04000000,106025.92000000,105734.38000000,106025.39000000,215.34353000
2025-06-25 00:00:00,106025.39000000,106083.00000000,105774.90000000,106083.00000000,251.76566000
2025-06-25 01:00:00,106083.00000000,106470.21000000,105808.03000000,106407.34000000,592.29341000
2025-06-25 02:00:00,106407.34000000,106616.01000000,106016.00000000,106387.43000000,631.33414000
2025-06-25 03:00:00,106387.42000000,106791.18000000,106300.00000000,106474.58000000,835.01863000
2025-06-25 04:00:00,106474.58000000,106599.90000000,106216.62000000,106232.01000000,326.44832000
2025-06-25 05:00:00,106232.01000000,106308.89000000,106001.00000000,106197.56000000,412.73706000
2025-06-25 06:00:00,106197.55000000,106396.61000000,106037.14000000,106213.72000000,356.85468000
2025-06-25 07:00:00,106213.72000000,106461.04000000,106125.05000000,106399.99000000,265.13494000
2025-06-25 08:00:00,106400.00000000,106702.00000000,106321.25000000,106600.01000000,282.89666000
2025-06-25 09:00:00,106600.00000000,106663.24000000,106343.13000000,106635.76000000,311.52266000
2025-06-25 10:00:00,106635.76000000,106971.91000000,106449.61000000,106628.06000000,622.78256000
2025-06-25 11:00:00,106628.05000000,107184.68000000,106567.38000000,107126.49000000,814.12848000
2025-06-25 12:00:00,107126.50000000,107237.44000000,106866.90000000,107198.02000000,524.38199000
2025-06-25 13:00:00,107198.02000000,107300.00000000,106927.80000000,107240.00000000,638.76405000
2025-06-25 14:00:00,107240.00000000,108130.24000000,107172.87000000,107923.21000000,2185.64353000
2025-06-25 15:00:00,107923.22000000,108135.30000000,107226.94000000,107629.59000000,2426.55627000
2025-06-25 16:00:00,107629.58000000,107638.00000000,106752.36000000,107028.00000000,2246.03929000
2025-06-25 17:00:00,107027.99000000,107490.75000000,106989.03000000,107139.81000000,647.37905000
2025-06-25 18:00:00,107139.81000000,107529.35000000,106931.00000000,107402.53000000,416.20530000
2025-06-25 19:00:00,107402.54000000,107523.90000000,107177.52000000,107406.63000000,346.45173000
2025-06-25 20:00:00,107406.62000000,107905.37000000,107394.97000000,107761.68000000,699.65838000
2025-06-25 21:00:00,107761.67000000,107859.33000000,107500.00000000,107781.20000000,280.92154000
2025-06-25 22:00:00,107781.20000000,108000.00000000,107444.57000000,107569.67000000,358.92205000
2025-06-25 23:00:00,107569.67000000,107569.68000000,107215.00000000,107275.01000000,222.01581000
2025-06-26 00:00:00,107275.01000000,107375.01000000,107079.90000000,107340.58000000,257.06498000
2025-06-26 01:00:00,107340.59000000,107623.52000000,107252.21000000,107320.00000000,388.09743000
2025-06-26 02:00:00,107320.00000000,107900.00000000,107105.43000000,107638.01000000,438.80690000
2025-06-26 03:00:00,107638.01000000,108039.05000000,107562.40000000,107920.47000000,511.55605000
2025-06-26 04:00:00,107920.47000000,108272.45000000,107783.69000000,107853.79000000,558.37668000
2025-06-26 05:00:00,107853.79000000,107953.27000000,107692.64000000,107845.41000000,326.06452000
2025-06-26 06:00:00,107845.40000000,107845.40000000,107520.00000000,107632.09000000,213.13550000
2025-06-26 07:00:00,107632.09000000,107813.57000000,107553.11000000,107761.50000000,239.49288000
2025-06-26 08:00:00,107761.50000000,108085.92000000,107751.30000000,107813.99000000,512.12581000
2025-06-26 09:00:00,107813.99000000,108174.86000000,107709.38000000,107753.07000000,504.11053000
2025-06-26 10:00:00,107753.07000000,107786.53000000,107275.63000000,107325.12000000,744.20067000
2025-06-26 11:00:00,107325.13000000,107468.94000000,107240.00000000,107389.01000000,348.76501000
2025-06-26 12:00:00,107389.00000000,107403.02000000,107117.65000000,107325.41000000,413.36685000
2025-06-26 13:00:00,107325.42000000,107421.57000000,107033.33000000,107122.48000000,385.28934000
2025-06-26 14:00:00,107122.47000000,107348.52000000,106817.64000000,106960.01000000,798.08785000
2025-06-26 15:00:00,106960.01000000,107765.55000000,106884.31000000,107436.60000000,711.91004000
2025-06-26 16:00:00,107436.60000000,107515.50000000,106562.50000000,107313.60000000,727.84181000
2025-06-26 17:00:00,107313.61000000,107410.94000000,107009.28000000,107196.05000000,326.30789000
2025-06-26 18:00:00,107196.06000000,107442.84000000,107145.38000000,107192.99000000,275.62731000
2025-06-26 19:00:00,107192.99000000,107580.00000000,107137.03000000,107384.10000000,289.91325000
2025-06-26 20:00:00,107384.11000000,107669.74000000,107328.00000000,107532.98000000,360.79815000
2025-06-26 21:00:00,107532.97000000,108000.00000000,107451.95000000,107766.29000000,497.91662000
2025-06-26 22:00:00,107766.30000000,107799.99000000,106850.00000000,107029.60000000,462.11523000
2025-06-26 23:00:00,107029.59000000,107235.29000000,106961.94000000,106992.59000000,243.89497000
2025-06-27 00:00:00,106992.59000000,107063.05000000,106865.56000000,106947.06000000,295.47150000
2025-06-27 01:00:00,106947.06000000,107179.80000000,106650.26000000,106675.22000000,332.61058000
2025-06-27 02:00:00,106675.21000000,107229.95000000,106438.33000000,107122.81000000,490.44969000
2025-06-27 03:00:00,107122.80000000,107300.00000000,107062.42000000,107253.60000000,277.33130000
2025-06-27 04:00:00,107253.59000000,107515.28000000,107168.79000000,107477.76000000,371.91271000
2025-06-27 05:00:00,107477.76000000,107568.68000000,107360.65000000,107497.06000000,282.76941000
2025-06-27 06:00:00,107497.07000000,107550.00000000,107267.73000000,107267.74000000,285.13466000
2025-06-27 07:00:00,107267.73000000,107385.24000000,107202.67000000,107278.82000000,187.40893000
2025-06-27 08:00:00,107278.82000000,107735.34000000,106850.00000000,106869.71000000,1190.74662000
2025-06-27 09:00:00,106869.72000000,107087.85000000,106679.98000000,106998.53000000,756.49658000
2025-06-27 10:00:00,106998.54000000,107137.64000000,106786.47000000,107083.80000000,1011.48795000
2025-06-27 11:00:00,107083.81000000,107159.95000000,106953.02000000,106995.32000000,328.42336000
2025-06-27 12:00:00,106995.33000000,107147.83000000,106921.66000000,106983.60000000,221.66755000
2025-06-27 13:00:00,106983.60000000,107200.00000000,106601.64000000,106692.90000000,489.40703000
2025-06-27 14:00:00,106692.89000000,106982.40000000,106356.76000000,106820.99000000,613.57127000
2025-06-27 15:00:00,106821.00000000,107105.43000000,106370.44000000,106557.79000000,2106.24243000
2025-06-27 16:00:00,106557.79000000,107407.14000000,106485.37000000,107308.25000000,495.30793000
2025-06-27 17:00:00,107308.25000000,107709.22000000,107094.03000000,107480.10000000,678.72532000
2025-06-27 18:00:00,107480.10000000,107497.16000000,106477.34000000,106875.75000000,501.23090000
2025-06-27 19:00:00,106875.75000000,107000.00000000,106446.45000000,106704.60000000,440.83658000
2025-06-27 20:00:00,106704.60000000,107020.66000000,106594.10000000,106801.02000000,366.69076000
2025-06-27 21:00:00,106801.02000000,107130.36000000,106794.33000000,107119.50000000,254.52948000
2025-06-27 22:00:00,107119.50000000,107277.99000000,107038.54000000,107052.01000000,231.16317000
2025-06-27 23:00:00,107052.01000000,107190.21000000,107052.01000000,107100.70000000,148.83751000
2025-06-28 00:00:00,107100.70000000,107171.23000000,106961.70000000,107047.59000000,169.45870000
2025-06-28 01:00:00,107047.58000000,107176.68000000,106847.59000000,107064.19000000,284.90876000
2025-06-28 02:00:00,107064.20000000,107129.33000000,106811.51000000,107066.19000000,193.38505000
2025-06-28 03:00:00,107066.19000000,107200.00000000,107015.70000000,107110.00000000,154.46239000
2025-06-28 04:00:00,107110.01000000,107347.10000000,107080.27000000,107300.13000000,142.29084000
2025-06-28 05:00:00,107300.13000000,107310.90000000,107183.29000000,107191.19000000,92.66137000
2025-06-28 06:00:00,107191.20000000,107317.00000000,107185.32000000,107294.80000000,127.55204000
2025-06-28 07:00:00,107294.81000000,107449.07000000,107294.80000000,107412.07000000,119.62237000
2025-06-28 08:00:00,107412.07000000,107496.12000000,107400.68000000,107485.00000000,157.78581000
2025-06-28 09:00:00,107485.01000000,107493.07000000,107347.85000000,107379.99000000,100.63716000
2025-06-28 10:00:00,107380.00000000,107380.00000000,107275.00000000,107307.99000000,109.33753000
2025-06-28 11:00:00,107308.00000000,107376.89000000,107252.60000000,107274.41000000,117.47879000
2025-06-28 12:00:00,107274.41000000,107373.40000000,107270.37000000,107373.39000000,88.84492000
2025-06-28 13:00:00,107373.39000000,107373.40000000,107292.44000000,107341.34000000,109.02275000
2025-06-28 14:00:00,107341.34000000,107354.82000000,107084.15000000,107101.78000000,222.67132000
2025-06-28 15:00:00,107101.79000000,107258.35000000,107101.78000000,107204.80000000,128.87426000
2025-06-28 16:00:00,107204.81000000,107577.75000000,107190.21000000,107449.28000000,254.30559000
2025-06-28 17:00:00,107449.28000000,107520.32000000,107253.22000000,107295.84000000,215.26558000
2025-06-28 18:00:00,107295.85000000,107542.50000000,107295.13000000,107465.12000000,116.29548000
2025-06-28 19:00:00,107465.13000000,107465.13000000,107260.64000000,107318.00000000,97.82363000
2025-06-28 20:00:00,107318.00000000,107339.38000000,107225.74000000,107225.74000000,69.70492000
2025-06-28 21:00:00,107225.74000000,107235.40000000,107154.62000000,107169.52000000,80.40679000
2025-06-28 22:00:00,107169.52000000,107347.65000000,107169.52000000,107331.38000000,82.17435000
2025-06-28 23:00:00,107331.37000000,107378.37000000,107257.09000000,107370.61000000,141.59714000
2025-06-29 00:00:00,107370.61000000,107370.62000000,107282.72000000,107296.79000000,75.06468000
2025-06-29 01:00:00,107296.79000000,107500.00000000,107254.16000000,107475.92000000,216.23676000
2025-06-29 02:00:00,107475.91000000,107475.92000000,107310.53000000,107311.00000000,101.25733000
2025-06-29 03:00:00,107311.00000000,107355.06000000,107172.52000000,107307.48000000,143.34108000
2025-06-29 04:00:00,107307.47000000,107307.48000000,107189.86000000,107210.78000000,73.19936000
2025-06-29 05:00:00,107210.78000000,107272.77000000,107210.77000000,107264.15000000,55.66311000
2025-06-29 06:00:00,107264.16000000,107310.00000000,107205.82000000,107309.99000000,65.97827000
2025-06-29 07:00:00,107310.00000000,107385.92000000,107309.99000000,107376.95000000,104.83230000
2025-06-29 08:00:00,107376.96000000,107402.18000000,107330.00000000,107402.18000000,114.10295000
2025-06-29 09:00:00,107402.17000000,107719.58000000,107402.17000000,107693.85000000,317.48769000
2025-06-29 10:00:00,107693.85000000,107972.74000000,107627.49000000,107891.64000000,417.03479000
2025-06-29 11:00:00,107891.64000000,108297.89000000,107849.61000000,108153.26000000,789.94745000
2025-06-29 12:00:00,108153.25000000,108484.00000000,108096.56000000,108477.11000000,464.45774000
2025-06-29 13:00:00,108477.12000000,108528.50000000,108033.00000000,108189.88000000,374.42570000
2025-06-29 14:00:00,108189.88000000,108228.28000000,108012.82000000,108051.52000000,254.59705000
2025-06-29 15:00:00,108051.53000000,108215.12000000,107777.77000000,107948.08000000,346.17479000
2025-06-29 16:00:00,107948.07000000,108034.13000000,107650.00000000,107750.72000000,345.26140000
2025-06-29 17:00:00,107750.72000000,107792.05000000,107320.00000000,107552.03000000,545.10349000
2025-06-29 18:00:00,107552.03000000,107592.17000000,107316.46000000,107544.44000000,341.27998000
2025-06-29 19:00:00,107544.44000000,107718.02000000,107445.40000000,107640.01000000,195.17898000
2025-06-29 20:00:00,107640.01000000,107640.01000000,107365.96000000,107406.81000000,106.96705000
2025-06-29 21:00:00,107406.80000000,107494.06000000,107359.78000000,107359.79000000,127.90868000
2025-06-29 22:00:00,107359.79000000,107734.59000000,107250.00000000,107543.48000000,254.81614000
2025-06-29 23:00:00,107543.48000000,108277.23000000,107543.48000000,108079.90000000,562.58019000
2025-06-30 00:00:00,108079.91000000,108436.47000000,108013.28000000,108356.93000000,513.90412000
2025-06-30 01:00:00,108356.93000000,108789.99000000,108255.81000000,108713.81000000,695.19445000
2025-06-30 02:00:00,108713.80000000,108770.00000000,108396.18000000,108493.93000000,354.63098000
2025-06-30 03:00:00,108493.92000000,108652.00000000,108445.01000000,108479.81000000,283.70170000
2025-06-30 04:00:00,108479.99000000,108580.00000000,108419.56000000,108503.74000000,230.64114000
2025-06-30 05:00:00,108503.74000000,108538.76000000,108301.60000000,108314.99000000,265.01430000
2025-06-30 06:00:00,108314.98000000,108380.00000000,108168.48000000,108280.65000000,230.27709000
2025-06-30 07:00:00,108280.66000000,108299.99000000,107518.88000000,107571.72000000,588.67050000
2025-06-30 08:00:00,107571.73000000,107746.13000000,107481.31000000,107614.08000000,497.31364000
2025-06-30 09:00:00,107614.07000000,107747.76000000,107459.00000000,107512.89000000,368.67900000
2025-06-30 10:00:00,107512.89000000,107704.98000000,107466.18000000,107478.77000000,269.13675000
2025-06-30 11:00:00,107478.78000000,107649.50000000,107400.00000000,107649.49000000,263.79321000
2025-06-30 12:00:00,107649.50000000,107964.33000000,107624.99000000,107654.20000000,340.59546000
2025-06-30 13:00:00,107654.21000000,107824.31000000,107561.16000000,107570.58000000,362.20383000
2025-06-30 14:00:00,107570.59000000,107858.79000000,107482.56000000,107525.49000000,546.11194000
2025-06-30 15:00:00,107525.49000000,107641.31000000,106777.77000000,106803.32000000,1166.01856000
2025-06-30 16:00:00,106803.32000000,107796.20000000,106733.33000000,107580.46000000,905.70004000
2025-06-30 17:00:00,107580.47000000,107807.94000000,107281.50000000,107599.96000000,413.06794000
2025-06-30 18:00:00,107599.96000000,107792.99000000,107429.39000000,107462.94000000,346.53424000
2025-06-30 19:00:00,107462.95000000,107614.90000000,107116.40000000,107242.01000000,230.18635000
2025-06-30 20:00:00,107242.00000000,107794.19000000,107212.60000000,107745.97000000,325.03838000
2025-06-30 21:00:00,107745.97000000,107764.73000000,107480.00000000,107577.89000000,187.16819000
2025-06-30 22:00:00,107577.88000000,107589.00000000,106900.02000000,107130.81000000,441.72872000
2025-06-30 23:00:00,107130.80000000,107317.53000000,107029.64000000,107112.75000000,203.26500000
2025-07-01 00:00:00,107112.76000000,107232.59000000,107063.04000000,107146.50000000,239.45350000
2025-07-01 01:00:00,107146.51000000,107449.25000000,107026.93000000,107377.02000000,253.62802000
2025-07-01 02:00:00,107377.03000000,107540.00000000,107171.42000000,107220.00000000,219.64653000
2025-07-01 03:00:00,107220.00000000,107410.74000000,107097.87000000,107101.69000000,207.06087000
2025-07-01 04:00:00,107101.68000000,107223.00000000,107070.20000000,107192.38000000,293.12458000
2025-07-01 05:00:00,107192.39000000,107203.11000000,106867.43000000,106881.60000000,261.75371000
2025-07-01 06:00:00,106881.60000000,106967.76000000,106740.00000000,106932.49000000,402.48733000
2025-07-01 07:00:00,106932.49000000,106932.49000000,106758.24000000,106890.77000000,167.32269000
2025-07-01 08:00:00,106890.77000000,107178.99000000,106615.97000000,107178.99000000,436.41463000
2025-07-01 09:00:00,107178.99000000,107178.99000000,106681.52000000,106710.12000000,282.35131000
2025-07-01 10:00:00,106710.12000000,106794.09000000,106500.00000000,106556.39000000,389.14535000
2025-07-01 11:00:00,106556.39000000,106633.31000000,106301.86000000,106490.42000000,468.88764000
2025-07-01 12:00:00,106490.42000000,106622.05000000,106317.17000000,106605.80000000,294.43204000
2025-07-01 13:00:00,106605.79000000,106706.05000000,106365.24000000,106421.08000000,284.29339000
2025-07-01 14:00:00,106421.07000000,106885.38000000,106301.04000000,106807.42000000,1241.43566000
2025-07-01 15:00:00,106807.43000000,107179.99000000,105717.84000000,105925.00000000,1572.86174000
2025-07-01 16:00:00,105925.01000000,106200.00000000,105623.39000000,105955.18000000,876.10488000
2025-07-01 17:00:00,105955.19000000,106280.00000000,105831.50000000,106082.56000000,343.73692000
2025-07-01 18:00:00,106082.55000000,106287.95000000,105909.42000000,106253.79000000,279.69821000
2025-07-01 19:00:00,106253.80000000,106269.60000000,105699.22000000,105749.68000000,412.70793000
2025-07-01 20:00:00,105749.68000000,105804.00000000,105387.68000000,105398.53000000,654.75967000
2025-07-01 21:00:00,105398.52000000,105995.44000000,105250.85000000,105920.01000000,431.58675000
2025-07-01 22:00:00,105920.01000000,106100.00000000,105744.81000000,105784.13000000,231.93599000
2025-07-01 23:00:00,105784.12000000,105916.64000000,105600.00000000,105613.22000000,253.74950000
2025-07-02 00:00:00,105613.21000000,105702.39000000,105361.33000000,105681.14000000,246.49903000
2025-07-02 01:00:00,105681.13000000,105781.43000000,105377.35000000,105392.30000000,239.30387000
2025-07-02 02:00:00,105392.30000000,105790.07000000,105100.19000000,105720.00000000,517.94641000
2025-07-02 03:00:00,105720.00000000,105920.11000000,105525.61000000,105908.70000000,333.47913000
2025-07-02 04:00:00,105908.71000000,106216.08000000,105871.07000000,106194.70000000,362.91292000
2025-07-02 05:00:00,106194.70000000,106382.86000000,106131.55000000,106382.86000000,339.23333000
2025-07-02 06:00:00,106382.85000000,106667.57000000,106292.29000000,106638.83000000,395.18675000
2025-07-02 07:00:00,106638.83000000,107014.39000000,106633.83000000,107014.38000000,611.77648000
2025-07-02 08:00:00,107014.39000000,107186.78000000,106852.83000000,107080.00000000,557.31452000
2025-07-02 09:00:00,107080.00000000,107745.00000000,107080.00000000,107728.99000000,802.78861000
2025-07-02 10:00:00,107729.00000000,107799.99000000,107506.52000000,107636.16000000,388.44355000
2025-07-02 11:00:00,107636.15000000,107860.23000000,107612.67000000,107848.95000000,442.39670000
2025-07-02 12:00:00,107848.95000000,107848.96000000,107338.15000000,107479.99000000,514.05194000
2025-07-02 13:00:00,107479.98000000,107479.99000000,107186.10000000,107379.92000000,371.85695000
2025-07-02 14:00:00,107379.92000000,107998.00000000,107280.00000000,107768.20000000,587.51111000
2025-07-02 15:00:00,107768.21000000,108171.80000000,107659.35000000,108139.99000000,937.16142000
2025-07-02 16:00:00,108140.00000000,108759.20000000,108120.00000000,108737.74000000,1330.61173000
2025-07-02 17:00:00,108737.75000000,109646.45000000,108650.97000000,109413.02000000,2695.11586000
2025-07-02 18:00:00,109413.01000000,109730.00000000,108834.30000000,109129.67000000,1117.75624000
2025-07-02 19:00:00,109129.68000000,109538.89000000,108989.90000000,109538.88000000,522.88486000
2025-07-02 20:00:00,109538.88000000,109681.81000000,109293.90000000,109676.14000000,1320.35211000
2025-07-02 21:00:00,109676.14000000,109676.14000000,109128.72000000,109136.30000000,575.18566000
2025-07-02 22:00:00,109136.31000000,109542.31000000,109130.01000000,109441.80000000,1281.72086000
2025-07-02 23:00:00,109441.79000000,109498.91000000,109100.57000000,109142.00000000,673.30761000
2025-07-03 00:00:00,109142.00000000,109170.42000000,108720.00000000,108849.60000000,773.59730000
2025-07-03 01:00:00,108849.59000000,109115.03000000,108715.56000000,108915.00000000,494.29688000
2025-07-03 02:00:00,108915.00000000,109111.00000000,108807.43000000,108975.97000000,383.58580000
2025-07-03 03:00:00,108975.96000000,108975.97000000,108530.40000000,108721.52000000,335.42231000
2025-07-03 04:00:00,108721.52000000,108820.00000000,108620.25000000,108628.21000000,226.69063000
2025-07-03 05:00:00,108628.20000000,109000.01000000,108566.14000000,108790.00000000,293.13317000
2025-07-03 06:00:00,108790.00000000,109381.12000000,108790.00000000,109340.37000000,452.51528000
2025-07-03 07:00:00,109340.37000000,109548.00000000,109237.85000000,109478.94000000,372.89912000
2025-07-03 08:00:00,109478.95000000,109478.95000000,109146.20000000,109280.00000000,442.04211000
2025-07-03 09:00:00,109279.99000000,109580.00000000,109279.99000000,109377.57000000,557.97387000
2025-07-03 10:00:00,109377.57000000,110273.21000000,109377.57000000,109942.20000000,1791.81347000
2025-07-03 11:00:00,109942.19000000,110000.00000000,109628.08000000,109839.37000000,644.21123000
2025-07-03 12:00:00,109839.38000000,109839.38000000,109584.61000000,109599.19000000,255.55023000
2025-07-03 13:00:00,109599.18000000,109916.00000000,108749.99000000,109167.99000000,1102.71213000
2025-07-03 14:00:00,109168.00000000,110529.18000000,109133.30000000,110255.63000000,1445.48707000
2025-07-03 15:00:00,110255.64000000,110499.60000000,109560.00000000,109718.57000000,999.03383000
2025-07-03 16:00:00,109718.57000000,109833.30000000,109107.00000000,109127.84000000,654.49287000
2025-07-03 17:00:00,109127.85000000,109683.19000000,109020.80000000,109288.46000000,584.75038000
2025-07-03 18:00:00,109288.47000000,109655.70000000,109278.41000000,109556.00000000,410.71077000
2025-07-03 19:00:00,109556.00000000,109721.51000000,109332.10000000,109678.75000000,284.97474000
2025-07-03 20:00:00,109678.75000000,109910.10000000,109638.01000000,109803.41000000,408.00794000
2025-07-03 21:00:00,109803.41000000,109947.11000000,109772.37000000,109947.11000000,187.94195000
2025-07-03 22:00:00,109947.10000000,110000.00000000,109687.59000000,109788.00000000,261.66349000
2025-07-03 23:00:00,109787.99000000,109874.69000000,109650.94000000,109699.17000000,195.20120000
2025-07-04 00:00:00,109699.17000000,109820.00000000,109510.00000000,109584.78000000,261.97178000
2025-07-04 01:00:00,109584.77000000,109708.04000000,109384.38000000,109478.94000000,234.74780000
2025-07-04 02:00:00,109478.94000000,109767.59000000,109445.86000000,109500.01000000,208.55945000
2025-07-04 03:00:00,109500.01000000,109500.01000000,109103.71000000,109180.54000000,302.62270000
2025-07-04 04:00:00,109180.54000000,109373.08000000,109119.23000000,109235.57000000,256.79241000
2025-07-04 05:00:00,109235.58000000,109329.60000000,108950.00000000,108982.59000000,364.12630000
2025-07-04 06:00:00,108982.59000000,109204.08000000,108921.00000000,109012.00000000,345.38756000
2025-07-04 07:00:00,109012.00000000,109028.98000000,108804.00000000,109025.99000000,279.91071000
2025-07-04 08:00:00,109026.00000000,109144.33000000,108700.00000000,108700.00000000,619.63648000
2025-07-04 09:00:00,108700.00000000,108892.00000000,108518.83000000,108763.28000000,397.51798000
2025-07-04 10:00:00,108763.29000000,109070.00000000,108763.28000000,108997.59000000,290.69348000
2025-07-04 11:00:00,108997.60000000,109067.06000000,108865.38000000,108899.74000000,212.83251000
2025-07-04 12:00:00,108899.73000000,109111.00000000,108856.00000000,108888.00000000,185.34724000
2025-07-04 13:00:00,108888.00000000,108978.64000000,108611.53000000,108731.79000000,244.59870000
2025-07-04 14:00:00,108731.80000000,108856.49000000,107970.22000000,107970.23000000,953.81709000
2025-07-04 15:00:00,107970.22000000,108110.75000000,107505.00000000,107810.00000000,1361.93370000
2025-07-04 16:00:00,107809.99000000,107939.03000000,107573.28000000,107573.29000000,1055.73997000
2025-07-04 17:00:00,107573.29000000,107750.01000000,107333.33000000,107636.98000000,1414.51590000
2025-07-04 18:00:00,107636.99000000,107922.50000000,107632.00000000,107875.37000000,364.43679000
2025-07-04 19:00:00,107875.37000000,107875.37000000,107489.23000000,107489.23000000,990.63968000
2025-07-04 20:00:00,107489.23000000,107637.84000000,107245.00000000,107469.23000000,662.11075000
2025-07-04 21:00:00,107469.22000000,107813.04000000,107440.63000000,107692.01000000,228.63195000
2025-07-04 22:00:00,107692.01000000,107941.99000000,107689.91000000,107911.20000000,255.84136000
2025-07-04 23:00:00,107911.19000000,108279.33000000,107886.84000000,108254.95000000,374.41630000
2025-07-05 00:00:00,108254.95000000,108254.96000000,107958.00000000,107984.24000000,189.00934000
2025-07-05 01:00:00,107984.25000000,108224.56000000,107955.07000000,108196.01000000,182.76266000
2025-07-05 02:00:00,108196.00000000,108196.01000000,107894.61000000,107981.13000000,148.43092000
2025-07-05 03:00:00,107981.14000000,108095.59000000,107756.31000000,108067.87000000,246.24667000
2025-07-05 04:00:00,108067.88000000,108259.99000000,108067.87000000,108154.72000000,189.19760000
2025-07-05 05:00:00,108154.72000000,108420.56000000,108032.00000000,108137.66000000,171.53463000
2025-07-05 06:00:00,108137.65000000,108166.31000000,108000.00000000,108125.63000000,147.73340000
2025-07-05 07:00:00,108125.63000000,108287.48000000,108059.71000000,108270.82000000,183.20807000
2025-07-05 08:00:00,108270.82000000,108270.82000000,108000.99000000,108053.46000000,157.65432000
2025-07-05 09:00:00,108053.46000000,108125.37000000,107922.80000000,108029.97000000,140.43625000
2025-07-05 10:00:00,108029.96000000,108123.62000000,107870.42000000,108078.06000000,184.41899000
2025-07-05 11:00:00,108078.07000000,108216.22000000,108053.30000000,108085.23000000,189.72643000
2025-07-05 12:00:00,108085.24000000,108219.19000000,108085.23000000,108112.21000000,160.79807000
2025-07-05 13:00:00,108112.20000000,108152.95000000,107971.00000000,108148.57000000,94.22384000
2025-07-05 14:00:00,108148.56000000,108232.29000000,108100.44000000,108125.99000000,170.43426000
2025-07-05 15:00:00,108126.00000000,108223.22000000,108103.84000000,108193.23000000,140.40955000
2025-07-05 16:00:00,108193.23000000,108193.24000000,108047.42000000,108058.00000000,159.40315000
2025-07-05 17:00:00,108058.00000000,108112.80000000,107864.75000000,108101.99000000,216.80310000
2025-07-05 18:00:00,108101.99000000,108159.00000000,107941.00000000,108090.08000000,128.19149000
2025-07-05 19:00:00,108090.08000000,108098.00000000,107965.51000000,108010.00000000,120.94520000
2025-07-05 20:00:00,108010.01000000,108167.23000000,107953.03000000,108141.78000000,120.25631000
2025-07-05 21:00:00,108141.78000000,108159.39000000,107993.39000000,108096.75000000,99.85777000
2025-07-05 22:00:00,108096.74000000,108140.00000000,108061.53000000,108090.00000000,83.77406000
2025-07-05 23:00:00,108089.99000000,108200.00000000,108048.25000000,108188.47000000,91.98951000
2025-07-06 00:00:00,108188.46000000,108250.00000000,108181.61000000,108198.12000000,208.53945000
2025-07-06 01:00:00,108198.12000000,108250.00000000,108112.96000000,108206.99000000,89.82019000
2025-07-06 02:00:00,108206.99000000,108218.25000000,108084.92000000,108218.25000000,95.82235000
2025-07-06 03:00:00,108218.25000000,108268.35000000,108060.02000000,108060.02000000,133.80239000
2025-07-06 04:00:00,108060.00000000,108100.00000000,108025.97000000,108050.49000000,77.80971000
2025-07-06 05:00:00,108050.49000000,108100.00000000,107930.45000000,107989.11000000,116.90310000
2025-07-06 06:00:00,107989.10000000,108010.13000000,107962.19000000,108003.35000000,83.81175000
2025-07-06 07:00:00,108003.36000000,108218.00000000,107977.70000000,108121.98000000,156.92717000
2025-07-06 08:00:00,108121.99000000,108194.59000000,108040.17000000,108040.31000000,140.25482000
2025-07-06 09:00:00,108040.31000000,108065.69000000,107969.31000000,108005.27000000,238.55538000
2025-07-06 10:00:00,108005.27000000,108056.01000000,107817.80000000,107850.01000000,198.30154000
2025-07-06 11:00:00,107850.00000000,108111.00000000,107800.01000000,107990.93000000,218.41123000
2025-07-06 12:00:00,107990.93000000,108079.17000000,107949.99000000,108076.01000000,85.72788000
2025-07-06 13:00:00,108076.00000000,108233.00000000,108045.76000000,108232.99000000,204.94128000
2025-07-06 14:00:00,108233.00000000,109127.03000000,108191.85000000,108772.17000000,934.17809000
2025-07-06 15:00:00,108772.18000000,109049.27000000,108612.00000000,108933.25000000,560.71245000
2025-07-06 16:00:00,108933.25000000,109000.12000000,108665.86000000,108905.99000000,493.52424000
2025-07-06 17:00:00,108906.00000000,108955.63000000,108708.00000000,108856.92000000,239.51721000
2025-07-06 18:00:00,108856.92000000,108966.62000000,108727.16000000,108919.22000000,143.19416000
2025-07-06 19:00:00,108919.23000000,108928.00000000,108266.67000000,108463.99000000,356.56585000
2025-07-06 20:00:00,108464.00000000,108630.95000000,108307.69000000,108538.46000000,182.73112000
2025-07-06 21:00:00,108538.45000000,108840.00000000,108536.86000000,108665.47000000,128.29699000
2025-07-06 22:00:00,108665.48000000,109700.00000000,108665.47000000,109208.25000000,810.60996000
2025-07-06 23:00:00,109208.24000000,109526.69000000,109203.86000000,109228.73000000,464.06563000
2025-07-07 00:00:00,109228.73000000,109278.18000000,108977.54000000,109203.84000000,293.12251000
2025-07-07 01:00:00,109203.85000000,109288.02000000,108800.01000000,108823.07000000,253.63512000
2025-07-07 02:00:00,108823.07000000,109089.00000000,108679.75000000,109019.13000000,299.62996000
2025-07-07 03:00:00,109019.13000000,109499.99000000,109019.12000000,109364.52000000,433.83049000
2025-07-07 04:00:00,109364.53000000,109700.00000000,109364.52000000,109389.47000000,326.56622000
2025-07-07 05:00:00,109389.46000000,109447.54000000,109128.72000000,109128.73000000,184.07817000
2025-07-07 06:00:00,109128.73000000,109201.65000000,109035.21000000,109079.99000000,184.85155000
2025-07-07 07:00:00,109079.99000000,109174.87000000,108769.23000000,108774.50000000,348.32807000
2025-07-07 08:00:00,108774.50000000,109061.08000000,108654.94000000,109061.08000000,351.63493000
2025-07-07 09:00:00,109061.07000000,109087.86000000,108860.50000000,109011.70000000,211.49643000
2025-07-07 10:00:00,109011.70000000,109011.71000000,108761.13000000,108849.06000000,259.49114000
2025-07-07 11:00:00,108849.05000000,108899.32000000,108660.14000000,108664.14000000,967.12524000
2025-07-07 12:00:00,108664.15000000,108801.00000000,108572.52000000,108642.01000000,355.32653000
2025-07-07 13:00:00,108642.01000000,108642.02000000,108303.83000000,108346.85000000,889.93465000
2025-07-07 14:00:00,108346.86000000,108572.00000000,108019.23000000,108536.84000000,726.60378000
2025-07-07 15:00:00,108536.84000000,108660.00000000,107970.00000000,108223.14000000,535.69464000
2025-07-07 16:00:00,108223.14000000,108621.45000000,108223.14000000,108292.59000000,364.16316000
2025-07-07 17:00:00,108292.59000000,108493.56000000,107906.25000000,107976.91000000,640.23010000
2025-07-07 18:00:00,107976.91000000,108354.00000000,107811.00000000,107943.15000000,381.91342000
2025-07-07 19:00:00,107943.16000000,108100.00000000,107513.20000000,108024.53000000,492.15098000
2025-07-07 20:00:00,108024.53000000,108314.72000000,108009.99000000,108056.68000000,311.81983000
2025-07-07 21:00:00,108056.67000000,108140.50000000,107866.66000000,107886.85000000,220.50760000
2025-07-07 22:00:00,107886.85000000,108213.00000000,107800.01000000,108166.95000000,283.98408000
2025-07-07 23:00:00,108166.94000000,108180.00000000,107973.06000000,108019.23000000,222.87717000
2025-07-08 00:00:00,108019.23000000,108300.00000000,108019.23000000,108262.94000000,159.50275000
2025-07-08 01:00:00,108262.94000000,108525.00000000,108193.48000000,108299.99000000,409.64154000
2025-07-08 02:00:00,108299.99000000,108300.00000000,107689.64000000,107705.03000000,327.96475000
2025-07-08 03:00:00,107705.03000000,107945.00000000,107429.57000000,107766.20000000,1090.68261000
2025-07-08 04:00:00,107766.20000000,108000.00000000,107686.92000000,107901.52000000,183.27109000
2025-07-08 05:00:00,107901.52000000,108019.24000000,107750.00000000,108019.24000000,152.71362000
2025-07-08 06:00:00,108019.23000000,108220.39000000,107990.00000000,108210.94000000,193.76866000
2025-07-08 07:00:00,108210.94000000,108392.05000000,108135.25000000,108299.72000000,260.36038000
2025-07-08 08:00:00,108299.71000000,108499.00000000,108216.04000000,108484.61000000,403.22303000
2025-07-08 09:00:00,108484.61000000,108525.00000000,108262.35000000,108262.36000000,242.39116000
2025-07-08 10:00:00,108262.35000000,108488.98000000,108229.15000000,108469.99000000,142.75742000
2025-07-08 11:00:00,108469.99000000,108900.00000000,108419.08000000,108832.77000000,470.58627000
2025-07-08 12:00:00,108832.78000000,109005.00000000,108756.36000000,108756.37000000,458.50309000
2025-07-08 13:00:00,108756.37000000,108949.19000000,108688.82000000,108949.19000000,228.47887000
2025-07-08 14:00:00,108949.19000000,109216.56000000,108631.27000000,109034.61000000,591.54102000
2025-07-08 15:00:00,109034.60000000,109072.81000000,108250.00000000,108376.00000000,597.68590000
2025-07-08 16:00:00,108376.00000000,108528.06000000,108217.07000000,108268.35000000,430.74475000
2025-07-08 17:00:00,108268.35000000,108562.95000000,108096.55000000,108439.37000000,340.38908000
2025-07-08 18:00:00,108439.37000000,109100.00000000,108439.37000000,108991.00000000,1106.48635000
2025-07-08 19:00:00,108991.01000000,109147.56000000,108909.94000000,109147.56000000,700.15853000
2025-07-08 20:00:00,109147.55000000,109147.56000000,108736.00000000,108771.88000000,279.87349000
2025-07-08 21:00:00,108771.87000000,108939.00000000,108630.53000000,108630.54000000,159.96027000
2025-07-08 22:00:00,108630.53000000,108970.40000000,108624.00000000,108889.90000000,169.96042000
2025-07-08 23:00:00,108889.89000000,108973.58000000,108818.08000000,108917.01000000,153.40934000
2025-07-09 00:00:00,108917.01000000,108974.00000000,108823.07000000,108922.98000000,121.46916000
2025-07-09 01:00:00,108922.99000000,108957.58000000,108777.97000000,108940.39000000,140.46581000
2025-07-09 02:00:00,108940.38000000,109136.00000000,108722.09000000,108780.76000000,219.97215000
2025-07-09 03:00:00,108780.77000000,108837.70000000,108600.00000000,108611.53000000,277.87433000
2025-07-09 04:00:00,108611.53000000,108665.40000000,108348.00000000,108376.41000000,356.48997000
2025-07-09 05:00:00,108376.41000000,108564.00000000,108324.53000000,108553.61000000,214.96856000
2025-07-09 06:00:00,108553.60000000,108942.20000000,108489.20000000,108778.10000000,393.65608000
2025-07-09 07:00:00,108778.10000000,108860.00000000,108667.01000000,108840.01000000,219.55216000
2025-07-09 08:00:00,108840.01000000,108876.30000000,108675.15000000,108714.39000000,173.42235000
2025-07-09 09:00:00,108714.39000000,108837.70000000,108654.15000000,108654.16000000,259.46811000
2025-07-09 10:00:00,108654.15000000,108793.47000000,108553.18000000,108763.37000000,334.08934000
2025-07-09 11:00:00,108763.37000000,108900.00000000,108708.00000000,108900.00000000,159.39779000
2025-07-09 12:00:00,108900.00000000,109117.00000000,108899.99000000,109058.27000000,523.04092000
2025-07-09 13:00:00,109058.27000000,109500.00000000,108992.87000000,109330.77000000,917.63350000
2025-07-09 14:00:00,109330.76000000,109769.39000000,109128.72000000,109184.00000000,1400.69872000
2025-07-09 15:00:00,109183.99000000,109460.94000000,108503.00000000,108900.29000000,1123.17859000
2025-07-09 16:00:00,108900.29000000,109215.69000000,108816.52000000,109071.32000000,666.88050000
2025-07-09 17:00:00,109071.32000000,109475.29000000,109047.49000000,109408.71000000,338.27349000
2025-07-09 18:00:00,109408.72000000,109447.82000000,109047.49000000,109168.00000000,301.26918000
2025-07-09 19:00:00,109168.01000000,109579.98000000,109137.42000000,109536.49000000,559.49460000
2025-07-09 20:00:00,109536.50000000,111999.79000000,109500.00000000,111750.00000000,5139.53728000
2025-07-09 21:00:00,111749.99000000,111952.33000000,110559.40000000,110714.97000000,1677.69298000
2025-07-09 22:00:00,110714.97000000,111280.00000000,110682.39000000,110818.36000000,689.32229000
2025-07-09 23:00:00,110818.36000000,111403.85000000,110818.36000000,111382.17000000,582.41183000
2025-07-10 00:00:00,111382.17000000,111521.00000000,111229.92000000,111233.99000000,613.49597000
2025-07-10 01:00:00,111234.00000000,111319.24000000,110916.66000000,110916.66000000,402.36165000
2025-07-10 02:00:00,110916.66000000,111356.00000000,110880.00000000,111189.71000000,474.28195000
2025-07-10 03:00:00,111189.70000000,111581.00000000,111150.00000000,111213.91000000,493.35901000
2025-07-10 04:00:00,111213.91000000,111221.14000000,110986.33000000,111074.51000000,317.73205000
2025-07-10 05:00:00,111074.52000000,111185.77000000,110951.59000000,111150.00000000,292.13383000
2025-07-10 06:00:00,111150.00000000,111164.35000000,110898.00000000,111086.14000000,477.20128000
2025-07-10 07:00:00,111086.14000000,111306.49000000,111086.14000000,111233.34000000,395.68308000
2025-07-10 08:00:00,111233.33000000,111432.46000000,111144.08000000,111230.00000000,502.09594000
2025-07-10 09:00:00,111229.99000000,111398.96000000,111102.78000000,111233.33000000,401.06449000
2025-07-10 10:00:00,111233.34000000,111258.00000000,111021.57000000,111041.36000000,286.97004000
2025-07-10 11:00:00,111041.37000000,111098.30000000,110870.33000000,111088.51000000,356.07524000
2025-07-10 12:00:00,111088.51000000,111173.95000000,110967.00000000,111019.99000000,363.68320000
2025-07-10 13:00:00,111019.99000000,111020.00000000,110752.35000000,110869.00000000,357.65859000
2025-07-10 14:00:00,110869.00000000,111039.99000000,110500.00000000,110800.01000000,544.26918000
2025-07-10 15:00:00,110801.78000000,111319.24000000,110642.30000000,111247.57000000,729.68377000
2025-07-10 16:00:00,111247.56000000,111408.41000000,110969.51000000,111408.40000000,589.60583000
2025-07-10 17:00:00,111408.40000000,112725.38000000,111322.32000000,112643.48000000,2446.38540000
2025-07-10 18:00:00,112643.47000000,113788.23000000,112545.95000000,113722.82000000,2757.37600100
2025-07-10 19:00:00,113722.83000000,113760.97000000,112985.64000000,113420.00000000,1310.78452000
2025-07-10 20:00:00,113420.01000000,113680.00000000,113098.45000000,113301.81000000,946.49177000
2025-07-10 21:00:00,113301.80000000,113580.00000000,113270.98000000,113493.16000000,554.81409000
2025-07-10 22:00:00,113493.16000000,116868.00000000,113385.36000000,116490.52000000,6314.07127400
2025-07-10 23:00:00,116490.52000000,116499.95000000,115800.00000000,116008.38000000,2278.63989000
2025-07-11 00:00:00,116008.38000000,116099.99000000,115645.88000000,116010.00000000,1291.02859000
2025-07-11 01:00:00,116010.01000000,116098.80000000,115222.22000000,115590.63000000,1041.06079000
2025-07-11 02:00:00,115590.64000000,116078.85000000,115514.57000000,115967.57000000,786.25654000
2025-07-11 03:00:00,115967.57000000,116800.00000000,115702.86000000,116672.57000000,1353.14236000
2025-07-11 04:00:00,116672.57000000,116950.00000000,116390.25000000,116881.70000000,1276.21161100
2025-07-11 05:00:00,116881.69000000,116929.00000000,116500.00000000,116918.16000000,674.02539000
2025-07-11 06:00:00,116918.16000000,118404.22000000,116918.16000000,117860.37000000,2636.87379700
2025-07-11 07:00:00,117860.38000000,118400.00000000,117602.22000000,117648.33000000,1499.83544000
2025-07-11 08:00:00,117648.32000000,118108.79000000,117468.53000000,117526.88000000,3129.43875000
2025-07-11 09:00:00,117526.88000000,118133.00000000,117526.88000000,117964.76000000,1000.82860000
2025-07-11 10:00:00,117964.75000000,118869.98000000,117883.74000000,118470.34000000,1514.60180000
2025-07-11 11:00:00,118470.35000000,118470.35000000,117946.72000000,117983.78000000,1340.00944000
2025-07-11 12:00:00,117983.78000000,118110.60000000,117583.16000000,117821.91000000,808.62177000
2025-07-11 13:00:00,117821.91000000,118259.24000000,117741.94000000,117878.11000000,861.42649000
2025-07-11 14:00:00,117878.10000000,118189.18000000,117273.45000000,117989.18000000,1463.56142000
2025-07-11 15:00:00,117989.17000000,118170.24000000,117388.00000000,117858.16000000,1074.59567000
2025-07-11 16:00:00,117858.15000000,117960.00000000,116724.66000000,116902.59000000,1311.79050000
2025-07-11 17:00:00,116902.58000000,117433.40000000,116604.87000000,117393.39000000,931.33103000
2025-07-11 18:00:00,117393.38000000,117745.70000000,117250.00000000,117640.00000000,775.16024000
2025-07-11 19:00:00,117640.01000000,117734.55000000,117300.00000000,117694.01000000,408.58924000
2025-07-11 20:00:00,117694.02000000,118138.75000000,117426.58000000,118108.81000000,639.64596000
2025-07-11 21:00:00,118108.81000000,118108.81000000,117659.19000000,117664.46000000,355.65991000
2025-07-11 22:00:00,117664.46000000,117880.01000000,117471.09000000,117619.99000000,279.72136000
2025-07-11 23:00:00,117619.99000000,117665.92000000,117146.80000000,117615.89000000,505.97498000
2025-07-12 00:00:00,117615.88000000,117677.24000000,117436.59000000,117527.66000000,205.15806000
2025-07-12 01:00:00,117527.66000000,117646.97000000,117141.13000000,117407.99000000,392.55028000
2025-07-12 02:00:00,117407.99000000,117697.49000000,117407.99000000,117644.81000000,322.02488000
2025-07-12 03:00:00,117644.80000000,117800.43000000,117556.00000000,117599.99000000,319.10692000
2025-07-12 04:00:00,117599.98000000,117847.66000000,117599.97000000,117774.42000000,235.13774000
2025-07-12 05:00:00,117774.42000000,117876.57000000,117587.00000000,117646.44000000,231.58516000
2025-07-12 06:00:00,117646.43000000,117718.82000000,117506.37000000,117689.68000000,227.73150000
2025-07-12 07:00:00,117689.68000000,117981.57000000,117660.00000000,117847.66000000,309.07591000
2025-07-12 08:00:00,117847.66000000,118054.79000000,117625.63000000,117731.99000000,389.30318000
2025-07-12 09:00:00,117731.99000000,118000.00000000,117724.47000000,117929.65000000,426.87947000
2025-07-12 10:00:00,117929.66000000,118200.00000000,117881.15000000,118158.78000000,372.57837000
2025-07-12 11:00:00,118158.79000000,118158.79000000,117870.31000000,118077.32000000,360.52166000
2025-07-12 12:00:00,118077.32000000,118106.20000000,117625.00000000,117810.00000000,299.38516000
2025-07-12 13:00:00,117810.00000000,117861.19000000,117309.61000000,117559.97000000,896.26553000
2025-07-12 14:00:00,117559.98000000,117571.61000000,117238.88000000,117500.00000000,758.24496000
2025-07-12 15:00:00,117500.00000000,117727.26000000,117315.68000000,117389.47000000,449.96682000
2025-07-12 16:00:00,117389.47000000,117461.62000000,116900.05000000,117100.01000000,782.91296000
2025-07-12 17:00:00,117100.00000000,117399.77000000,117045.86000000,117191.08000000,282.98905000
2025-07-12 18:00:00,117191.08000000,117548.69000000,117186.81000000,117478.40000000,209.00655000
2025-07-12 19:00:00,117478.40000000,117509.76000000,117378.91000000,117504.00000000,161.72998000
2025-07-12 20:00:00,117504.01000000,117639.98000000,117439.72000000,117550.96000000,307.81770000
2025-07-12 21:00:00,117550.96000000,117550.96000000,117023.35000000,117023.36000000,154.52026000
2025-07-12 22:00:00,117023.36000000,117555.50000000,117000.01000000,117485.22000000,207.04733000
2025-07-12 23:00:00,117485.21000000,117563.75000000,117312.04000000,117385.37000000,233.15011000
2025-07-13 00:00:00,117385.38000000,117460.02000000,117219.53000000,117420.00000000,117.07289000
2025-07-13 01:00:00,117420.00000000,117458.48000000,117248.21000000,117316.10000000,163.58729000
2025-07-13 02:00:00,117316.10000000,117640.61000000,117224.79000000,117553.37000000,236.13001000
2025-07-13 03:00:00,117553.37000000,117817.16000000,117407.94000000,117620.00000000,158.66130000
2025-07-13 04:00:00,117620.00000000,117824.76000000,117600.81000000,117753.60000000,138.03288000
2025-07-13 05:00:00,117753.59000000,117892.23000000,117684.22000000,117879.22000000,222.50112000
2025-07-13 06:00:00,117879.22000000,117904.75000000,117700.65000000,117759.99000000,150.55904000
2025-07-13 07:00:00,117759.99000000,117978.97000000,117742.31000000,117888.51000000,186.73560000
2025-07-13 08:00:00,117888.51000000,118054.79000000,117852.00000000,117999.00000000,308.18406000
2025-07-13 09:00:00,117998.99000000,118006.96000000,117756.39000000,117895.78000000,165.74382000
2025-07-13 10:00:00,117895.78000000,117901.34000000,117689.63000000,117739.16000000,151.43307000
2025-07-13 11:00:00,117739.16000000,117845.48000000,117739.16000000,117747.99000000,98.78511000
2025-07-13 12:00:00,117748.00000000,118086.66000000,117747.99000000,118072.01000000,269.48693000
2025-07-13 13:00:00,118072.01000000,118636.92000000,117989.53000000,118432.11000000,689.71040000
2025-07-13 14:00:00,118432.11000000,118750.00000000,118154.81000000,118610.01000000,736.92273000
2025-07-13 15:00:00,118610.00000000,119376.00000000,118353.20000000,118766.94000000,1897.93905700
2025-07-13 16:00:00,118766.94000000,119124.00000000,118532.84000000,118672.24000000,566.53213000
2025-07-13 17:00:00,118672.23000000,118982.89000000,118520.00000000,118528.01000000,483.67524000
2025-07-13 18:00:00,118528.00000000,118844.83000000,118382.56000000,118699.60000000,348.79838000
2025-07-13 19:00:00,118699.60000000,119070.24000000,118592.01000000,118992.73000000,315.39573000
2025-07-13 20:00:00,118992.73000000,119488.00000000,118897.44000000,118961.08000000,601.53222000
2025-07-13 21:00:00,118961.09000000,119367.37000000,118826.00000000,119083.60000000,290.26988000
2025-07-13 22:00:00,119083.60000000,119083.60000000,118500.01000000,118648.87000000,421.07599000
2025-07-13 23:00:00,118648.86000000,118774.64000000,118243.68000000,118520.01000000,584.71541000
2025-07-14 00:00:00,118520.01000000,119198.00000000,118386.55000000,119086.64000000,364.38555000
2025-07-14 01:00:00,119086.65000000,119470.54000000,118916.17000000,119061.40000000,538.61781000
2025-07-14 02:00:00,119061.40000000,119238.10000000,118905.18000000,119100.58000000,349.35207000
2025-07-14 03:00:00,119100.58000000,119999.00000000,118969.56000000,119647.88000000,1311.09415000
2025-07-14 04:00:00,119647.88000000,121492.48000000,119592.70000000,120750.24000000,3219.46885600
2025-07-14 05:00:00,120750.25000000,121438.27000000,120557.63000000,121400.00000000,1343.86331000
2025-07-14 06:00:00,121400.00000000,122666.00000000,121129.00000000,122461.99000000,2704.49868900
2025-07-14 07:00:00,122461.99000000,122465.30000000,122017.81000000,122130.99000000,1146.85917000
2025-07-14 08:00:00,122130.99000000,123218.00000000,122100.00000000,122736.04000000,1786.57905200
2025-07-14 09:00:00,122736.04000000,122769.19000000,122300.00000000,122578.00000000,851.02194000
2025-07-14 10:00:00,122578.01000000,122582.97000000,121888.44000000,121973.74000000,929.42357000
2025-07-14 11:00:00,121973.74000000,122130.65000000,121628.47000000,121905.48000000,742.89705000
2025-07-14 12:00:00,121905.48000000,121905.48000000,121355.55000000,121467.24000000,755.99271000
2025-07-14 13:00:00,121467.23000000,121945.63000000,121400.01000000,121918.00000000,930.72081000
2025-07-14 14:00:00,121918.01000000,122120.00000000,121188.00000000,121710.64000000,1151.85025000
2025-07-14 15:00:00,121710.64000000,121990.42000000,120600.00000000,121158.89000000,1855.94127000
2025-07-14 16:00:00,121158.88000000,121176.26000000,119611.70000000,119878.23000000,2109.20019000
2025-07-14 17:00:00,119878.22000000,120299.58000000,119202.00000000,120268.87000000,1443.04559000
2025-07-14 18:00:00,120268.88000000,120526.03000000,119769.40000000,119896.42000000,1173.36404000
2025-07-14 19:00:00,119896.42000000,120192.73000000,119632.00000000,119644.94000000,812.38191000
2025-07-14 20:00:00,119644.93000000,120103.31000000,119610.92000000,119939.41000000,698.45342000
2025-07-14 21:00:00,119939.42000000,120447.00000000,119522.72000000,120167.07000000,552.37318000
2025-07-14 22:00:00,120167.06000000,120244.50000000,119827.34000000,120034.98000000,290.33134000
2025-07-14 23:00:00,120034.97000000,120300.00000000,119924.00000000,120057.01000000,297.55117000
2025-07-15 00:00:00,120057.01000000,120057.01000000,119766.05000000,119841.18000000,274.46733000
2025-07-15 01:00:00,119841.17000000,119940.83000000,119110.00000000,119497.92000000,646.74195000
2025-07-15 02:00:00,119497.93000000,119537.22000000,118352.09000000,118431.71000000,1780.21194000
2025-07-15 03:00:00,118431.71000000,118855.56000000,117827.46000000,118251.05000000,1830.73981000
2025-07-15 04:00:00,118251.04000000,118251.04000000,116840.01000000,117148.47000000,2365.70802000
2025-07-15 05:00:00,117148.46000000,117511.33000000,116250.00000000,117480.48000000,1853.98992000
2025-07-15 06:00:00,117480.48000000,117765.40000000,116962.97000000,117335.12000000,1161.25519000
2025-07-15 07:00:00,117335.12000000,117335.12000000,116766.00000000,117070.54000000,1050.33694000
2025-07-15 08:00:00,117070.54000000,117270.86000000,116400.00000000,116779.12000000,1413.22370000
2025-07-15 09:00:00,116779.13000000,116862.02000000,116300.00000000,116777.47000000,1086.30795000
2025-07-15 10:00:00,116777.47000000,117224.08000000,116711.67000000,116779.99000000,920.92254000
2025-07-15 11:00:00,116780.00000000,117198.21000000,116744.48000000,117016.48000000,853.89059000
2025-07-15 12:00:00,117016.49000000,117161.52000000,116338.30000000,117113.98000000,751.22184000
2025-07-15 13:00:00,117113.98000000,117466.52000000,116417.00000000,117204.18000000,1464.86775000
2025-07-15 14:00:00,117204.18000000,118490.71000000,117157.25000000,118088.13000000,2210.06348000
2025-07-15 15:00:00,118088.13000000,118458.31000000,115736.92000000,116008.19000000,2687.57274000
2025-07-15 16:00:00,116008.20000000,116750.00000000,115800.00000000,116391.43000000,2299.77308000
2025-07-15 17:00:00,116391.43000000,117800.60000000,116362.97000000,117188.01000000,1624.68167000
2025-07-15 18:00:00,117188.00000000,117538.46000000,117140.00000000,117372.99000000,995.72856000
2025-07-15 19:00:00,117373.00000000,117380.00000000,116019.05000000,116719.55000000,1721.15939000
2025-07-15 20:00:00,116719.55000000,117204.50000000,116282.38000000,116416.07000000,1053.82399000
2025-07-15 21:00:00,116416.07000000,116725.02000000,116192.27000000,116419.02000000,604.23115000
2025-07-15 22:00:00,116419.01000000,117600.00000000,116350.00000000,117553.92000000,613.20681000
2025-07-15 23:00:00,117553.91000000,117868.52000000,117263.66000000,117827.74000000,634.19704000
2025-07-16 00:00:00,117827.74000000,117972.86000000,117500.00000000,117758.09000000,394.60478000
2025-07-16 01:00:00,117758.08000000,118178.00000000,117425.27000000,118112.89000000,622.87077000
2025-07-16 02:00:00,118112.90000000,118195.00000000,117582.12000000,117724.29000000,470.76557000
2025-07-16 03:00:00,117724.29000000,117752.87000000,117017.29000000,117317.27000000,578.37446000
2025-07-16 04:00:00,117317.27000000,117519.49000000,117211.25000000,117482.67000000,388.69782000
2025-07-16 05:00:00,117482.67000000,117700.70000000,117275.63000000,117600.92000000,335.01607000
2025-07-16 06:00:00,117600.92000000,118000.00000000,117600.92000000,117869.82000000,479.80660000
2025-07-16 07:00:00,117869.82000000,118285.15000000,117760.00000000,118276.30000000,372.39644000
2025-07-16 08:00:00,118276.30000000,118300.00000000,118046.19000000,118189.25000000,466.50951000
2025-07-16 09:00:00,118189.24000000,118794.64000000,118113.82000000,118699.99000000,858.41533000
2025-07-16 10:00:00,118700.00000000,119200.00000000,118693.71000000,119193.37000000,766.24927000
2025-07-16 11:00:00,119193.38000000,119310.75000000,118734.53000000,118736.25000000,614.40925000
2025-07-16 12:00:00,118736.24000000,118912.36000000,118650.00000000,118769.06000000,419.29991000
2025-07-16 13:00:00,118769.06000000,119082.94000000,118580.36000000,118613.43000000,550.40761000
2025-07-16 14:00:00,118613.43000000,118920.00000000,118181.14000000,118700.01000000,927.75357000
2025-07-16 15:00:00,118700.02000000,119260.00000000,118200.00000000,119056.80000000,1139.36599000
2025-07-16 16:00:00,119056.81000000,119794.80000000,118328.48000000,119095.76000000,2233.63925000
2025-07-16 17:00:00,119095.76000000,119338.12000000,118471.38000000,119291.91000000,671.30250000
2025-07-16 18:00:00,119291.91000000,119700.00000000,118963.96000000,119073.35000000,654.94744000
2025-07-16 19:00:00,119073.35000000,119904.13000000,118880.27000000,119512.20000000,731.25594000
2025-07-16 20:00:00,119512.20000000,119668.72000000,118822.72000000,119230.16000000,819.82836000
2025-07-16 21:00:00,119230.16000000,119933.89000000,118943.91000000,119921.96000000,606.44397000
2025-07-16 22:00:00,119921.97000000,120063.84000000,119200.00000000,119297.64000000,1094.26323000
2025-07-16 23:00:00,119297.64000000,119500.00000000,118592.22000000,118639.34000000,893.96530000
2025-07-17 00:00:00,118639.34000000,118823.50000000,118420.00000000,118630.43000000,343.92435000
2025-07-17 01:00:00,118630.44000000,119158.28000000,118620.83000000,118894.33000000,319.33644000
2025-07-17 02:00:00,118894.33000000,119082.88000000,117683.53000000,118149.70000000,854.33514000
2025-07-17 03:00:00,118149.71000000,118523.25000000,118017.06000000,118330.57000000,607.84399000
2025-07-17 04:00:00,118330.58000000,118356.32000000,117761.11000000,118128.80000000,452.54646000
2025-07-17 05:00:00,118128.80000000,118485.40000000,117959.33000000,118485.40000000,389.33546000
2025-07-17 06:00:00,118485.39000000,118643.59000000,118225.54000000,118587.03000000,364.79579000
2025-07-17 07:00:00,118587.03000000,118772.00000000,118341.55000000,118452.51000000,592.92659000
2025-07-17 08:00:00,118452.51000000,118556.45000000,117857.03000000,118311.75000000,733.57599000
2025-07-17 09:00:00,118311.75000000,118424.28000000,118082.99000000,118330.93000000,416.84953000
2025-07-17 10:00:00,118330.93000000,119192.00000000,118242.26000000,118769.34000000,734.00895000
2025-07-17 11:00:00,118769.34000000,118869.73000000,118241.24000000,118340.01000000,402.69694000
2025-07-17 12:00:00,118340.00000000,118398.82000000,117974.99000000,117995.00000000,488.32774000
2025-07-17 13:00:00,117995.00000000,118183.74000000,117453.57000000,117867.08000000,1041.93489000
2025-07-17 14:00:00,117867.08000000,118446.19000000,117520.60000000,118281.99000000,846.07215000
2025-07-17 15:00:00,118281.99000000,118834.20000000,118141.47000000,118770.94000000,695.28925000
2025-07-17 16:00:00,118770.94000000,119073.46000000,118334.34000000,118881.99000000,592.49854000
2025-07-17 17:00:00,118881.99000000,118954.66000000,118333.60000000,118558.61000000,550.68619000
2025-07-17 18:00:00,118558.61000000,119328.89000000,118500.00000000,119261.50000000,555.62392000
2025-07-17 19:00:00,119261.51000000,119780.67000000,119211.94000000,119580.00000000,689.15184000
2025-07-17 20:00:00,119580.00000000,119880.13000000,118821.06000000,118959.66000000,638.47850000
2025-07-17 21:00:00,118959.66000000,119436.87000000,118383.97000000,119436.86000000,583.39954000
2025-07-17 22:00:00,119436.86000000,120998.71000000,119431.93000000,120272.19000000,1869.79350000
2025-07-17 23:00:00,120272.19000000,120693.35000000,119485.71000000,119766.71000000,695.69871000
2025-07-18 00:00:00,119766.70000000,119879.35000000,119170.52000000,119177.56000000,613.37046000
2025-07-18 01:00:00,119177.56000000,119786.52000000,119020.48000000,119739.06000000,492.21525000
2025-07-18 02:00:00,119739.06000000,120785.49000000,119644.21000000,120336.88000000,1117.34665000
2025-07-18 03:00:00,120336.88000000,120399.04000000,119869.97000000,120096.43000000,585.26308000
2025-07-18 04:00:00,120096.42000000,120478.83000000,119949.28000000,120223.09000000,478.04437000
2025-07-18 05:00:00,120223.08000000,120486.29000000,119750.00000000,120403.40000000,535.70911000
2025-07-18 06:00:00,120403.40000000,120635.97000000,120210.02000000,120589.95000000,806.90934000
2025-07-18 07:00:00,120589.94000000,120820.71000000,120075.04000000,120251.00000000,876.24559000
2025-07-18 08:00:00,120251.00000000,120386.27000000,119287.72000000,119339.51000000,1430.31530000
2025-07-18 09:00:00,119339.51000000,119469.21000000,118395.00000000,118642.01000000,1456.19404000
2025-07-18 10:00:00,118642.02000000,118974.99000000,118442.84000000,118875.01000000,960.39557000
2025-07-18 11:00:00,118875.01000000,119259.98000000,118502.70000000,119250.72000000,893.61085000
2025-07-18 12:00:00,119250.72000000,119281.93000000,118772.40000000,119171.34000000,504.29437000
2025-07-18 13:00:00,119171.35000000,119531.48000000,119145.84000000,119442.44000000,580.75482000
2025-07-18 14:00:00,119442.43000000,119442.44000000,118500.00000000,118773.38000000,1270.18453000
2025-07-18 15:00:00,118773.38000000,119242.63000000,117315.69000000,118139.99000000,2133.86458000
2025-07-18 16:00:00,118139.99000000,118265.96000000,117480.00000000,117860.25000000,1035.97451000
2025-07-18 17:00:00,117860.24000000,118054.92000000,117479.92000000,117553.42000000,743.90949000
2025-07-18 18:00:00,117553.41000000,117996.49000000,117377.00000000,117600.01000000,466.84347000
2025-07-18 19:00:00,117600.01000000,117723.11000000,117235.00000000,117310.72000000,633.76775000
2025-07-18 20:00:00,117310.72000000,117874.00000000,117120.53000000,117374.76000000,720.06492000
2025-07-18 21:00:00,117374.75000000,117539.51000000,116812.76000000,117405.00000000,971.31857000
2025-07-18 22:00:00,117404.99000000,117879.90000000,117368.01000000,117676.82000000,398.26546000
2025-07-18 23:00:00,117676.81000000,117962.09000000,117402.25000000,117683.71000000,397.45770000
2025-07-19 00:00:00,117683.71000000,118021.62000000,117455.94000000,117924.84000000,435.71334000
2025-07-19 01:00:00,117924.84000000,118028.86000000,117714.85000000,117739.70000000,314.90140000
2025-07-19 02:00:00,117739.70000000,118109.95000000,117613.35000000,118036.73000000,286.45760000
2025-07-19 03:00:00,118036.74000000,118297.72000000,117935.00000000,118201.03000000,339.10664000
2025-07-19 04:00:00,118201.04000000,118371.42000000,118123.60000000,118322.54000000,382.53888000
2025-07-19 05:00:00,118322.53000000,118364.00000000,118096.89000000,118134.83000000,245.36594000
2025-07-19 06:00:00,118134.83000000,118289.43000000,118044.19000000,118205.98000000,257.94833000
2025-07-19 07:00:00,118205.98000000,118261.70000000,118065.80000000,118164.42000000,162.98805000
2025-07-19 08:00:00,118164.42000000,118326.80000000,118156.32000000,118163.06000000,162.42311000
2025-07-19 09:00:00,118163.07000000,118265.95000000,117943.25000000,118101.82000000,259.81389000
2025-07-19 10:00:00,118101.83000000,118328.00000000,118069.22000000,118244.30000000,201.68294000
2025-07-19 11:00:00,118244.30000000,118479.34000000,118180.36000000,118440.38000000,392.75678000
2025-07-19 12:00:00,118440.39000000,118499.90000000,118166.39000000,118327.06000000,269.17371000
2025-07-19 13:00:00,118327.05000000,118327.06000000,118099.46000000,118242.04000000,323.90381000
2025-07-19 14:00:00,118242.04000000,118317.42000000,118086.00000000,118188.14000000,280.81512000
2025-07-19 15:00:00,118188.15000000,118229.80000000,117627.71000000,117668.14000000,707.82970000
2025-07-19 16:00:00,117668.14000000,118240.01000000,117661.04000000,118058.11000000,344.11867000
2025-07-19 17:00:00,118058.10000000,118161.51000000,117850.00000000,117973.99000000,202.06426000
2025-07-19 18:00:00,117974.00000000,117984.68000000,117741.93000000,117808.17000000,192.03328000
2025-07-19 19:00:00,117808.17000000,118028.00000000,117761.58000000,117859.10000000,127.41782000
2025-07-19 20:00:00,117859.10000000,118141.00000000,117605.26000000,118007.88000000,258.76097000
2025-07-19 21:00:00,118007.88000000,118141.00000000,117708.55000000,117720.01000000,212.75326000
2025-07-19 22:00:00,117720.00000000,117836.56000000,117277.34000000,117705.82000000,417.75569000
2025-07-19 23:00:00,117705.81000000,117850.14000000,117529.44000000,117792.98000000,169.57842000
2025-07-20 00:00:00,117792.98000000,117935.76000000,117738.63000000,117840.00000000,123.61479000
2025-07-20 01:00:00,117840.01000000,117996.49000000,117650.00000000,117942.31000000,137.64118000
2025-07-20 02:00:00,117942.31000000,118131.20000000,117900.72000000,117941.25000000,244.57890000
2025-07-20 03:00:00,117941.25000000,118006.37000000,117766.42000000,117970.49000000,319.10411000
2025-07-20 04:00:00,117970.50000000,118165.38000000,117706.90000000,117958.01000000,514.71198000
2025-07-20 05:00:00,117958.00000000,118127.39000000,117900.00000000,117949.98000000,209.68915000
2025-07-20 06:00:00,117949.99000000,117976.36000000,117800.00000000,117846.91000000,262.71011000
2025-07-20 07:00:00,117846.92000000,117884.29000000,117760.67000000,117824.48000000,128.67886000
2025-07-20 08:00:00,117824.49000000,118218.00000000,117824.48000000,118029.49000000,339.64911000
2025-07-20 09:00:00,118029.49000000,118255.14000000,118000.00000000,118151.14000000,659.27230000
2025-07-20 10:00:00,118151.15000000,118277.17000000,117886.51000000,117913.11000000,427.04081000
2025-07-20 11:00:00,117913.12000000,117993.86000000,117876.42000000,117888.21000000,342.66508000
2025-07-20 12:00:00,117888.21000000,118081.66000000,117819.88000000,117878.46000000,371.30411000
2025-07-20 13:00:00,117878.46000000,118169.36000000,117723.23000000,118085.43000000,1364.32398000
2025-07-20 14:00:00,118085.43000000,118422.57000000,118085.42000000,118417.35000000,635.77922000
2025-07-20 15:00:00,118417.35000000,118799.80000000,118277.77000000,118468.41000000,858.70947000
2025-07-20 16:00:00,118468.41000000,118775.85000000,118347.38000000,118671.11000000,421.29202000
2025-07-20 17:00:00,118671.12000000,118856.80000000,118465.00000000,118557.78000000,586.79687000
2025-07-20 18:00:00,118557.77000000,118557.78000000,117960.00000000,118018.69000000,611.15760000
2025-07-20 19:00:00,118018.70000000,118448.20000000,118018.70000000,118361.79000000,651.93273000
2025-07-20 20:00:00,118361.80000000,118563.93000000,118155.00000000,118155.01000000,269.24086000
2025-07-20 21:00:00,118155.00000000,118263.00000000,117852.72000000,118087.67000000,459.44638000
2025-07-20 22:00:00,118087.67000000,118153.88000000,117830.20000000,117997.88000000,339.24007000
2025-07-20 23:00:00,117997.87000000,118040.00000000,116467.02000000,117479.93000000,2198.48268000
2025-07-21 00:00:00,117479.92000000,117556.93000000,116955.94000000,117265.12000000,609.48131000
2025-07-21 01:00:00,117265.11000000,117352.06000000,116515.00000000,117352.06000000,857.45207000
2025-07-21 02:00:00,117352.05000000,117441.62000000,116775.95000000,117305.86000000,496.20828000
2025-07-21 03:00:00,117305.86000000,118183.93000000,117305.86000000,118183.92000000,687.53225000
2025-07-21 04:00:00,118183.92000000,118614.70000000,118131.75000000,118404.00000000,753.42903000
2025-07-21 05:00:00,118404.01000000,118634.57000000,118282.25000000,118331.61000000,405.68153000
2025-07-21 06:00:00,118331.62000000,118430.24000000,118188.95000000,118430.22000000,471.56768000
2025-07-21 07:00:00,118430.22000000,119241.57000000,118290.24000000,119169.25000000,1099.23474000
2025-07-21 08:00:00,119169.26000000,119676.73000000,119162.62000000,119362.67000000,807.18244000
2025-07-21 09:00:00,119364.18000000,119500.00000000,118854.90000000,119016.83000000,700.59303000
2025-07-21 10:00:00,119016.84000000,119086.05000000,118527.12000000,118690.05000000,373.46118000
2025-07-21 11:00:00,118690.05000000,118820.00000000,118344.00000000,118578.14000000,677.30519000
2025-07-21 12:00:00,118578.14000000,118798.20000000,118070.16000000,118070.17000000,760.53044000
2025-07-21 13:00:00,118070.17000000,118590.00000000,117778.70000000,118172.82000000,742.54800000
2025-07-21 14:00:00,118172.82000000,119100.00000000,117888.25000000,118834.00000000,1080.14384000
2025-07-21 15:00:00,118834.00000000,119233.71000000,118432.00000000,118828.99000000,1012.98942000
2025-07-21 16:00:00,118828.99000000,119119.59000000,118270.00000000,118313.16000000,669.70168000
2025-07-21 17:00:00,118313.16000000,118399.10000000,117500.00000000,117738.44000000,1307.79158000
2025-07-21 18:00:00,117738.44000000,118093.13000000,117321.84000000,117847.82000000,692.69059000
2025-07-21 19:00:00,117847.83000000,118213.24000000,117100.00000000,117162.28000000,666.85458000
2025-07-21 20:00:00,117162.28000000,117521.01000000,116666.00000000,116767.67000000,1149.65254000
2025-07-21 21:00:00,116767.67000000,117252.00000000,116656.88000000,116939.40000000,697.73214000
2025-07-21 22:00:00,116939.40000000,117371.99000000,116879.10000000,117215.25000000,403.94845000
2025-07-21 23:00:00,117215.25000000,117633.66000000,117117.85000000,117348.96000000,307.79739000
2025-07-22 00:00:00,117348.97000000,117508.25000000,117107.03000000,117380.36000000,285.30321000
2025-07-22 01:00:00,117380.36000000,117524.07000000,117012.29000000,117123.69000000,512.76880000
2025-07-22 02:00:00,117123.68000000,117950.00000000,116128.00000000,117750.01000000,1747.33705000
2025-07-22 03:00:00,117750.01000000,117800.00000000,116969.67000000,117027.81000000,641.70987000
2025-07-22 04:00:00,117027.81000000,117271.32000000,116683.93000000,117210.00000000,805.64841000
2025-07-22 05:00:00,117210.00000000,117357.21000000,116555.00000000,116555.01000000,1108.40285000
2025-07-22 06:00:00,116555.01000000,117346.17000000,116552.18000000,117329.27000000,706.31250000
2025-07-22 07:00:00,117329.28000000,117847.77000000,117275.47000000,117847.26000000,782.21261000
2025-07-22 08:00:00,117847.26000000,118594.55000000,117780.00000000,117983.68000000,1682.91379000
2025-07-22 09:00:00,117983.69000000,118345.00000000,117488.19000000,118289.99000000,931.64911000
2025-07-22 10:00:00,118290.00000000,118656.00000000,117873.42000000,118399.09000000,867.84135000
2025-07-22 11:00:00,118399.09000000,118956.00000000,118302.01000000,118955.99000000,608.10463000
2025-07-22 12:00:00,118955.99000000,119188.30000000,118784.00000000,119154.99000000,969.19626000
2025-07-22 13:00:00,119154.99000000,119419.74000000,119037.02000000,119293.70000000,896.31634000
2025-07-22 14:00:00,119293.70000000,119573.53000000,118034.63000000,118147.82000000,1663.45612000
2025-07-22 15:00:00,118147.83000000,119140.14000000,117550.00000000,119060.00000000,1271.80822000
2025-07-22 16:00:00,119060.01000000,119177.53000000,118690.38000000,118912.04000000,765.65863000
2025-07-22 17:00:00,118912.04000000,119350.01000000,118626.35000000,118681.26000000,608.56660000
2025-07-22 18:00:00,118681.25000000,119213.00000000,118368.19000000,119199.39000000,444.47061000
2025-07-22 19:00:00,119199.39000000,120183.96000000,119044.06000000,119733.69000000,1310.27160000
2025-07-22 20:00:00,119733.70000000,119914.97000000,119097.60000000,119282.10000000,704.31973000
2025-07-22 21:00:00,119282.11000000,119901.88000000,119203.20000000,119703.28000000,539.53916000
2025-07-22 22:00:00,119703.29000000,119770.84000000,119400.00000000,119400.00000000,239.71174000
2025-07-22 23:00:00,119400.00000000,120035.29000000,119385.21000000,119844.23000000,608.63065000
2025-07-23 00:00:00,119844.23000000,120247.80000000,119835.56000000,119954.42000000,542.28310000
2025-07-23 01:00:00,119954.43000000,120090.00000000,119500.29000000,119546.56000000,373.25447000
2025-07-23 02:00:00,119546.56000000,119666.04000000,119379.63000000,119488.22000000,386.63831000
2025-07-23 03:00:00,119488.21000000,119531.29000000,118983.34000000,119090.73000000,754.14191000
2025-07-23 04:00:00,119090.73000000,119116.68000000,118532.96000000,118614.17000000,554.08458000
2025-07-23 05:00:00,118614.16000000,118996.01000000,118576.38000000,118996.00000000,301.65112000
2025-07-23 06:00:00,118996.01000000,119006.05000000,118615.97000000,118645.04000000,468.54694000
2025-07-23 07:00:00,118645.04000000,118717.12000000,118329.04000000,118417.99000000,401.51312000
2025-07-23 08:00:00,118417.99000000,118592.39000000,118288.20000000,118350.35000000,392.52237000
2025-07-23 09:00:00,118350.35000000,118552.00000000,118222.71000000,118423.21000000,415.94192000
2025-07-23 10:00:00,118423.21000000,118457.86000000,117910.66000000,118040.00000000,501.38076000
2025-07-23 11:00:00,118040.01000000,118379.74000000,117844.24000000,118372.12000000,510.46248000
2025-07-23 12:00:00,118372.13000000,118619.79000000,118160.00000000,118538.46000000,373.31825000
2025-07-23 13:00:00,118538.46000000,118655.00000000,117799.87000000,117980.70000000,730.54489000
2025-07-23 14:00:00,117980.69000000,118199.89000000,117330.00000000,117381.44000000,1612.84770000
2025-07-23 15:00:00,117381.44000000,118205.00000000,117301.00000000,118204.99000000,952.15862000
2025-07-23 16:00:00,118204.99000000,118708.24000000,117823.21000000,118567.39000000,741.63721000
2025-07-23 17:00:00,118567.39000000,118567.39000000,117561.23000000,117712.53000000,803.50351000
2025-07-23 18:00:00,117712.53000000,118136.46000000,117331.63000000,118131.99000000,856.62881000
2025-07-23 19:00:00,118131.99000000,118387.85000000,117998.90000000,118379.45000000,514.88794000
2025-07-23 20:00:00,118379.44000000,118466.69000000,118218.12000000,118393.64000000,476.80341000
2025-07-23 21:00:00,118393.64000000,118498.76000000,117559.91000000,117900.00000000,625.02001000
2025-07-23 22:00:00,117900.00000000,118181.36000000,117381.80000000,118181.36000000,644.91730000
2025-07-23 23:00:00,118181.75000000,118630.39000000,117937.47000000,118568.99000000,553.07391000
2025-07-24 00:00:00,118568.99000000,118756.00000000,118421.86000000,118755.99000000,613.27129000
2025-07-24 01:00:00,118756.00000000,119138.57000000,118571.17000000,119060.00000000,647.45883000
2025-07-24 02:00:00,119060.01000000,119100.00000000,118787.32000000,119094.40000000,299.18389000
2025-07-24 03:00:00,119094.40000000,119094.40000000,118808.44000000,118960.60000000,290.68089000
2025-07-24 04:00:00,118960.60000000,119273.36000000,118466.71000000,118488.92000000,640.95973000
2025-07-24 05:00:00,118488.92000000,118610.25000000,117830.00000000,117941.86000000,760.33077000
2025-07-24 06:00:00,117941.86000000,117953.72000000,117500.00000000,117604.55000000,902.71116000
2025-07-24 07:00:00,117604.54000000,117855.00000000,117380.03000000,117466.81000000,933.69554000
2025-07-24 08:00:00,117466.81000000,118473.62000000,117103.10000000,118416.21000000,1190.19498000
2025-07-24 09:00:00,118416.21000000,118811.09000000,118224.76000000,118775.28000000,827.24635000
2025-07-24 10:00:00,118775.29000000,118814.47000000,118300.53000000,118507.08000000,476.62912000
2025-07-24 11:00:00,118507.07000000,118648.53000000,117955.59000000,118373.99000000,531.25500000
2025-07-24 12:00:00,118374.00000000,118739.13000000,118297.56000000,118600.00000000,569.02762000
2025-07-24 13:00:00,118600.00000000,118728.33000000,118281.12000000,118531.42000000,776.17409000
2025-07-24 14:00:00,118531.43000000,118727.53000000,118220.00000000,118227.48000000,630.03049000
2025-07-24 15:00:00,118227.48000000,119109.74000000,117832.32000000,119057.11000000,1286.22387000
2025-07-24 16:00:00,119057.12000000,119450.00000000,118614.84000000,119092.65000000,1446.86371000
2025-07-24 17:00:00,119092.65000000,119190.41000000,118350.00000000,118529.97000000,870.59406000
2025-07-24 18:00:00,118529.97000000,119307.43000000,118481.70000000,119122.94000000,402.20867000
2025-07-24 19:00:00,119122.95000000,119395.81000000,118960.27000000,119044.29000000,426.58619000
2025-07-24 20:00:00,119044.29000000,119343.97000000,118900.02000000,118943.42000000,467.43770000
2025-07-24 21:00:00,118943.42000000,119010.64000000,118722.02000000,118722.02000000,271.81117000
2025-07-24 22:00:00,118722.03000000,118790.44000000,118487.20000000,118527.52000000,211.57104000
2025-07-24 23:00:00,118527.51000000,118626.09000000,118186.57000000,118280.01000000,387.73703000
2025-07-25 00:00:00,118280.00000000,118450.24000000,118166.94000000,118340.99000000,560.27853000
2025-07-25 01:00:00,118340.98000000,118451.57000000,117652.85000000,117664.56000000,992.03849000
2025-07-25 02:00:00,117664.55000000,117802.04000000,117231.00000000,117359.26000000,2379.32463000
2025-07-25 03:00:00,117359.27000000,117396.96000000,116353.66000000,116353.67000000,3274.41246000
2025-07-25 04:00:00,116353.67000000,116428.55000000,115330.86000000,115419.66000000,4481.42935000
2025-07-25 05:00:00,115419.65000000,116144.63000000,115115.00000000,116102.70000000,2028.74795000
2025-07-25 06:00:00,116102.71000000,116102.71000000,115263.54000000,115500.00000000,1990.02649000
2025-07-25 07:00:00,115500.00000000,115511.54000000,115200.00000000,115284.25000000,2030.76329000
2025-07-25 08:00:00,115284.25000000,115946.26000000,114723.16000000,115320.01000000,2785.71390000
2025-07-25 09:00:00,115320.01000000,115980.82000000,115008.85000000,115202.55000000,3646.45319000
2025-07-25 10:00:00,115202.55000000,116033.46000000,115020.59000000,116033.44000000,1501.26322000
2025-07-25 11:00:00,116033.44000000,116487.50000000,115990.09000000,116308.48000000,927.16868000
2025-07-25 12:00:00,116308.48000000,116782.13000000,116308.48000000,116543.58000000,1141.32627000
2025-07-25 13:00:00,116543.59000000,116656.99000000,115963.97000000,116105.96000000,1288.03796000
2025-07-25 14:00:00,116105.96000000,116600.00000000,115564.75000000,116216.27000000,1802.03130000
2025-07-25 15:00:00,116216.27000000,116286.87000000,114908.00000000,114960.01000000,2025.11480000
2025-07-25 16:00:00,114960.01000000,115846.39000000,114916.48000000,115727.08000000,1246.60929000
2025-07-25 17:00:00,115727.07000000,116214.88000000,115455.46000000,116185.32000000,941.06562000
2025-07-25 18:00:00,116185.31000000,116345.74000000,115871.80000000,116042.50000000,679.50606000
2025-07-25 19:00:00,116042.51000000,116568.73000000,116042.50000000,116491.53000000,629.25760000
2025-07-25 20:00:00,116491.53000000,116997.21000000,116405.70000000,116688.60000000,839.57954000
2025-07-25 21:00:00,116688.60000000,117306.00000000,116578.02000000,117040.01000000,737.65380000
2025-07-25 22:00:00,117040.01000000,117377.59000000,116956.00000000,117214.23000000,418.42958000
2025-07-25 23:00:00,117214.23000000,117343.89000000,117102.30000000,117279.97000000,248.88589000
2025-07-26 00:00:00,117279.97000000,117630.00000000,117186.83000000,117614.31000000,371.50937000
2025-07-26 01:00:00,117614.31000000,117614.32000000,117330.24000000,117496.00000000,388.41101000
2025-07-26 02:00:00,117496.00000000,117550.90000000,117138.38000000,117153.73000000,266.66811000
2025-07-26 03:00:00,117153.74000000,117750.00000000,117153.73000000,117469.00000000,391.82574000
2025-07-26 04:00:00,117469.01000000,117603.00000000,117462.64000000,117489.62000000,175.33791000
2025-07-26 05:00:00,117489.61000000,117547.92000000,117396.95000000,117496.81000000,182.72574000
2025-07-26 06:00:00,117496.80000000,117541.19000000,117419.83000000,117444.99000000,155.81148000
2025-07-26 07:00:00,117444.99000000,117458.00000000,117320.00000000,117350.71000000,213.86521000
2025-07-26 08:00:00,117350.71000000,117382.76000000,117304.46000000,117304.47000000,454.07762000
2025-07-26 09:00:00,117304.47000000,117615.12000000,117304.46000000,117557.14000000,259.96197000
2025-07-26 10:00:00,117557.14000000,117617.65000000,117458.00000000,117570.60000000,190.39173000
2025-07-26 11:00:00,117570.60000000,118217.45000000,117545.10000000,117971.93000000,749.16688000
2025-07-26 12:00:00,117971.94000000,118072.41000000,117776.10000000,117776.11000000,349.78900000
2025-07-26 13:00:00,117776.10000000,117990.00000000,117772.13000000,117914.17000000,171.77445000
2025-07-26 14:00:00,117914.16000000,118220.00000000,117855.15000000,118125.24000000,341.83674000
2025-07-26 15:00:00,118125.24000000,118210.85000000,117956.00000000,118064.99000000,355.21897000
2025-07-26 16:00:00,118064.99000000,118142.87000000,117818.20000000,118130.10000000,434.76718000
2025-07-26 17:00:00,118130.10000000,118188.97000000,118011.00000000,118081.18000000,351.27128000
2025-07-26 18:00:00,118081.19000000,118090.00000000,117990.00000000,118039.98000000,139.66952000
2025-07-26 19:00:00,118039.99000000,118099.99000000,117941.96000000,118095.15000000,195.55155000
2025-07-26 20:00:00,118095.16000000,118297.35000000,118040.00000000,118232.11000000,364.90102000
2025-07-26 21:00:00,118232.11000000,118232.12000000,117883.86000000,117956.32000000,249.16255000
2025-07-26 22:00:00,117956.32000000,118068.00000000,117888.20000000,118028.56000000,149.87446000
2025-07-26 23:00:00,118028.56000000,118276.66000000,117978.00000000,118007.02000000,289.29406000
2025-07-27 00:00:00,118007.03000000,118048.19000000,117890.00000000,117919.99000000,170.31788000
2025-07-27 01:00:00,117919.99000000,117961.89000000,117825.50000000,117952.00000000,131.17257000
2025-07-27 02:00:00,117951.99000000,118190.00000000,117920.00000000,118102.00000000,291.96170000
2025-07-27 03:00:00,118102.00000000,118358.18000000,118021.85000000,118309.99000000,398.69577000
2025-07-27 04:00:00,118309.99000000,118309.99000000,118080.92000000,118182.83000000,185.67692000
2025-07-27 05:00:00,118182.83000000,118272.43000000,118149.19000000,118215.10000000,180.57499000
2025-07-27 06:00:00,118215.09000000,118300.00000000,118160.84000000,118274.73000000,261.59962000
2025-07-27 07:00:00,118274.73000000,118438.83000000,118197.71000000,118263.40000000,218.37982000
2025-07-27 08:00:00,118263.40000000,118263.40000000,118066.74000000,118095.95000000,147.65770000
2025-07-27 09:00:00,118095.95000000,118129.75000000,117950.47000000,117950.47000000,201.29673000
2025-07-27 10:00:00,117950.47000000,117999.91000000,117859.98000000,117943.92000000,195.86439000
2025-07-27 11:00:00,117943.92000000,118292.86000000,117943.92000000,118184.92000000,257.64400000
2025-07-27 12:00:00,118184.92000000,118255.32000000,118050.00000000,118072.71000000,181.16448000
2025-07-27 13:00:00,118072.71000000,118111.34000000,117890.00000000,118097.39000000,298.94425000
2025-07-27 14:00:00,118097.39000000,118217.60000000,118085.87000000,118201.99000000,217.84311000
2025-07-27 15:00:00,118201.99000000,118499.00000000,118149.96000000,118422.16000000,467.70923000
2025-07-27 16:00:00,118422.16000000,118588.00000000,118236.84000000,118585.74000000,601.55506000
2025-07-27 17:00:00,118585.75000000,119540.01000000,118585.75000000,119090.45000000,2270.02899000
2025-07-27 18:00:00,119090.46000000,119334.88000000,118855.58000000,119196.69000000,652.20986000
2025-07-27 19:00:00,119196.68000000,119372.87000000,118942.90000000,119021.33000000,339.99317000
2025-07-27 20:00:00,119021.33000000,119073.91000000,118895.09000000,118960.00000000,156.14032000
2025-07-27 21:00:00,118960.01000000,119169.97000000,118713.74000000,118754.13000000,284.59066000
2025-07-27 22:00:00,118754.13000000,119270.15000000,118724.00000000,119265.76000000,238.52881000
2025-07-27 23:00:00,119265.75000000,119766.65000000,119228.56000000,119495.17000000,773.18425000
2025-07-28 00:00:00,119495.16000000,119528.47000000,119119.53000000,119415.55000000,375.89279000
2025-07-28 01:00:00,119415.56000000,119690.32000000,119126.09000000,119236.72000000,466.02933000
2025-07-28 02:00:00,119236.72000000,119480.00000000,118960.50000000,119037.77000000,475.77219000
2025-07-28 03:00:00,119037.77000000,119800.00000000,119021.11000000,119434.14000000,578.13763000
2025-07-28 04:00:00,119434.14000000,119521.03000000,119234.37000000,119287.99000000,304.59253000
2025-07-28 05:00:00,119287.99000000,119423.58000000,119128.46000000,119218.05000000,341.10705000
2025-07-28 06:00:00,119218.06000000,119701.07000000,119138.24000000,119526.13000000,787.56270000
2025-07-28 07:00:00,119526.13000000,119600.00000000,119440.00000000,119448.02000000,349.57844000
2025-07-28 08:00:00,119448.03000000,119448.03000000,118774.31000000,118900.00000000,881.81401000
2025-07-28 09:00:00,118900.01000000,119102.69000000,118777.98000000,119072.45000000,558.77409000
2025-07-28 10:00:00,119072.45000000,119072.45000000,118704.01000000,118930.87000000,367.39295000
2025-07-28 11:00:00,118930.88000000,118953.52000000,118620.22000000,118764.53000000,360.71138000
2025-07-28 12:00:00,118764.54000000,118873.78000000,118475.47000000,118827.49000000,773.30378000
2025-07-28 13:00:00,118827.49000000,119093.68000000,118783.85000000,118845.24000000,779.03242000
2025-07-28 14:00:00,118845.23000000,119085.79000000,118234.28000000,118434.78000000,1098.91827000
2025-07-28 15:00:00,118434.77000000,118685.02000000,117895.73000000,117985.93000000,1300.98009000
2025-07-28 16:00:00,117985.94000000,118500.00000000,117907.00000000,118174.90000000,613.67950000
2025-07-28 17:00:00,118174.89000000,118376.61000000,118003.55000000,118028.88000000,472.32021000
2025-07-28 18:00:00,118028.89000000,118112.24000000,117653.39000000,117667.86000000,789.85169000
2025-07-28 19:00:00,117667.86000000,117856.37000000,117427.50000000,117776.56000000,670.47028000
2025-07-28 20:00:00,117776.56000000,118244.46000000,117542.45000000,118068.73000000,642.91309000
2025-07-28 21:00:00,118068.73000000,118162.17000000,117500.09000000,118044.93000000,399.93343000
2025-07-28 22:00:00,118044.93000000,118350.01000000,117951.12000000,118106.90000000,334.38901000
2025-07-28 23:00:00,118106.89000000,118266.06000000,117762.51000000,117854.35000000,370.20373000
2025-07-29 00:00:00,117854.34000000,118172.37000000,117814.64000000,118062.32000000,244.27974000
2025-07-29 01:00:00,118062.32000000,118450.00000000,117539.68000000,117979.80000000,548.35859000
2025-07-29 02:00:00,117979.80000000,118247.62000000,117774.15000000,117774.16000000,264.65387000
2025-07-29 03:00:00,117774.15000000,118102.79000000,117450.00000000,118095.60000000,550.84159000
2025-07-29 04:00:00,118095.59000000,118800.00000000,118095.59000000,118764.85000000,879.02363000
2025-07-29 05:00:00,118764.85000000,118799.99000000,118416.66000000,118533.93000000,441.70806000
2025-07-29 06:00:00,118533.93000000,118852.00000000,118527.77000000,118800.00000000,475.07739000
2025-07-29 07:00:00,118799.99000000,119061.68000000,118731.74000000,118764.85000000,664.61050000
2025-07-29 08:00:00,118764.86000000,119273.36000000,118750.87000000,118882.37000000,998.59676000
2025-07-29 09:00:00,118882.37000000,119051.00000000,118764.86000000,118923.80000000,302.76278000
2025-07-29 10:00:00,118923.81000000,118985.00000000,118758.98000000,118784.79000000,385.26308000
2025-07-29 11:00:00,118784.80000000,118828.01000000,118300.00000000,118317.75000000,697.30138000
2025-07-29 12:00:00,118317.74000000,118592.39000000,118160.87000000,118592.38000000,577.62627000
2025-07-29 13:00:00,118592.38000000,119080.81000000,118450.00000000,118906.85000000,787.26429000
2025-07-29 14:00:00,118906.85000000,119029.54000000,118527.01000000,118621.27000000,657.45227000
2025-07-29 15:00:00,118621.27000000,118635.58000000,117701.00000000,117823.67000000,1328.29060000
2025-07-29 16:00:00,117823.66000000,117955.39000000,117272.00000000,117400.01000000,1400.94922000
2025-07-29 17:00:00,117400.02000000,117758.13000000,116950.75000000,117739.03000000,1125.15650000
2025-07-29 18:00:00,117739.03000000,118057.05000000,117629.99000000,117773.69000000,512.49259000
2025-07-29 19:00:00,117773.69000000,117824.59000000,117482.40000000,117606.72000000,260.60632000
2025-07-29 20:00:00,117606.74000000,118000.00000000,117420.00000000,117525.29000000,542.80793000
2025-07-29 21:00:00,117525.28000000,117871.39000000,117094.96000000,117514.28000000,823.80047000
2025-07-29 22:00:00,117514.49000000,117701.10000000,117190.83000000,117606.79000000,470.68677000
2025-07-29 23:00:00,117606.79000000,117860.00000000,117459.04000000,117848.03000000,239.80039000
2025-07-30 00:00:00,117848.03000000,118000.00000000,117729.80000000,117950.76000000,202.80320000
2025-07-30 01:00:00,117950.75000000,117995.98000000,117538.15000000,117744.77000000,246.31499000
2025-07-30 02:00:00,117744.78000000,118012.78000000,117412.53000000,117862.05000000,234.85179000
2025-07-30 03:00:00,117862.05000000,118119.00000000,117796.14000000,118024.11000000,330.69294000
2025-07-30 04:00:00,118024.10000000,118250.00000000,117905.61000000,118161.87000000,414.52534000
2025-07-30 05:00:00,118161.86000000,118275.18000000,117963.65000000,117993.52000000,266.35002000
2025-07-30 06:00:00,117993.52000000,118080.00000000,117667.33000000,117992.26000000,269.77024000
2025-07-30 07:00:00,117992.26000000,118326.56000000,117992.25000000,118287.31000000,396.72321000
2025-07-30 08:00:00,118287.31000000,118412.11000000,118118.00000000,118123.01000000,299.24616000
2025-07-30 09:00:00,118123.00000000,118481.81000000,117939.99000000,118372.73000000,466.68398000
2025-07-30 10:00:00,118372.73000000,118427.98000000,117985.98000000,118164.08000000,298.15038000
2025-07-30 11:00:00,118164.08000000,118471.69000000,117928.13000000,118020.18000000,816.03502000
2025-07-30 12:00:00,118020.17000000,118184.00000000,117358.84000000,117579.99000000,647.14857000
2025-07-30 13:00:00,117579.99000000,117909.01000000,117358.84000000,117739.02000000,676.38941000
2025-07-30 14:00:00,117739.02000000,117888.00000000,117415.62000000,117675.79000000,901.27996000
2025-07-30 15:00:00,117675.78000000,118728.15000000,117610.93000000,118714.35000000,1103.46809000
2025-07-30 16:00:00,118714.35000000,118792.00000000,117834.24000000,118000.01000000,1113.77866000
2025-07-30 17:00:00,118000.01000000,118021.88000000,117635.30000000,117734.80000000,710.50243000
2025-07-30 18:00:00,117734.80000000,117940.00000000,117650.00000000,117802.10000000,591.37855000
2025-07-30 19:00:00,117802.11000000,118037.18000000,116509.47000000,116523.14000000,1846.61677000
2025-07-30 20:00:00,116523.15000000,117123.80000000,115796.23000000,116916.73000000,2572.65277000
2025-07-30 21:00:00,116916.73000000,117325.94000000,116880.64000000,117175.71000000,515.76280000
2025-07-30 22:00:00,117175.72000000,117336.34000000,116955.64000000,117326.82000000,214.49198000
2025-07-30 23:00:00,117326.82000000,117497.17000000,117253.73000000,117486.49000000,316.24088000
2025-07-31 00:00:00,117486.48000000,117908.40000000,117460.00000000,117840.30000000,337.68137000
2025-07-31 01:00:00,117840.29000000,118542.39000000,117781.87000000,118415.80000000,800.06860000
2025-07-31 02:00:00,118415.80000000,118456.46000000,117992.71000000,118055.32000000,463.81141000
2025-07-31 03:00:00,118055.32000000,118520.32000000,117981.02000000,118447.52000000,585.37259000
2025-07-31 04:00:00,118447.52000000,118600.00000000,118385.00000000,118466.14000000,458.32072000
2025-07-31 05:00:00,118466.15000000,118550.00000000,118364.13000000,118511.53000000,359.32077000
2025-07-31 06:00:00,118511.52000000,118540.00000000,118331.63000000,118362.00000000,277.83295000
2025-07-31 07:00:00,118362.01000000,118725.59000000,118287.63000000,118691.78000000,552.35653000
2025-07-31 08:00:00,118691.79000000,118922.45000000,118604.22000000,118665.97000000,718.45709000
2025-07-31 09:00:00,118665.98000000,118770.07000000,118568.46000000,118593.94000000,310.28437000
2025-07-31 10:00:00,118593.95000000,118617.96000000,118467.65000000,118605.58000000,248.44101000
2025-07-31 11:00:00,118605.58000000,118719.42000000,118435.72000000,118505.02000000,285.13996000
2025-07-31 12:00:00,118505.02000000,118560.00000000,118278.91000000,118371.25000000,446.34097000
2025-07-31 13:00:00,118371.25000000,118645.10000000,118285.14000000,118626.18000000,435.85485000
2025-07-31 14:00:00,118626.19000000,118702.10000000,117807.35000000,118557.01000000,806.82751000
2025-07-31 15:00:00,118557.01000000,118660.17000000,117901.68000000,117913.18000000,1043.63162000
2025-07-31 16:00:00,117913.19000000,118351.00000000,117894.99000000,118306.18000000,1170.96697000
2025-07-31 17:00:00,118306.18000000,118879.14000000,118242.39000000,118538.53000000,876.32003000
2025-07-31 18:00:00,118538.53000000,118557.71000000,117702.42000000,117728.00000000,1032.83499000
2025-07-31 19:00:00,117728.00000000,117998.38000000,117400.00000000,117658.80000000,946.75341000
2025-07-31 20:00:00,117658.81000000,117762.05000000,116763.43000000,116785.79000000,1372.31175000
2025-07-31 21:00:00,116785.78000000,116990.04000000,116450.00000000,116514.00000000,975.87757000
2025-07-31 22:00:00,116514.00000000,116909.67000000,116228.77000000,116536.96000000,742.76679000
2025-07-31 23:00:00,116536.96000000,116536.97000000,116010.00000000,116010.60000000,834.08855000
2025-08-01 00:00:00,116010.60000000,116362.99000000,115500.00000000,115764.08000000,1266.02629000
2025-08-01 01:00:00,115764.07000000,115933.00000000,114313.13000000,115427.27000000,2526.88761000
2025-08-01 02:00:00,115427.27000000,115609.99000000,114600.00000000,115331.86000000,1656.04021000
2025-08-01 03:00:00,115328.67000000,116019.30000000,115221.07000000,115966.12000000,704.95562000
2025-08-01 04:00:00,115966.11000000,116052.00000000,115613.21000000,115648.03000000,552.44227000
2025-08-01 05:00:00,115648.03000000,115699.58000000,115266.64000000,115695.52000000,571.24791000
2025-08-01 06:00:00,115695.53000000,115916.43000000,115385.92000000,115568.00000000,511.19199000
2025-08-01 07:00:00,115568.00000000,115658.09000000,115065.55000000,115156.51000000,629.39718000
2025-08-01 08:00:00,115156.52000000,115300.00000000,114633.18000000,115081.77000000,1240.67026000
2025-08-01 09:00:00,115081.76000000,115081.76000000,114116.00000000,114615.99000000,1432.56065000
2025-08-01 10:00:00,114615.98000000,115340.00000000,114555.41000000,114938.67000000,848.20925000
2025-08-01 11:00:00,114938.66000000,115203.13000000,114710.02000000,114762.58000000,563.08800000
2025-08-01 12:00:00,114762.58000000,115336.98000000,114602.40000000,115305.65000000,494.67127000
2025-08-01 13:00:00,115305.64000000,115900.00000000,115142.62000000,115732.48000000,1062.63539000
2025-08-01 14:00:00,115732.48000000,116019.30000000,114172.00000000,114352.05000000,1584.07705000
2025-08-01 15:00:00,114352.04000000,115831.28000000,113988.47000000,115619.80000000,1808.99000000
2025-08-01 16:00:00,115619.80000000,115645.57000000,114676.03000000,115357.82000000,870.26042000
2025-08-01 17:00:00,115357.82000000,115695.52000000,114817.81000000,115015.60000000,703.92463000
2025-08-01 18:00:00,115015.60000000,115096.93000000,114345.00000000,114420.00000000,956.24887000
2025-08-01 19:00:00,114420.00000000,114496.59000000,113669.01000000,113836.93000000,1180.88823000
2025-08-01 20:00:00,113836.92000000,113922.47000000,113221.93000000,113328.68000000,1294.41329000
2025-08-01 21:00:00,113328.67000000,113980.00000000,113168.22000000,113951.09000000,957.20378000
2025-08-01 22:00:00,113951.10000000,114094.08000000,113700.00000000,113892.12000000,429.29775000
2025-08-01 23:00:00,113892.11000000,114010.82000000,112722.58000000,113141.05000000,1368.89305000
2025-08-02 00:00:00,113141.05000000,113560.46000000,112908.54000000,113297.93000000,538.90738000
2025-08-02 01:00:00,113297.92000000,113844.16000000,113198.63000000,113822.97000000,564.28406000
2025-08-02 02:00:00,113822.97000000,113909.30000000,113420.76000000,113674.24000000,353.21281000
2025-08-02 03:00:00,113674.23000000,113766.43000000,113534.30000000,113702.24000000,231.27114000
2025-08-02 04:00:00,113702.24000000,113921.94000000,113702.24000000,113909.86000000,274.20460000
2025-08-02 05:00:00,113909.87000000,114057.27000000,113820.00000000,114025.75000000,276.30204000
2025-08-02 06:00:00,114025.76000000,114063.49000000,113855.01000000,113981.06000000,316.01705000
2025-08-02 07:00:00,113981.07000000,113981.07000000,113469.43000000,113697.85000000,738.65234000
2025-08-02 08:00:00,113697.85000000,114021.00000000,113556.19000000,113982.49000000,343.41858000
2025-08-02 09:00:00,113982.49000000,114040.29000000,113676.81000000,113682.01000000,340.52067000
2025-08-02 10:00:00,113682.01000000,113852.00000000,113572.19000000,113690.70000000,257.96721000
2025-08-02 11:00:00,113690.71000000,113704.00000000,113425.58000000,113550.89000000,298.16298000
2025-08-02 12:00:00,113550.89000000,113914.25000000,113451.77000000,113787.12000000,238.71141000
2025-08-02 13:00:00,113787.11000000,113787.12000000,113564.99000000,113620.01000000,343.54746000
2025-08-02 14:00:00,113620.01000000,113630.00000000,113218.00000000,113457.85000000,451.43917000
2025-08-02 15:00:00,113457.86000000,113530.00000000,112939.39000000,113099.89000000,592.68220000
2025-08-02 16:00:00,113099.90000000,113420.00000000,112802.31000000,112840.71000000,535.05988000
2025-08-02 17:00:00,112840.70000000,113261.16000000,112700.07000000,113200.25000000,635.18022000
2025-08-02 18:00:00,113200.25000000,113420.00000000,112584.23000000,112724.03000000,549.02438000
2025-08-02 19:00:00,112724.04000000,112920.00000000,112099.22000000,112327.65000000,1222.82947000
2025-08-02 20:00:00,112327.65000000,112945.62000000,112003.00000000,112229.42000000,1007.67252000
2025-08-02 21:00:00,112229.42000000,112780.00000000,112069.86000000,112780.00000000,524.00327000
2025-08-02 22:00:00,112780.00000000,113058.82000000,112562.02000000,112859.32000000,390.78856000
2025-08-02 23:00:00,112859.32000000,113011.63000000,112555.00000000,112862.14000000,295.91620000
2025-08-03 00:00:00,112862.14000000,112873.83000000,112280.86000000,112546.35000000,726.46606000
2025-08-03 01:00:00,112546.35000000,112992.27000000,111920.00000000,112956.04000000,821.53565000
2025-08-03 02:00:00,112956.04000000,113269.92000000,112841.46000000,113107.99000000,481.50444000
2025-08-03 03:00:00,113107.99000000,113517.58000000,113100.00000000,113517.58000000,450.43769000
2025-08-03 04:00:00,113517.58000000,113740.69000000,113419.45000000,113604.20000000,353.06632000
2025-08-03 05:00:00,113604.20000000,113604.20000000,113341.06000000,113468.41000000,237.62179000
2025-08-03 06:00:00,113468.41000000,113659.00000000,113408.22000000,113618.52000000,203.79543000
2025-08-03 07:00:00,113618.52000000,113636.50000000,113472.54000000,113559.34000000,147.54012000
2025-08-03 08:00:00,113559.34000000,113720.16000000,113559.34000000,113700.00000000,175.31963000
2025-08-03 09:00:00,113700.00000000,113790.00000000,113551.00000000,113692.00000000,282.38474000
2025-08-03 10:00:00,113692.01000000,113710.51000000,113630.30000000,113654.95000000,234.09945000
2025-08-03 11:00:00,113654.95000000,113900.00000000,113654.94000000,113899.99000000,181.60816000
2025-08-03 12:00:00,113899.99000000,114260.31000000,113861.18000000,113862.18000000,562.11642000
2025-08-03 13:00:00,113862.19000000,114098.45000000,113656.40000000,114009.99000000,337.34488000
2025-08-03 14:00:00,114010.00000000,114095.35000000,113803.00000000,113939.00000000,257.53926000
2025-08-03 15:00:00,113939.00000000,114065.54000000,113579.69000000,113792.28000000,320.16676000
2025-08-03 16:00:00,113792.29000000,113966.00000000,113674.05000000,113959.06000000,216.51596000
2025-08-03 17:00:00,113959.06000000,114026.82000000,113775.55000000,113995.16000000,246.66079000
2025-08-03 18:00:00,113995.15000000,114165.09000000,113953.97000000,114117.42000000,198.95641000
2025-08-03 19:00:00,114117.42000000,114460.15000000,114060.36000000,114380.40000000,361.64858000
2025-08-03 20:00:00,114380.41000000,114799.97000000,114259.95000000,114313.19000000,447.69931000
2025-08-03 21:00:00,114313.19000000,114467.00000000,114163.49000000,114423.77000000,200.81959000
2025-08-03 22:00:00,114423.77000000,114521.68000000,114363.46000000,114435.47000000,223.44858000
2025-08-03 23:00:00,114435.46000000,114612.24000000,114066.56000000,114324.83000000,237.81327000
2025-08-04 00:00:00,114324.84000000,114500.00000000,114176.00000000,114208.80000000,218.11723000
2025-08-04 01:00:00,114208.81000000,114914.29000000,114107.60000000,114899.87000000,508.31725000
2025-08-04 02:00:00,114899.86000000,115000.00000000,114620.14000000,114671.96000000,423.44241000
2025-08-04 03:00:00,114671.96000000,114877.98000000,114418.68000000,114797.90000000,351.22547000
2025-08-04 04:00:00,114797.90000000,114799.00000000,114527.73000000,114570.61000000,242.02073000
2025-08-04 05:00:00,114570.61000000,114653.51000000,114345.74000000,114383.55000000,269.38623000
2025-08-04 06:00:00,114383.54000000,114418.75000000,114188.00000000,114391.26000000,265.57526000
2025-08-04 07:00:00,114391.26000000,114482.49000000,114148.58000000,114423.76000000,331.16254000
2025-08-04 08:00:00,114423.77000000,114778.50000000,114402.45000000,114652.97000000,355.14904000
2025-08-04 09:00:00,114652.98000000,114750.00000000,114360.99000000,114546.25000000,411.15429000
2025-08-04 10:00:00,114546.25000000,114744.20000000,114302.29000000,114325.92000000,278.67574000
2025-08-04 11:00:00,114325.92000000,114506.16000000,114234.58000000,114251.83000000,264.56078000
2025-08-04 12:00:00,114251.83000000,114517.55000000,114217.97000000,114493.09000000,234.25413000
2025-08-04 13:00:00,114493.09000000,114535.48000000,114327.95000000,114444.36000000,221.84590000
2025-08-04 14:00:00,114444.36000000,114913.89000000,114121.00000000,114913.88000000,839.66562000
2025-08-04 15:00:00,114913.89000000,115466.00000000,114652.96000000,114736.78000000,1386.32387000
2025-08-04 16:00:00,114736.78000000,115022.97000000,114560.33000000,114826.00000000,437.62587000
2025-08-04 17:00:00,114826.01000000,115405.22000000,114826.00000000,115301.00000000,612.68493000
2025-08-04 18:00:00,115301.00000000,115720.00000000,115148.08000000,115193.41000000,546.48208000
2025-08-04 19:00:00,115193.41000000,115312.76000000,114913.88000000,114957.64000000,298.66935000
2025-08-04 20:00:00,114957.63000000,115134.46000000,114732.65000000,114777.62000000,385.27982000
2025-08-04 21:00:00,114777.62000000,115076.34000000,114616.33000000,114811.96000000,363.41688000
2025-08-04 22:00:00,114811.95000000,115258.62000000,114810.75000000,115111.09000000,229.85173000
2025-08-04 23:00:00,115111.09000000,115325.88000000,115086.72000000,115325.88000000,225.85251000
2025-08-05 00:00:00,115325.88000000,115340.00000000,115046.67000000,115055.03000000,185.05673000
2025-08-05 01:00:00,115055.03000000,115127.81000000,114840.00000000,114886.96000000,347.41151000
2025-08-05 02:00:00,114886.97000000,115046.68000000,114695.18000000,114708.11000000,309.55292000
2025-08-05 03:00:00,114708.11000000,114827.79000000,114614.94000000,114719.27000000,238.27103000
2025-08-05 04:00:00,114719.27000000,114737.82000000,114256.85000000,114256.85000000,503.68849000
2025-08-05 05:00:00,114256.85000000,114426.65000000,114149.95000000,114338.06000000,577.56577000
2025-08-05 06:00:00,114338.07000000,114487.25000000,114239.87000000,114405.99000000,337.63342000
2025-08-05 07:00:00,114406.00000000,114500.66000000,114105.71000000,114178.63000000,389.84213000
2025-08-05 08:00:00,114178.64000000,114395.30000000,113725.72000000,113969.70000000,820.50191000
2025-08-05 09:00:00,113969.70000000,114540.00000000,113928.87000000,114281.09000000,460.31877000
2025-08-05 10:00:00,114281.09000000,114792.72000000,114281.08000000,114694.76000000,482.30599000
2025-08-05 11:00:00,114694.76000000,115096.73000000,114586.73000000,114841.27000000,438.67573000
2025-08-05 12:00:00,114841.28000000,114972.00000000,114750.00000000,114827.07000000,212.26183000
2025-08-05 13:00:00,114827.07000000,114893.13000000,113500.01000000,113937.35000000,935.92869000
2025-08-05 14:00:00,113937.35000000,114573.17000000,113868.00000000,114381.43000000,634.93972000
2025-08-05 15:00:00,114380.75000000,114386.37000000,112650.00000000,113037.12000000,2125.43779000
2025-08-05 16:00:00,113037.12000000,113249.11000000,112692.30000000,112934.00000000,894.16220000
2025-08-05 17:00:00,112934.00000000,113367.31000000,112815.68000000,113175.73000000,505.57628000
2025-08-05 18:00:00,113175.73000000,113661.96000000,113096.00000000,113640.01000000,359.20465000
2025-08-05 19:00:00,113640.01000000,113653.93000000,113261.79000000,113644.71000000,313.62971000
2025-08-05 20:00:00,113644.72000000,113763.27000000,113407.35000000,113616.52000000,256.11010000
2025-08-05 21:00:00,113616.51000000,113989.97000000,113494.47000000,113690.71000000,242.46818000
2025-08-05 22:00:00,113690.71000000,113862.45000000,113569.07000000,113606.53000000,183.41893000
2025-08-05 23:00:00,113606.52000000,113989.40000000,113304.00000000,113961.25000000,268.24607000
2025-08-06 00:00:00,113961.25000000,114228.88000000,113918.40000000,114129.75000000,205.63896000
2025-08-06 01:00:00,114129.75000000,114139.38000000,113748.67000000,113879.70000000,295.34760000
2025-08-06 02:00:00,113879.69000000,113945.14000000,113588.77000000,113821.21000000,292.50885000
2025-08-06 03:00:00,113820.77000000,113833.88000000,113491.76000000,113623.22000000,206.78627000
2025-08-06 04:00:00,113623.23000000,113658.13000000,113400.00000000,113509.97000000,266.89492000
2025-08-06 05:00:00,113509.98000000,113582.71000000,113355.13000000,113429.21000000,248.98133000
2025-08-06 06:00:00,113429.21000000,114417.02000000,113384.81000000,114148.01000000,602.70557000
2025-08-06 07:00:00,114148.01000000,114200.00000000,113933.23000000,114084.93000000,265.65128000
2025-08-06 08:00:00,114084.92000000,114300.00000000,114019.66000000,114227.91000000,319.69253000
2025-08-06 09:00:00,114227.90000000,114250.00000000,113727.57000000,113948.22000000,382.35629000
2025-08-06 10:00:00,113948.23000000,114368.31000000,113906.96000000,114093.15000000,340.97337000
2025-08-06 11:00:00,114093.15000000,114226.69000000,113899.20000000,114067.20000000,335.97303000
2025-08-06 12:00:00,114067.20000000,114404.23000000,114007.85000000,114226.69000000,220.99495000
2025-08-06 13:00:00,114226.68000000,114333.59000000,113809.02000000,113914.31000000,306.06988000
2025-08-06 14:00:00,113914.31000000,114390.88000000,113579.90000000,114270.09000000,671.19500000
2025-08-06 15:00:00,114270.09000000,115200.00000000,113869.88000000,115187.96000000,1041.66895000
2025-08-06 16:00:00,115187.96000000,115515.09000000,114832.38000000,115413.87000000,1490.74630000
2025-08-06 17:00:00,115413.87000000,115477.06000000,114942.18000000,115132.49000000,642.38859000
2025-08-06 18:00:00,115132.49000000,115514.28000000,115024.00000000,115500.00000000,392.98209000
2025-08-06 19:00:00,115500.00000000,115716.00000000,115301.27000000,115423.22000000,479.34282000
2025-08-06 20:00:00,115423.23000000,115525.48000000,115118.80000000,115259.99000000,213.24559000
2025-08-06 21:00:00,115260.00000000,115260.00000000,114987.68000000,115045.64000000,210.50571000
2025-08-06 22:00:00,115045.65000000,115221.14000000,114793.01000000,115048.78000000,185.66057000
2025-08-06 23:00:00,115048.77000000,115210.95000000,115039.14000000,115106.67000000,165.26512000
2025-08-07 00:00:00,115106.66000000,115122.34000000,114963.20000000,114992.27000000,183.21657000
2025-08-07 01:00:00,114992.27000000,115015.82000000,114856.15000000,114890.65000000,163.37387000
2025-08-07 02:00:00,114890.66000000,115185.58000000,114580.53000000,114763.46000000,404.60721000
2025-08-07 03:00:00,114763.47000000,114859.00000000,114404.22000000,114565.28000000,452.19409000
2025-08-07 04:00:00,114564.76000000,114624.30000000,114404.70000000,114546.03000000,172.73916000
2025-08-07 05:00:00,114546.03000000,114648.00000000,114259.00000000,114349.58000000,270.06529000
2025-08-07 06:00:00,114349.58000000,114568.74000000,114278.02000000,114568.73000000,404.27424000
2025-08-07 07:00:00,114568.74000000,114784.00000000,114511.96000000,114650.01000000,387.25216000
2025-08-07 08:00:00,114650.01000000,114876.79000000,114640.03000000,114787.99000000,229.36946000
2025-08-07 09:00:00,114787.99000000,115179.99000000,114787.98000000,114948.74000000,302.62190000
2025-08-07 10:00:00,114948.74000000,115077.37000000,114844.78000000,115062.19000000,216.94309000
2025-08-07 11:00:00,115062.19000000,116430.01000000,115038.06000000,116347.22000000,1912.68886000
2025-08-07 12:00:00,116347.23000000,116828.93000000,116347.23000000,116519.53000000,1265.85500000
2025-08-07 13:00:00,116519.54000000,116588.02000000,116035.84000000,116390.00000000,797.06170000
2025-08-07 14:00:00,116390.01000000,116741.05000000,116200.00000000,116640.00000000,668.99023000
2025-08-07 15:00:00,116640.01000000,116680.00000000,116204.32000000,116363.16000000,793.48345000
2025-08-07 16:00:00,116363.16000000,116791.11000000,116240.00000000,116689.81000000,487.19639000
2025-08-07 17:00:00,116689.80000000,116748.66000000,115632.31000000,116259.24000000,767.87711000
2025-08-07 18:00:00,116259.24000000,116560.00000000,116120.00000000,116511.54000000,505.06396000
2025-08-07 19:00:00,116511.55000000,116573.36000000,116123.72000000,116561.05000000,422.06821000
2025-08-07 20:00:00,116561.05000000,117520.00000000,116488.00000000,117461.98000000,1040.61628000
2025-08-07 21:00:00,117461.99000000,117496.05000000,117140.32000000,117182.19000000,510.82309000
2025-08-07 22:00:00,117182.19000000,117354.21000000,117012.00000000,117105.78000000,337.78727000
2025-08-07 23:00:00,117105.77000000,117621.00000000,117079.39000000,117554.23000000,676.81999000
2025-08-08 00:00:00,117554.23000000,117579.98000000,117292.88000000,117472.01000000,278.79062000
2025-08-08 01:00:00,117472.02000000,117630.00000000,116870.21000000,117264.12000000,806.35514000
2025-08-08 02:00:00,117264.11000000,117264.12000000,116786.43000000,116888.02000000,659.33735000
2025-08-08 03:00:00,116888.01000000,116923.21000000,116694.28000000,116700.00000000,320.47308000
2025-08-08 04:00:00,116700.00000000,116980.00000000,116699.60000000,116737.35000000,607.75417000
2025-08-08 05:00:00,116737.34000000,116869.49000000,116666.00000000,116750.01000000,325.84463000
2025-08-08 06:00:00,116750.01000000,116750.01000000,116505.00000000,116530.63000000,346.36157000
2025-08-08 07:00:00,116530.64000000,116763.44000000,116401.00000000,116740.01000000,336.48270000
2025-08-08 08:00:00,116740.01000000,116973.30000000,116557.54000000,116817.19000000,447.58601000
2025-08-08 09:00:00,116817.20000000,116914.60000000,116449.51000000,116620.63000000,335.47963000
2025-08-08 10:00:00,116620.63000000,116726.88000000,116481.44000000,116685.17000000,231.14843000
2025-08-08 11:00:00,116685.17000000,116714.46000000,116317.08000000,116544.39000000,331.86082000
2025-08-08 12:00:00,116544.39000000,116899.78000000,116544.39000000,116891.51000000,210.49123000
2025-08-08 13:00:00,116891.51000000,116891.52000000,116492.45000000,116500.48000000,293.02279000
2025-08-08 14:00:00,116500.49000000,116945.63000000,116499.43000000,116917.97000000,612.94206000
2025-08-08 15:00:00,116917.98000000,117271.73000000,116381.32000000,116491.53000000,725.75392000
2025-08-08 16:00:00,116491.53000000,116538.94000000,115878.71000000,116207.69000000,909.09971000
2025-08-08 17:00:00,116207.70000000,116364.82000000,116006.14000000,116193.63000000,344.02759000
2025-08-08 18:00:00,116193.63000000,116708.86000000,116161.11000000,116708.86000000,450.81243000
2025-08-08 19:00:00,116708.86000000,116900.00000000,116336.00000000,116497.99000000,571.66690000
2025-08-08 20:00:00,116497.99000000,116716.26000000,116337.91000000,116453.41000000,324.29021000
2025-08-08 21:00:00,116453.41000000,116900.00000000,116319.06000000,116888.52000000,248.65741000
2025-08-08 22:00:00,116888.52000000,116979.95000000,116755.53000000,116931.44000000,257.90138000
2025-08-08 23:00:00,116931.43000000,116980.00000000,116752.05000000,116888.90000000,210.40070000
2025-08-09 00:00:00,116888.90000000,116917.74000000,116657.26000000,116674.74000000,137.56292000
2025-08-09 01:00:00,116674.74000000,116750.00000000,116577.72000000,116586.00000000,153.62100000
2025-08-09 02:00:00,116586.00000000,116650.01000000,116521.38000000,116563.26000000,163.11531000
2025-08-09 03:00:00,116563.26000000,116563.26000000,116400.00000000,116404.00000000,173.10957000
2025-08-09 04:00:00,116404.00000000,116482.28000000,116299.13000000,116384.01000000,482.04648000
2025-08-09 05:00:00,116384.01000000,116675.99000000,116339.45000000,116434.76000000,377.42502000
2025-08-09 06:00:00,116434.77000000,116980.00000000,116418.00000000,116739.23000000,1012.58137000
2025-08-09 07:00:00,116739.23000000,116756.24000000,116532.77000000,116650.75000000,388.30445000
2025-08-09 08:00:00,116650.75000000,116902.22000000,116633.88000000,116756.01000000,242.70175000
2025-08-09 09:00:00,116756.00000000,117181.00000000,116756.00000000,117106.65000000,373.19101000
2025-08-09 10:00:00,117106.66000000,117510.88000000,117045.54000000,117510.87000000,774.92238000
2025-08-09 11:00:00,117510.88000000,117944.05000000,117382.27000000,117424.16000000,867.64459000
2025-08-09 12:00:00,117424.16000000,117471.73000000,117082.43000000,117110.00000000,337.61342000
2025-08-09 13:00:00,117110.00000000,117238.04000000,117010.00000000,117116.64000000,301.63531000
2025-08-09 14:00:00,117116.65000000,117154.15000000,116878.68000000,116968.32000000,306.03785000
2025-08-09 15:00:00,116968.32000000,117000.00000000,116748.20000000,116972.87000000,357.09924000
2025-08-09 16:00:00,116972.87000000,117132.75000000,116700.01000000,116892.47000000,417.89197000
2025-08-09 17:00:00,116892.48000000,116947.16000000,116642.67000000,116648.51000000,288.56338000
2025-08-09 18:00:00,116648.51000000,116782.46000000,116619.77000000,116670.22000000,252.00135000
2025-08-09 19:00:00,116670.22000000,116720.96000000,116555.02000000,116634.91000000,227.07359000
2025-08-09 20:00:00,116634.91000000,116721.74000000,116500.00000000,116535.69000000,435.14207000
2025-08-09 21:00:00,116535.68000000,117021.16000000,116504.53000000,116778.07000000,562.07841000
2025-08-09 22:00:00,116778.07000000,116794.40000000,116359.89000000,116524.09000000,452.45503000
2025-08-09 23:00:00,116524.09000000,116742.28000000,116500.00000000,116541.63000000,406.75315000
2025-08-10 00:00:00,116541.62000000,116590.00000000,116436.15000000,116462.25000000,161.12374000
2025-08-10 01:00:00,116462.25000000,116759.08000000,116460.63000000,116749.47000000,289.53628000
2025-08-10 02:00:00,116749.46000000,116776.59000000,116539.99000000,116576.42000000,275.18169000
2025-08-10 03:00:00,116576.42000000,117318.00000000,116576.41000000,117317.99000000,579.74957000
2025-08-10 04:00:00,117317.99000000,118500.00000000,117250.41000000,118500.00000000,2748.21570000
2025-08-10 05:00:00,118500.00000000,118741.77000000,118380.00000000,118485.45000000,980.85579000
2025-08-10 06:00:00,118485.45000000,118511.00000000,117902.62000000,118045.00000000,566.81947000
2025-08-10 07:00:00,118045.00000000,118161.05000000,117743.44000000,118074.24000000,319.46299000
2025-08-10 08:00:00,118074.24000000,118238.87000000,117466.34000000,117808.30000000,576.94555000
2025-08-10 09:00:00,117808.29000000,118400.00000000,117608.01000000,118308.85000000,375.95884000
2025-08-10 10:00:00,118308.86000000,118441.48000000,118110.64000000,118293.08000000,372.51661000
2025-08-10 11:00:00,118293.09000000,118293.45000000,117998.90000000,118020.00000000,328.37693000
2025-08-10 12:00:00,118020.01000000,118500.00000000,117940.00000000,118330.58000000,429.47265000
2025-08-10 13:00:00,118330.58000000,118737.26000000,118232.00000000,118514.00000000,629.53171000
2025-08-10 14:00:00,118514.00000000,118683.87000000,118370.39000000,118452.00000000,392.64786000
2025-08-10 15:00:00,118451.99000000,118850.00000000,118308.02000000,118779.00000000,740.25126000
2025-08-10 16:00:00,118778.99000000,119113.94000000,118568.07000000,118815.00000000,1046.79677000
2025-08-10 17:00:00,118815.00000000,118944.24000000,118623.14000000,118671.74000000,402.88128000
2025-08-10 18:00:00,118671.75000000,118693.02000000,118453.48000000,118520.32000000,230.15923000
2025-08-10 19:00:00,118520.33000000,118611.91000000,118433.80000000,118554.01000000,143.03169000
2025-08-10 20:00:00,118554.01000000,118714.28000000,118462.29000000,118663.08000000,219.78592000
2025-08-10 21:00:00,118663.09000000,118765.71000000,118074.99000000,118323.16000000,759.54759000
2025-08-10 22:00:00,118323.00000000,118716.91000000,118092.00000000,118716.90000000,598.54997000
2025-08-10 23:00:00,118716.90000000,119084.93000000,118615.44000000,119084.92000000,563.51750000
2025-08-11 00:00:00,119084.93000000,119311.11000000,118861.16000000,119294.01000000,752.97788000
2025-08-11 01:00:00,119294.27000000,119500.00000000,119104.17000000,119126.35000000,785.72983000
2025-08-11 02:00:00,119126.35000000,119999.00000000,118972.59000000,119988.00000000,1217.33398000
2025-08-11 03:00:00,119988.00000000,121894.64000000,119937.59000000,121876.00000000,3889.63895000
2025-08-11 04:00:00,121875.99000000,122164.07000000,121559.11000000,121728.99000000,1733.48981000
2025-08-11 05:00:00,121729.00000000,122175.88000000,121623.14000000,122080.00000000,1318.04919000
2025-08-11 06:00:00,122080.00000000,122335.16000000,121823.24000000,122059.34000000,960.54030000
2025-08-11 07:00:00,122059.34000000,122332.98000000,121954.79000000,122300.63000000,842.93970000
2025-08-11 08:00:00,122300.64000000,122313.00000000,121466.08000000,121537.15000000,1158.35871000
2025-08-11 09:00:00,121537.14000000,121823.00000000,121207.34000000,121679.13000000,889.12137000
2025-08-11 10:00:00,121679.13000000,121704.78000000,121080.00000000,121439.75000000,793.97438000
2025-08-11 11:00:00,121439.75000000,121455.02000000,120954.13000000,121184.84000000,824.81128000
2025-08-11 12:00:00,121184.84000000,121283.29000000,120286.40000000,120561.54000000,1708.36029000
2025-08-11 13:00:00,120561.53000000,120667.54000000,119536.75000000,119643.70000000,1739.45694000
2025-08-11 14:00:00,119643.70000000,120328.93000000,119382.91000000,120010.00000000,1453.53759000
2025-08-11 15:00:00,120009.99000000,120586.54000000,119809.06000000,120243.59000000,1235.12815000
2025-08-11 16:00:00,120243.60000000,120408.01000000,119843.18000000,120314.40000000,808.13955000
2025-08-11 17:00:00,120314.40000000,120794.05000000,119920.00000000,119953.65000000,915.62770000
2025-08-11 18:00:00,119953.65000000,120150.00000000,119461.97000000,119500.00000000,536.23147000
2025-08-11 19:00:00,119500.01000000,119870.20000000,119261.57000000,119773.92000000,530.74270000
2025-08-11 20:00:00,119773.92000000,119785.72000000,118604.17000000,119089.30000000,830.32085000
2025-08-11 21:00:00,119089.30000000,119093.00000000,118565.69000000,118824.34000000,553.02173000
2025-08-11 22:00:00,118824.33000000,119172.63000000,118050.11000000,118712.61000000,847.50979000
2025-08-11 23:00:00,118712.61000000,118906.41000000,118280.71000000,118886.96000000,629.34656000
2025-08-12 00:00:00,118886.97000000,118889.00000000,118588.78000000,118686.00000000,292.92347000
2025-08-12 01:00:00,118686.00000000,119021.77000000,118593.39000000,118949.31000000,609.75469000
2025-08-12 02:00:00,118949.31000000,119108.06000000,118767.54000000,118977.10000000,413.93961000
2025-08-12 03:00:00,118977.09000000,119275.46000000,118834.51000000,119054.13000000,399.30726000
2025-08-12 04:00:00,119054.14000000,119120.00000000,118749.06000000,118857.70000000,471.63372000
2025-08-12 05:00:00,118857.70000000,119158.06000000,118804.75000000,119067.97000000,368.18781000
2025-08-12 06:00:00,119067.97000000,119067.97000000,118424.86000000,118819.99000000,836.98015000
2025-08-12 07:00:00,118820.00000000,119032.00000000,118607.85000000,118839.97000000,1210.70965000
2025-08-12 08:00:00,118839.97000000,119150.00000000,118839.97000000,118986.72000000,719.50636000
2025-08-12 09:00:00,118986.73000000,119058.43000000,118740.00000000,118814.70000000,715.27467000
2025-08-12 10:00:00,118814.71000000,118893.29000000,118400.01000000,118408.38000000,737.95535000
2025-08-12 11:00:00,118408.38000000,118662.90000000,118207.47000000,118449.99000000,569.79019000
2025-08-12 12:00:00,118449.99000000,118662.90000000,118222.00000000,118522.22000000,323.35879000
2025-08-12 13:00:00,118522.22000000,119264.66000000,118285.00000000,119264.66000000,1633.67826000
2025-08-12 14:00:00,119264.66000000,119712.60000000,118631.69000000,118847.35000000,1772.02738000
2025-08-12 15:00:00,118847.35000000,119437.12000000,118764.36000000,119437.12000000,607.50451000
2025-08-12 16:00:00,119437.12000000,119960.00000000,119320.00000000,119933.00000000,900.84426000
2025-08-12 17:00:00,119933.00000000,120192.10000000,119525.00000000,119647.70000000,763.58705000
2025-08-12 18:00:00,119647.69000000,119857.04000000,119172.62000000,119269.99000000,649.26235000
2025-08-12 19:00:00,119270.00000000,120073.01000000,119267.00000000,119344.90000000,537.13050000
2025-08-12 20:00:00,119345.07000000,119958.05000000,119309.08000000,119665.27000000,359.09127000
2025-08-12 21:00:00,119665.27000000,120324.43000000,119485.84000000,120192.10000000,838.15928000
2025-08-12 22:00:00,120192.09000000,120202.21000000,119792.50000000,119903.36000000,393.93368000
2025-08-12 23:00:00,119903.36000000,120100.00000000,119650.00000000,120099.99000000,428.42505000
2025-08-13 00:00:00,120100.00000000,120299.99000000,119925.47000000,120134.08000000,460.06709000
2025-08-13 01:00:00,120134.09000000,120192.10000000,119636.00000000,119713.19000000,515.63049000
2025-08-13 02:00:00,119713.19000000,119716.24000000,119337.67000000,119478.47000000,550.66677000
2025-08-13 03:00:00,119478.47000000,119729.99000000,119094.28000000,119549.37000000,638.50499000
2025-08-13 04:00:00,119549.37000000,119630.57000000,119306.89000000,119482.01000000,656.19910000
2025-08-13 05:00:00,119482.01000000,119820.18000000,119328.12000000,119335.01000000,694.25608000
2025-08-13 06:00:00,119335.01000000,119673.28000000,118920.92000000,119070.69000000,727.82442000
2025-08-13 07:00:00,119070.68000000,119416.22000000,118955.99000000,119410.01000000,373.05315000
2025-08-13 08:00:00,119410.01000000,119638.55000000,119290.01000000,119580.40000000,528.96933000
2025-08-13 09:00:00,119580.40000000,120044.50000000,119446.22000000,120044.49000000,874.74205000
2025-08-13 10:00:00,120044.50000000,120169.76000000,119771.88000000,120116.02000000,675.01444000
2025-08-13 11:00:00,120116.02000000,120496.00000000,120047.58000000,120496.00000000,931.34391000
2025-08-13 12:00:00,120496.00000000,120732.94000000,120432.21000000,120570.41000000,732.08488000
2025-08-13 13:00:00,120570.41000000,120686.00000000,120209.51000000,120273.72000000,911.18128000
2025-08-13 14:00:00,120273.72000000,122051.99000000,120106.02000000,121767.97000000,2385.47998000
2025-08-13 15:00:00,121767.97000000,122200.00000000,120759.37000000,120890.73000000,2480.00020000
2025-08-13 16:00:00,120890.74000000,121343.06000000,120309.73000000,120920.62000000,1452.01051000
2025-08-13 17:00:00,120920.61000000,121721.30000000,120920.61000000,121421.77000000,704.71477000
2025-08-13 18:00:00,121421.77000000,121887.53000000,121421.76000000,121823.24000000,934.90387000
2025-08-13 19:00:00,121823.25000000,121954.51000000,121429.36000000,121639.20000000,891.23926000
2025-08-13 20:00:00,121639.19000000,122839.47000000,121524.27000000,122744.21000000,1637.04367000
2025-08-13 21:00:00,122744.22000000,122973.00000000,122464.34000000,122904.01000000,839.50398000
2025-08-13 22:00:00,122904.01000000,123000.00000000,122298.20000000,122561.16000000,1066.42754000
2025-08-13 23:00:00,122561.17000000,123637.68000000,122561.16000000,122954.03000000,1390.69414000
2025-08-14 00:00:00,122954.03000000,123667.79000000,122907.05000000,123306.43000000,618.58221000
2025-08-14 01:00:00,123306.44000000,124474.00000000,123251.90000000,123847.83000000,1664.05167600
2025-08-14 02:00:00,123847.82000000,123946.46000000,123337.66000000,123337.67000000,661.07211000
2025-08-14 03:00:00,123337.66000000,123689.98000000,123250.50000000,123662.53000000,671.89713000
2025-08-14 04:00:00,123662.53000000,123849.98000000,123295.21000000,123337.14000000,484.65540000
2025-08-14 05:00:00,123337.14000000,123428.60000000,123001.46000000,123003.17000000,571.29861000
2025-08-14 06:00:00,123003.17000000,123123.60000000,122080.00000000,122134.76000000,832.10482000
2025-08-14 07:00:00,122134.76000000,122134.76000000,121313.86000000,121771.27000000,1465.18702000
2025-08-14 08:00:00,121771.27000000,122047.79000000,121538.28000000,121725.31000000,887.06699000
2025-08-14 09:00:00,121725.31000000,122045.90000000,121560.83000000,121637.78000000,956.93709000
2025-08-14 10:00:00,121637.78000000,121918.80000000,121528.55000000,121649.84000000,613.30308000
2025-08-14 11:00:00,121649.84000000,121772.90000000,120757.01000000,120933.00000000,1133.31236000
2025-08-14 12:00:00,120932.99000000,121031.31000000,120694.00000000,120949.67000000,752.73621000
2025-08-14 13:00:00,120949.66000000,121183.06000000,117632.00000000,118866.37000000,5056.46610000
2025-08-14 14:00:00,118866.37000000,119249.20000000,117727.73000000,118428.85000000,3271.57320000
2025-08-14 15:00:00,118428.86000000,119361.45000000,118008.32000000,118799.01000000,1837.14675000
2025-08-14 16:00:00,118799.02000000,118899.64000000,117879.87000000,118257.25000000,1451.88156000
2025-08-14 17:00:00,118257.26000000,118257.26000000,117407.09000000,117866.42000000,1506.20052000
2025-08-14 18:00:00,117866.42000000,118146.48000000,117500.00000000,117920.13000000,636.71884000
2025-08-14 19:00:00,117920.14000000,118214.78000000,117180.00000000,118089.75000000,713.71597000
2025-08-14 20:00:00,118089.75000000,118535.00000000,117920.00000000,117945.92000000,688.76991000
2025-08-14 21:00:00,117945.92000000,118146.55000000,117724.37000000,117866.16000000,595.56886000
2025-08-14 22:00:00,117866.16000000,118199.99000000,117302.33000000,117899.16000000,723.48169000
2025-08-14 23:00:00,117899.16000000,118349.01000000,117641.40000000,118285.46000000,363.07143000
2025-08-15 00:00:00,118285.47000000,118516.81000000,118239.68000000,118295.09000000,442.73026000
2025-08-15 01:00:00,118295.09000000,118473.18000000,118032.94000000,118181.97000000,387.64196000
2025-08-15 02:00:00,118181.98000000,118736.00000000,118032.32000000,118681.64000000,473.85001000
2025-08-15 03:00:00,118681.63000000,118888.00000000,118584.20000000,118698.00000000,549.41556000
2025-08-15 04:00:00,118698.00000000,119077.71000000,118604.41000000,118968.91000000,472.64683000
2025-08-15 05:00:00,118968.91000000,119199.20000000,118770.00000000,118833.03000000,497.50906000
2025-08-15 06:00:00,118833.04000000,119000.00000000,118629.58000000,118984.29000000,360.89875000
2025-08-15 07:00:00,118984.29000000,119216.82000000,118866.01000000,119082.82000000,411.99414000
2025-08-15 08:00:00,119082.83000000,119100.00000000,118758.80000000,118956.45000000,462.50496000
2025-08-15 09:00:00,118956.45000000,119144.50000000,118878.71000000,118878.72000000,251.38068000
2025-08-15 10:00:00,118878.72000000,119058.94000000,118600.00000000,118707.99000000,299.88114000
2025-08-15 11:00:00,118708.00000000,119026.53000000,118708.00000000,118879.83000000,283.78706000
2025-08-15 12:00:00,118879.82000000,119121.31000000,118879.82000000,119006.01000000,294.77719000
2025-08-15 13:00:00,119006.01000000,119130.77000000,118510.00000000,118648.66000000,647.85118000
2025-08-15 14:00:00,118648.66000000,118738.00000000,117743.21000000,117770.48000000,1302.10489000
2025-08-15 15:00:00,117770.47000000,118274.00000000,117260.00000000,117400.00000000,1176.80402000
2025-08-15 16:00:00,117400.00000000,117588.68000000,116827.29000000,117275.22000000,2002.13351000
2025-08-15 17:00:00,117275.23000000,117418.49000000,116803.99000000,117353.36000000,756.28175000
2025-08-15 18:00:00,117353.36000000,117882.35000000,117000.00000000,117586.92000000,862.91559000
2025-08-15 19:00:00,117586.92000000,117662.41000000,117028.98000000,117159.66000000,333.40859000
2025-08-15 20:00:00,117159.65000000,117412.82000000,116866.00000000,116936.27000000,440.85496000
2025-08-15 21:00:00,116936.28000000,117323.47000000,116862.50000000,117280.00000000,248.37175000
2025-08-15 22:00:00,117280.01000000,117350.00000000,117000.00000000,117320.02000000,268.99006000
2025-08-15 23:00:00,117320.01000000,117738.57000000,117302.65000000,117702.00000000,374.66043000
2025-08-16 00:00:00,117701.99000000,117761.88000000,117036.53000000,117342.05000000,462.67467000
2025-08-16 01:00:00,117342.04000000,117781.99000000,117231.14000000,117735.21000000,546.22017000
2025-08-16 02:00:00,117735.20000000,117898.99000000,117626.31000000,117821.60000000,349.62497000
2025-08-16 03:00:00,117821.61000000,117821.61000000,117440.74000000,117505.51000000,307.50607000
2025-08-16 04:00:00,117505.52000000,117657.97000000,117389.56000000,117429.63000000,217.17429000
2025-08-16 05:00:00,117429.63000000,117884.00000000,117419.44000000,117815.66000000,222.51215000
2025-08-16 06:00:00,117815.66000000,117852.25000000,117522.70000000,117595.78000000,201.54892000
2025-08-16 07:00:00,117595.78000000,117635.42000000,117278.00000000,117394.65000000,260.53589000
2025-08-16 08:00:00,117394.64000000,117674.77000000,117344.69000000,117596.07000000,240.65900000
2025-08-16 09:00:00,117596.07000000,117677.06000000,117501.16000000,117631.09000000,185.08770000
2025-08-16 10:00:00,117631.09000000,117703.92000000,117306.00000000,117312.00000000,303.36694000
2025-08-16 11:00:00,117312.00000000,117447.05000000,117143.98000000,117388.00000000,524.83945000
2025-08-16 12:00:00,117387.99000000,117540.00000000,117350.12000000,117378.52000000,192.74721000
2025-08-16 13:00:00,117378.52000000,117747.36000000,117327.63000000,117747.36000000,348.10374000
2025-08-16 14:00:00,117747.35000000,117799.99000000,117582.29000000,117623.52000000,365.37584000
2025-08-16 15:00:00,117623.53000000,117771.40000000,117550.00000000,117771.39000000,253.05868000
2025-08-16 16:00:00,117771.40000000,117825.00000000,117621.10000000,117676.70000000,224.96201000
2025-08-16 17:00:00,117676.70000000,117817.65000000,117676.70000000,117747.65000000,389.81984000
2025-08-16 18:00:00,117747.64000000,117747.65000000,117651.72000000,117693.00000000,181.46105000
2025-08-16 19:00:00,117692.99000000,117757.06000000,117629.94000000,117685.79000000,112.36973000
2025-08-16 20:00:00,117685.78000000,117771.40000000,117652.92000000,117672.12000000,133.77621000
2025-08-16 21:00:00,117672.13000000,117713.51000000,117522.01000000,117655.41000000,155.93762000
2025-08-16 22:00:00,117655.41000000,117655.42000000,117433.33000000,117452.21000000,152.99321000
2025-08-16 23:00:00,117452.21000000,117552.00000000,117219.34000000,117460.56000000,325.20777000
2025-08-17 00:00:00,117460.57000000,117475.07000000,117278.23000000,117380.66000000,198.79271000
2025-08-17 01:00:00,117380.66000000,117419.45000000,117255.18000000,117255.19000000,159.66726000
2025-08-17 02:00:00,117255.18000000,117491.44000000,117172.21000000,117439.97000000,244.13312000
2025-08-17 03:00:00,117439.97000000,117624.55000000,117381.39000000,117606.00000000,157.36164000
2025-08-17 04:00:00,117606.00000000,117771.37000000,117505.93000000,117684.95000000,209.36889000
2025-08-17 05:00:00,117684.96000000,118187.28000000,117684.95000000,118076.11000000,372.88806000
2025-08-17 06:00:00,118076.12000000,118230.82000000,118000.00000000,118000.01000000,296.61443000
2025-08-17 07:00:00,118000.00000000,118118.00000000,117905.37000000,117923.99000000,232.28871000
2025-08-17 08:00:00,117924.00000000,118030.15000000,117843.74000000,118005.98000000,207.89215000
2025-08-17 09:00:00,118005.98000000,118399.99000000,117922.00000000,118366.06000000,337.81576000
2025-08-17 10:00:00,118366.05000000,118484.00000000,118235.00000000,118345.99000000,330.30362000
2025-08-17 11:00:00,118345.99000000,118393.35000000,118190.00000000,118393.34000000,170.26339000
2025-08-17 12:00:00,118393.34000000,118393.35000000,118270.80000000,118308.01000000,169.29272000
2025-08-17 13:00:00,118308.00000000,118356.62000000,118134.51000000,118162.60000000,183.56593000
2025-08-17 14:00:00,118162.61000000,118575.00000000,118059.12000000,118429.99000000,396.26094000
2025-08-17 15:00:00,118429.99000000,118473.66000000,118150.00000000,118150.01000000,189.61777000
2025-08-17 16:00:00,118150.01000000,118263.90000000,118137.25000000,118246.16000000,204.82807000
2025-08-17 17:00:00,118246.15000000,118316.01000000,117700.70000000,117834.56000000,488.38516000
2025-08-17 18:00:00,117834.55000000,117934.82000000,117645.04000000,117900.00000000,212.98829000
2025-08-17 19:00:00,117900.01000000,117947.98000000,117321.53000000,117542.01000000,360.32583000
2025-08-17 20:00:00,117542.01000000,117749.12000000,117468.00000000,117570.07000000,264.47630000
2025-08-17 21:00:00,117570.07000000,117749.32000000,117508.49000000,117599.44000000,141.19933000
2025-08-17 22:00:00,117599.44000000,117781.38000000,117599.43000000,117700.00000000,104.46800000
2025-08-17 23:00:00,117700.01000000,117995.37000000,117688.50000000,117954.99000000,232.19191000
2025-08-18 00:00:00,117955.00000000,117978.42000000,117371.65000000,117405.01000000,232.44464000
2025-08-18 01:00:00,117405.01000000,117543.75000000,117020.00000000,117290.19000000,640.08542000
2025-08-18 02:00:00,117290.20000000,117409.87000000,116166.03000000,116269.54000000,1892.28591000
2025-08-18 03:00:00,116269.53000000,116339.61000000,115292.67000000,115453.24000000,2015.07156000
2025-08-18 04:00:00,115452.00000000,115636.89000000,115000.00000000,115319.00000000,1253.98009000
2025-08-18 05:00:00,115319.00000000,115533.89000000,115079.91000000,115469.51000000,597.83019000
2025-08-18 06:00:00,115469.52000000,115688.00000000,115000.00000000,115687.99000000,763.17629000
2025-08-18 07:00:00,115687.99000000,115712.49000000,114878.71000000,115245.56000000,1274.28433000
2025-08-18 08:00:00,115245.56000000,115477.20000000,115186.56000000,115205.98000000,798.13334000
2025-08-18 09:00:00,115205.99000000,115402.51000000,115068.58000000,115135.43000000,582.20510000
2025-08-18 10:00:00,115135.43000000,115135.44000000,114640.14000000,115038.46000000,1245.97423000
2025-08-18 11:00:00,115038.46000000,115261.69000000,114985.00000000,115058.58000000,567.82403000
2025-08-18 12:00:00,115058.58000000,115127.54000000,114860.62000000,114947.27000000,397.98648000
2025-08-18 13:00:00,114947.27000000,115520.00000000,114902.94000000,115519.99000000,477.46603000
2025-08-18 14:00:00,115520.00000000,115736.54000000,114825.00000000,114839.13000000,824.85948000
2025-08-18 15:00:00,114839.14000000,115633.73000000,114839.14000000,115633.73000000,673.61910000
2025-08-18 16:00:00,115633.72000000,116186.97000000,115402.00000000,116145.34000000,796.23484000
2025-08-18 17:00:00,116145.34000000,116350.00000000,115818.86000000,115962.24000000,496.59282000
2025-08-18 18:00:00,115962.24000000,116800.00000000,115962.23000000,116428.99000000,713.09082000
2025-08-18 19:00:00,116428.98000000,116579.16000000,116238.71000000,116481.81000000,239.93978000
2025-08-18 20:00:00,116481.80000000,116639.35000000,116204.00000000,116313.99000000,281.74931000
2025-08-18 21:00:00,116314.00000000,116529.50000000,115980.32000000,116407.99000000,349.12342000
2025-08-18 22:00:00,116407.99000000,116675.67000000,116403.76000000,116648.99000000,230.40574000
2025-08-18 23:00:00,116649.00000000,116980.00000000,116394.12000000,116399.99000000,316.21157000
2025-08-19 00:00:00,116400.00000000,116564.38000000,116089.00000000,116227.05000000,317.80966000
2025-08-19 01:00:00,116227.05000000,116563.55000000,115516.82000000,116563.13000000,597.52684000
2025-08-19 02:00:00,116563.12000000,116725.69000000,115710.03000000,115798.00000000,461.06933000
2025-08-19 03:00:00,115798.00000000,116051.00000000,115635.63000000,115747.08000000,344.75966000
2025-08-19 04:00:00,115747.09000000,115771.98000000,114787.23000000,114810.00000000,987.54165000
2025-08-19 05:00:00,114810.01000000,115372.55000000,114366.00000000,115305.99000000,973.09499000
2025-08-19 06:00:00,115306.00000000,115483.24000000,114944.16000000,114972.90000000,406.89708000
2025-08-19 07:00:00,114972.90000000,115219.99000000,114914.26000000,115019.99000000,394.62483000
2025-08-19 08:00:00,115019.99000000,115056.00000000,114600.74000000,114978.14000000,724.50631000
2025-08-19 09:00:00,114978.15000000,115300.00000000,114804.00000000,115186.48000000,489.77403000
2025-08-19 10:00:00,115186.47000000,115488.27000000,115185.92000000,115322.70000000,443.60844000
2025-08-19 11:00:00,115322.69000000,115577.60000000,115317.92000000,115400.00000000,241.61680000
2025-08-19 12:00:00,115400.00000000,115650.00000000,115400.00000000,115508.71000000,296.04350000
2025-08-19 13:00:00,115508.71000000,115617.84000000,115282.70000000,115599.99000000,338.93222000
2025-08-19 14:00:00,115600.00000000,115875.84000000,114869.60000000,115192.00000000,928.58040000
2025-08-19 15:00:00,115192.00000000,115378.82000000,113770.34000000,113882.66000000,2263.58751000
2025-08-19 16:00:00,113882.66000000,114177.58000000,113587.68000000,113786.38000000,1763.36303000
2025-08-19 17:00:00,113786.39000000,113897.58000000,113346.28000000,113388.30000000,959.63398000
2025-08-19 18:00:00,113388.31000000,113596.07000000,113107.07000000,113520.11000000,1084.66267000
2025-08-19 19:00:00,113520.11000000,113520.11000000,112837.11000000,113069.61000000,889.38987000
2025-08-19 20:00:00,113069.61000000,113552.03000000,112767.06000000,113132.48000000,850.66400000
2025-08-19 21:00:00,113132.49000000,113570.44000000,112927.82000000,113570.44000000,496.52563000
2025-08-19 22:00:00,113570.44000000,113589.48000000,113413.14000000,113419.11000000,316.99786000
2025-08-19 23:00:00,113419.10000000,113440.43000000,113060.00000000,113174.42000000,1090.07931000
2025-08-20 00:00:00,113174.42000000,113201.26000000,112732.58000000,112872.94000000,721.99430000
2025-08-20 01:00:00,112872.95000000,113320.00000000,112843.14000000,113215.50000000,605.58560000
2025-08-20 02:00:00,113215.49000000,113413.23000000,112566.01000000,112996.93000000,1004.04056000
2025-08-20 03:00:00,112996.93000000,113500.00000000,112944.68000000,113438.29000000,915.27403000
2025-08-20 04:00:00,113438.29000000,113636.13000000,113319.45000000,113525.91000000,591.80557000
2025-08-20 05:00:00,113525.90000000,113700.00000000,113460.29000000,113633.47000000,351.01236000
2025-08-20 06:00:00,113633.47000000,113767.44000000,113464.02000000,113708.00000000,305.42814000
2025-08-20 07:00:00,113707.99000000,113734.23000000,113500.00000000,113653.28000000,284.56575000
2025-08-20 08:00:00,113653.28000000,113837.93000000,113432.00000000,113490.13000000,426.40857000
2025-08-20 09:00:00,113490.14000000,114016.77000000,113401.00000000,114010.00000000,1021.52601000
2025-08-20 10:00:00,114010.00000000,114010.01000000,113628.65000000,113699.98000000,464.52912000
2025-08-20 11:00:00,113699.98000000,113869.50000000,113587.68000000,113792.20000000,310.82050000
2025-08-20 12:00:00,113792.19000000,113859.26000000,113060.08000000,113666.68000000,555.63081000
2025-08-20 13:00:00,113666.69000000,113944.00000000,113512.88000000,113659.01000000,643.44169000
2025-08-20 14:00:00,113659.01000000,113659.01000000,112600.00000000,112693.15000000,1099.37126000
2025-08-20 15:00:00,112693.14000000,113854.34000000,112380.00000000,113465.84000000,1578.65617000
2025-08-20 16:00:00,113465.84000000,114326.35000000,113229.43000000,113353.94000000,1283.96286000
2025-08-20 17:00:00,113353.94000000,114309.16000000,113278.49000000,113839.99000000,769.22274000
2025-08-20 18:00:00,113839.99000000,114444.00000000,113781.16000000,114197.53000000,577.51878000
2025-08-20 19:00:00,114197.54000000,114269.63000000,113264.01000000,113490.01000000,676.25877000
2025-08-20 20:00:00,113490.00000000,114337.31000000,113472.38000000,114276.66000000,601.00585000
2025-08-20 21:00:00,114276.66000000,114375.27000000,114000.00000000,114370.00000000,384.69129000
2025-08-20 22:00:00,114370.00000000,114476.13000000,114000.00000000,114356.24000000,372.36928000
2025-08-20 23:00:00,114356.24000000,114615.38000000,114206.89000000,114595.19000000,498.00131000
2025-08-21 00:00:00,114595.19000000,114608.77000000,114220.00000000,114271.24000000,315.21492000
2025-08-21 01:00:00,114271.23000000,114493.10000000,114010.87000000,114292.14000000,429.62667000
2025-08-21 02:00:00,114292.14000000,114736.00000000,113954.13000000,114729.94000000,432.98345000
2025-08-21 03:00:00,114729.93000000,114821.76000000,113906.01000000,114038.00000000,447.89489000
2025-08-21 04:00:00,114038.00000000,114531.29000000,113954.61000000,113954.62000000,316.22280000
2025-08-21 05:00:00,113954.62000000,114033.84000000,113800.00000000,113800.00000000,293.43085000
2025-08-21 06:00:00,113800.01000000,114010.83000000,113637.00000000,113995.12000000,344.63705000
2025-08-21 07:00:00,113995.12000000,113995.12000000,113609.88000000,113807.20000000,443.88446000
2025-08-21 08:00:00,113807.20000000,113944.74000000,113582.43000000,113896.03000000,530.41085000
2025-08-21 09:00:00,113896.03000000,113990.00000000,113588.45000000,113588.45000000,336.76542000
2025-08-21 10:00:00,113588.46000000,113616.58000000,113300.00000000,113376.85000000,413.40552000
2025-08-21 11:00:00,113376.85000000,113479.97000000,113230.00000000,113329.74000000,331.35097000
2025-08-21 12:00:00,113329.74000000,113542.47000000,113000.00000000,113148.66000000,428.12915000
2025-08-21 13:00:00,113148.65000000,113416.69000000,112950.00000000,113095.29000000,386.20750000
2025-08-21 14:00:00,113095.30000000,113713.56000000,113055.93000000,113486.98000000,624.69624000
2025-08-21 15:00:00,113486.98000000,113995.11000000,112913.39000000,113281.99000000,580.15894000
2025-08-21 16:00:00,113282.00000000,113386.31000000,112608.64000000,112792.08000000,930.04760000
2025-08-21 17:00:00,112792.08000000,112969.47000000,112333.33000000,112379.58000000,780.22707000
2025-08-21 18:00:00,112379.58000000,112596.90000000,112201.00000000,112410.91000000,737.11033000
2025-08-21 19:00:00,112410.92000000,112682.20000000,112224.67000000,112602.62000000,382.38194000
2025-08-21 20:00:00,112602.62000000,112724.74000000,112015.67000000,112193.71000000,569.08483000
2025-08-21 21:00:00,112193.71000000,112870.94000000,112067.46000000,112450.30000000,336.45252000
2025-08-21 22:00:00,112450.31000000,112734.51000000,112100.00000000,112628.76000000,337.37667000
2025-08-21 23:00:00,112628.75000000,112712.70000000,112425.35000000,112511.20000000,200.73506000
2025-08-22 00:00:00,112511.19000000,112511.20000000,112272.04000000,112500.00000000,226.47157000
2025-08-22 01:00:00,112500.00000000,112840.00000000,112489.42000000,112630.87000000,267.79499000
2025-08-22 02:00:00,112630.88000000,112924.37000000,112335.60000000,112840.08000000,331.54981000
2025-08-22 03:00:00,112840.08000000,113525.00000000,112784.68000000,113153.96000000,716.89343000
2025-08-22 04:00:00,113153.96000000,113441.45000000,112882.90000000,112929.24000000,293.95702000
2025-08-22 05:00:00,112929.24000000,113256.03000000,112708.81000000,112847.63000000,270.33795000
2025-08-22 06:00:00,112847.62000000,113285.59000000,112844.56000000,113241.99000000,333.83128000
2025-08-22 07:00:00,113241.98000000,113394.76000000,112844.00000000,112998.30000000,426.59054000
2025-08-22 08:00:00,112998.30000000,113250.00000000,112950.00000000,113094.83000000,625.49743000
2025-08-22 09:00:00,113094.83000000,113319.30000000,112950.00000000,112980.34000000,448.78194000
2025-08-22 10:00:00,112980.34000000,113128.00000000,112815.55000000,113049.67000000,517.13631000
2025-08-22 11:00:00,113049.67000000,113060.00000000,112512.74000000,112534.54000000,455.48522000
2025-08-22 12:00:00,112534.54000000,112629.40000000,112177.27000000,112320.00000000,511.03227000
2025-08-22 13:00:00,112320.01000000,112713.93000000,111684.79000000,112341.50000000,1660.58930000
2025-08-22 14:00:00,112341.50000000,112662.27000000,111932.28000000,112487.11000000,1042.30053000
2025-08-22 15:00:00,112487.10000000,116116.11000000,112468.35000000,115808.23000000,6271.74223000
2025-08-22 16:00:00,115808.24000000,117296.12000000,115808.23000000,116370.75000000,2530.62921000
2025-08-22 17:00:00,116370.75000000,116783.22000000,116116.00000000,116146.47000000,1756.67950000
2025-08-22 18:00:00,116146.48000000,117032.84000000,116146.48000000,117024.00000000,1300.14206000
2025-08-22 19:00:00,117024.01000000,117429.05000000,116750.00000000,116805.27000000,721.60524000
2025-08-22 20:00:00,116805.27000000,116914.30000000,116520.00000000,116655.79000000,529.51964000
2025-08-22 21:00:00,116655.79000000,117127.44000000,116570.17000000,117052.65000000,545.69500000
2025-08-22 22:00:00,117052.65000000,117174.43000000,116829.34000000,117028.27000000,678.08593000
2025-08-22 23:00:00,117028.27000000,117057.14000000,116550.96000000,116757.18000000,585.72702000
2025-08-23 00:00:00,116757.18000000,116937.56000000,116674.51000000,116935.99000000,306.48652000
2025-08-23 01:00:00,116936.00000000,117030.00000000,116726.64000000,116870.22000000,351.38045000
2025-08-23 02:00:00,116870.22000000,116882.16000000,116300.00000000,116453.59000000,596.49295000
2025-08-23 03:00:00,116453.59000000,116547.95000000,115500.00000000,115927.98000000,1195.36796000
2025-08-23 04:00:00,115927.98000000,116044.55000000,115458.20000000,115568.77000000,504.34283000
2025-08-23 05:00:00,115568.77000000,115980.00000000,115551.20000000,115926.77000000,535.76766000
2025-08-23 06:00:00,115926.77000000,116034.53000000,115800.01000000,115954.51000000,806.27196000
2025-08-23 07:00:00,115954.51000000,116015.69000000,115690.83000000,115781.16000000,462.86069000
2025-08-23 08:00:00,115781.16000000,115928.00000000,115669.76000000,115799.47000000,453.28331000
2025-08-23 09:00:00,115799.46000000,115861.80000000,115607.46000000,115746.12000000,341.58386000
2025-08-23 10:00:00,115746.12000000,115782.03000000,115605.27000000,115765.82000000,288.64099000
2025-08-23 11:00:00,115765.81000000,115780.59000000,115575.72000000,115575.72000000,312.57302000
2025-08-23 12:00:00,115575.73000000,115616.63000000,115223.43000000,115310.13000000,371.09604000
2025-08-23 13:00:00,115310.13000000,115486.97000000,115175.48000000,115213.60000000,445.47850000
2025-08-23 14:00:00,115213.60000000,115213.60000000,114735.57000000,114864.92000000,981.86665000
2025-08-23 15:00:00,114864.92000000,115081.59000000,114620.00000000,114621.47000000,1000.43667000
2025-08-23 16:00:00,114621.48000000,114966.87000000,114560.00000000,114812.87000000,599.77984000
2025-08-23 17:00:00,114812.88000000,115097.92000000,114684.11000000,115020.00000000,448.76533000
2025-08-23 18:00:00,115020.00000000,115167.78000000,114947.46000000,115087.97000000,327.26623000
2025-08-23 19:00:00,115087.97000000,115190.74000000,115035.11000000,115145.77000000,178.18512000
2025-08-23 20:00:00,115145.77000000,115173.86000000,115051.32000000,115133.91000000,151.33399000
2025-08-23 21:00:00,115133.92000000,115325.82000000,115108.23000000,115325.81000000,181.19976000
2025-08-23 22:00:00,115325.81000000,115325.82000000,115001.88000000,115028.00000000,194.43314000
2025-08-23 23:00:00,115028.01000000,115317.86000000,115028.00000000,115317.85000000,117.57565000
2025-08-24 00:00:00,115317.86000000,115454.12000000,115244.70000000,115438.05000000,483.37937000
2025-08-24 01:00:00,115438.06000000,115549.44000000,115315.33000000,115375.35000000,457.40004000
2025-08-24 02:00:00,115375.36000000,115584.09000000,115196.00000000,115473.99000000,655.80740000
2025-08-24 03:00:00,115473.99000000,115666.68000000,115000.00000000,115005.15000000,401.41002000
2025-08-24 04:00:00,115005.15000000,115161.24000000,114934.21000000,115036.00000000,481.30687000
2025-08-24 05:00:00,115036.01000000,115283.21000000,115036.00000000,115174.30000000,345.39663000
2025-08-24 06:00:00,115174.30000000,115206.55000000,114930.65000000,114996.01000000,697.85001000
2025-08-24 07:00:00,114996.01000000,115062.77000000,114846.14000000,114862.40000000,395.26293000
2025-08-24 08:00:00,114862.40000000,115124.86000000,114855.64000000,114888.19000000,277.17773000
2025-08-24 09:00:00,114888.19000000,114979.55000000,114750.01000000,114838.02000000,947.55224000
2025-08-24 10:00:00,114838.02000000,115060.99000000,114668.00000000,114841.17000000,438.90856000
2025-08-24 11:00:00,114841.16000000,114956.66000000,114600.00000000,114790.40000000,479.49962000
2025-08-24 12:00:00,114790.40000000,114889.91000000,114620.13000000,114730.22000000,357.51883000
2025-08-24 13:00:00,114730.22000000,114846.40000000,114597.55000000,114673.81000000,358.78753000
2025-08-24 14:00:00,114673.80000000,114869.41000000,114555.00000000,114555.00000000,620.84833000
2025-08-24 15:00:00,114555.00000000,114657.00000000,114350.57000000,114514.05000000,816.73334000
2025-08-24 16:00:00,114514.05000000,114865.32000000,114400.00000000,114400.00000000,865.64985000
2025-08-24 17:00:00,114400.01000000,114541.93000000,114255.32000000,114275.00000000,786.95266000
2025-08-24 18:00:00,114275.00000000,114578.85000000,114236.00000000,114423.42000000,983.41055000
2025-08-24 19:00:00,114423.43000000,114917.10000000,114301.22000000,114626.97000000,1232.99791000
2025-08-24 20:00:00,114626.96000000,114790.75000000,110680.00000000,112600.00000000,5318.65876000
2025-08-24 21:00:00,112600.00000000,112987.88000000,111632.85000000,112770.39000000,2003.01345000
2025-08-24 22:00:00,112770.39000000,113406.80000000,112369.16000000,112988.39000000,854.85267000
2025-08-24 23:00:00,112988.40000000,113500.00000000,112614.42000000,113451.02000000,755.28007000
2025-08-25 00:00:00,113451.02000000,113692.97000000,113366.49000000,113493.59000000,643.70862000
2025-08-25 01:00:00,113493.59000000,113516.16000000,112159.00000000,112645.10000000,897.58897000
2025-08-25 02:00:00,112645.10000000,113140.06000000,112615.90000000,113066.94000000,541.53145000
2025-08-25 03:00:00,113066.95000000,113640.01000000,113066.94000000,113412.36000000,396.24817000
2025-08-25 04:00:00,113412.36000000,113667.28000000,112905.16000000,112916.84000000,549.60431000
2025-08-25 05:00:00,112916.84000000,113059.52000000,112611.78000000,112764.00000000,622.97182000
2025-08-25 06:00:00,112764.01000000,112863.24000000,112309.99000000,112310.00000000,808.04429000
2025-08-25 07:00:00,112310.00000000,112459.18000000,111756.60000000,111929.87000000,933.19436000
2025-08-25 08:00:00,111929.87000000,112165.19000000,111284.05000000,111511.55000000,1689.81474000
2025-08-25 09:00:00,111511.56000000,111820.53000000,110991.28000000,111414.30000000,1278.94125000
2025-08-25 10:00:00,111414.30000000,111850.13000000,111259.76000000,111800.01000000,626.80974000
2025-08-25 11:00:00,111800.00000000,111806.99000000,110939.40000000,110984.03000000,1416.44599000
2025-08-25 12:00:00,110984.04000000,111279.91000000,110929.48000000,111214.97000000,706.06090000
2025-08-25 13:00:00,111214.97000000,111682.49000000,111072.00000000,111586.31000000,722.92729000
2025-08-25 14:00:00,111586.30000000,111754.82000000,110588.00000000,111491.69000000,1555.34009000
2025-08-25 15:00:00,111491.70000000,112307.69000000,111326.49000000,112260.00000000,1426.03051000
2025-08-25 16:00:00,112260.01000000,112580.00000000,111828.24000000,112200.64000000,889.02271000
2025-08-25 17:00:00,112200.65000000,112937.26000000,112022.00000000,112502.43000000,781.23286000
2025-08-25 18:00:00,112502.43000000,112800.00000000,112159.00000000,112431.40000000,674.40520000
2025-08-25 19:00:00,112431.40000000,112618.89000000,112250.13000000,112402.90000000,310.54741000
2025-08-25 20:00:00,112402.90000000,112430.16000000,110655.01000000,110716.13000000,1343.21864000
2025-08-25 21:00:00,110716.13000000,111092.54000000,109390.01000000,109561.96000000,4098.07281000
2025-08-25 22:00:00,109561.96000000,110280.50000000,109274.10000000,109888.01000000,1595.13661000
2025-08-25 23:00:00,109888.01000000,110599.07000000,109888.00000000,110153.23000000,652.68653000
2025-08-26 00:00:00,110153.23000000,110267.55000000,109781.61000000,110111.98000000,666.91714000
2025-08-26 01:00:00,110111.98000000,110111.98000000,108854.19000000,109100.23000000,2132.52683000
2025-08-26 02:00:00,109100.24000000,109910.68000000,108666.66000000,109897.20000000,1090.85402000
2025-08-26 03:00:00,109897.21000000,110026.14000000,109505.04000000,109710.96000000,531.88497000
2025-08-26 04:00:00,109710.96000000,109927.99000000,109432.00000000,109879.56000000,400.12624000
2025-08-26 05:00:00,109879.57000000,110235.29000000,109879.57000000,110100.01000000,466.51131000
2025-08-26 06:00:00,110100.01000000,110375.58000000,110084.41000000,110196.01000000,359.69829000
2025-08-26 07:00:00,110196.00000000,110342.57000000,109900.00000000,109988.18000000,469.86809000
2025-08-26 08:00:00,109988.17000000,110547.31000000,109765.93000000,110303.20000000,613.97463000
2025-08-26 09:00:00,110303.20000000,110455.13000000,110000.00000000,110102.02000000,448.59912000
2025-08-26 10:00:00,110102.02000000,110413.54000000,110037.51000000,110152.89000000,335.89147000
2025-08-26 11:00:00,110152.90000000,110413.54000000,110064.12000000,110216.53000000,405.76551000
2025-08-26 12:00:00,110216.52000000,110224.09000000,109570.34000000,109876.52000000,661.84556000
2025-08-26 13:00:00,109876.53000000,110818.60000000,109612.00000000,110216.81000000,1094.24871000
2025-08-26 14:00:00,110216.81000000,110265.31000000,109393.93000000,110094.66000000,1207.83119000
2025-08-26 15:00:00,110094.66000000,110552.86000000,109800.00000000,110358.13000000,1124.78296000
2025-08-26 16:00:00,110358.13000000,110561.76000000,109550.00000000,109666.33000000,1132.82225000
2025-08-26 17:00:00,109666.34000000,110153.84000000,109450.00000000,110153.84000000,936.04216000
2025-08-26 18:00:00,110153.83000000,110205.68000000,109587.42000000,109988.07000000,788.03072000
2025-08-26 19:00:00,109988.07000000,110990.05000000,109966.64000000,110695.58000000,721.67701000
2025-08-26 20:00:00,110695.58000000,111162.59000000,110501.57000000,111116.03000000,1102.76066000
2025-08-26 21:00:00,111116.03000000,111380.03000000,110918.26000000,111321.58000000,705.40181000
2025-08-26 22:00:00,111321.57000000,111584.61000000,111113.67000000,111584.60000000,375.99082000
2025-08-26 23:00:00,111584.60000000,111945.69000000,111557.09000000,111910.01000000,610.79197000
2025-08-27 00:00:00,111910.00000000,112371.00000000,111737.38000000,111763.22000000,734.51247000
2025-08-27 01:00:00,111763.22000000,111825.16000000,111339.22000000,111356.37000000,600.11827000
2025-08-27 02:00:00,111356.38000000,111469.07000000,111092.80000000,111299.48000000,488.51561000
2025-08-27 03:00:00,111299.48000000,111480.00000000,111105.45000000,111135.37000000,474.94910000
2025-08-27 04:00:00,111135.37000000,111723.92000000,110918.26000000,111418.15000000,608.69015000
2025-08-27 05:00:00,111418.15000000,111737.26000000,111403.29000000,111570.81000000,422.75409000
2025-08-27 06:00:00,111570.81000000,111685.57000000,111337.85000000,111372.18000000,323.13251000
2025-08-27 07:00:00,111372.18000000,111372.19000000,111028.02000000,111040.09000000,326.53843000
2025-08-27 08:00:00,111040.10000000,111129.94000000,110622.50000000,110725.18000000,737.37791000
2025-08-27 09:00:00,110725.19000000,110837.77000000,110345.42000000,110756.01000000,607.62048000
2025-08-27 10:00:00,110756.00000000,111125.32000000,110720.06000000,110810.78000000,362.97245000
2025-08-27 11:00:00,110810.77000000,111267.70000000,110810.77000000,110975.12000000,336.60819000
2025-08-27 12:00:00,110975.12000000,111374.45000000,110975.11000000,111322.07000000,287.06641000
2025-08-27 13:00:00,111322.07000000,111397.74000000,111022.78000000,111344.42000000,397.11123000
2025-08-27 14:00:00,111344.43000000,111895.25000000,111019.02000000,111487.24000000,851.74843000
2025-08-27 15:00:00,111487.24000000,112625.00000000,111283.97000000,111815.94000000,1276.25098000
2025-08-27 16:00:00,111815.94000000,112084.43000000,111505.00000000,112000.00000000,784.98996000
2025-08-27 17:00:00,111999.99000000,112250.00000000,111541.23000000,112121.46000000,613.40717000
2025-08-27 18:00:00,112121.45000000,112444.10000000,111897.43000000,112345.29000000,386.39727000
2025-08-27 19:00:00,112345.30000000,112600.00000000,111928.00000000,111947.21000000,410.75955000
2025-08-27 20:00:00,111947.22000000,112212.06000000,111576.24000000,112080.69000000,491.86153000
2025-08-27 21:00:00,112080.68000000,112419.09000000,110921.79000000,112419.07000000,1418.31926000
2025-08-27 22:00:00,112419.08000000,112452.05000000,111368.15000000,111528.19000000,454.99512000
2025-08-27 23:00:00,111528.19000000,111610.06000000,111051.00000000,111409.54000000,421.42728000
2025-08-28 00:00:00,111409.54000000,111544.00000000,111102.28000000,111262.01000000,308.99737000
2025-08-28 01:00:00,111262.01000000,111535.09000000,110862.42000000,111338.92000000,402.94473000
2025-08-28 02:00:00,111338.93000000,111714.28000000,111334.89000000,111647.70000000,252.40621000
2025-08-28 03:00:00,111647.71000000,111761.58000000,111446.07000000,111500.00000000,198.00577000
2025-08-28 04:00:00,111499.99000000,112042.04000000,111408.00000000,112000.01000000,350.42111000
2025-08-28 05:00:00,112000.00000000,113082.48000000,111945.07000000,112965.90000000,844.06120000
2025-08-28 06:00:00,112965.89000000,113160.00000000,112702.13000000,112853.24000000,635.30026000
2025-08-28 07:00:00,112853.24000000,113284.41000000,112716.00000000,113213.78000000,337.92035000
2025-08-28 08:00:00,113213.79000000,113360.00000000,113005.92000000,113114.11000000,664.63681000
2025-08-28 09:00:00,113114.11000000,113351.51000000,113006.66000000,113128.49000000,420.29225000
2025-08-28 10:00:00,113128.49000000,113139.80000000,112850.40000000,112856.89000000,355.38489000
2025-08-28 11:00:00,112856.89000000,113127.53000000,112826.22000000,113127.53000000,342.86877000
2025-08-28 12:00:00,113127.53000000,113152.97000000,112850.00000000,112909.18000000,300.49745000
2025-08-28 13:00:00,112909.18000000,113340.01000000,112781.68000000,113239.44000000,542.61317000
2025-08-28 14:00:00,113239.44000000,113485.90000000,112575.43000000,112832.00000000,1179.11716000
2025-08-28 15:00:00,112832.75000000,113300.00000000,112528.15000000,113153.06000000,644.09235000
2025-08-28 16:00:00,113153.07000000,113250.00000000,112391.56000000,112678.53000000,723.11082000
2025-08-28 17:00:00,112678.53000000,113186.56000000,112329.44000000,112329.44000000,566.22384000
2025-08-28 18:00:00,112329.44000000,112617.86000000,112215.32000000,112387.99000000,544.60806000
2025-08-28 19:00:00,112388.00000000,112718.20000000,112230.76000000,112373.59000000,299.78379000
2025-08-28 20:00:00,112373.58000000,112575.84000000,111901.35000000,111901.36000000,402.68130000
2025-08-28 21:00:00,111901.36000000,112111.05000000,111872.06000000,111902.49000000,225.57171000
2025-08-28 22:00:00,111902.50000000,112133.65000000,111900.00000000,112025.07000000,225.07680000
2025-08-28 23:00:00,112025.07000000,112509.33000000,112025.06000000,112340.64000000,326.33504000
2025-08-29 00:00:00,112340.64000000,112575.98000000,112305.15000000,112566.90000000,320.32360000
2025-08-29 01:00:00,112566.90000000,112638.64000000,112129.13000000,112200.94000000,446.62185000
2025-08-29 02:00:00,112200.94000000,112271.38000000,111425.28000000,111486.00000000,719.46398000
2025-08-29 03:00:00,111486.00000000,111770.44000000,111361.35000000,111419.98000000,547.49956000
2025-08-29 04:00:00,111419.98000000,111823.19000000,111302.27000000,111704.23000000,409.42082000
2025-08-29 05:00:00,111704.24000000,111850.56000000,111420.87000000,111502.00000000,396.49962000
2025-08-29 06:00:00,111502.01000000,111583.13000000,111133.64000000,111315.42000000,508.83781000
2025-08-29 07:00:00,111315.42000000,111401.06000000,110955.41000000,111279.45000000,1428.68924000
2025-08-29 08:00:00,111279.45000000,111279.45000000,109899.99000000,110019.38000000,1926.94513000
2025-08-29 09:00:00,110019.38000000,110270.30000000,109610.00000000,109628.02000000,1262.43838000
2025-08-29 10:00:00,109628.02000000,109924.39000000,109414.18000000,109772.71000000,713.11845000
2025-08-29 11:00:00,109772.71000000,110028.00000000,109750.00000000,110008.01000000,414.17589000
2025-08-29 12:00:00,110008.00000000,110161.93000000,109835.29000000,110098.81000000,458.57754000
2025-08-29 13:00:00,110098.81000000,111517.07000000,110070.73000000,110728.00000000,1553.78990000
2025-08-29 14:00:00,110728.01000000,110780.57000000,108900.00000000,109106.14000000,2037.27573000
2025-08-29 15:00:00,109106.14000000,109560.14000000,108103.00000000,108198.67000000,2371.46354000
2025-08-29 16:00:00,108198.66000000,108727.38000000,108188.39000000,108386.23000000,1766.75123000
2025-08-29 17:00:00,108386.23000000,108832.00000000,108140.00000000,108705.67000000,960.99261000
2025-08-29 18:00:00,108705.68000000,108725.50000000,108155.73000000,108466.01000000,529.32413000
2025-08-29 19:00:00,108466.01000000,108500.00000000,108101.07000000,108145.40000000,328.44201000
2025-08-29 20:00:00,108145.40000000,108744.00000000,107934.24000000,108212.01000000,786.88663000
2025-08-29 21:00:00,108212.01000000,108263.02000000,107506.00000000,107770.78000000,1863.41834000
2025-08-29 22:00:00,107770.78000000,108470.75000000,107463.90000000,108450.01000000,644.62367000
2025-08-29 23:00:00,108450.00000000,108480.49000000,108207.79000000,108378.97000000,247.74076000
2025-08-30 00:00:00,108378.98000000,108549.99000000,108322.79000000,108377.40000000,257.31363000
2025-08-30 01:00:00,108377.40000000,108410.73000000,108139.49000000,108300.71000000,612.21355000
2025-08-30 02:00:00,108300.70000000,108350.00000000,107350.10000000,107447.97000000,702.48254000
2025-08-30 03:00:00,107447.97000000,107951.77000000,107384.00000000,107782.01000000,781.27336000
2025-08-30 04:00:00,107782.01000000,108436.21000000,107769.48000000,108436.20000000,1148.16791000
2025-08-30 05:00:00,108436.21000000,108697.28000000,108372.95000000,108435.59000000,1453.52211000
2025-08-30 06:00:00,108435.58000000,108480.71000000,108129.30000000,108347.20000000,569.67263000
2025-08-30 07:00:00,108347.20000000,108554.73000000,108209.35000000,108320.00000000,334.65645000
2025-08-30 08:00:00,108320.00000000,108524.26000000,108120.00000000,108524.26000000,694.47404000
2025-08-30 09:00:00,108524.26000000,108777.43000000,108488.00000000,108568.00000000,287.42447000
2025-08-30 10:00:00,108568.00000000,108604.82000000,108470.84000000,108517.63000000,290.02640000
2025-08-30 11:00:00,108517.63000000,108690.49000000,108400.00000000,108425.99000000,427.75960000
2025-08-30 12:00:00,108425.98000000,108714.35000000,108422.36000000,108680.01000000,411.74343000
2025-08-30 13:00:00,108680.01000000,108680.01000000,108333.00000000,108614.86000000,356.51633000
2025-08-30 14:00:00,108614.85000000,108614.86000000,108190.52000000,108531.14000000,552.78663000
2025-08-30 15:00:00,108531.14000000,108740.16000000,108408.84000000,108661.99000000,285.06574000
2025-08-30 16:00:00,108662.00000000,108926.15000000,108551.08000000,108869.98000000,346.17102000
2025-08-30 17:00:00,108869.98000000,108879.96000000,108665.63000000,108815.72000000,286.49152000
2025-08-30 18:00:00,108815.72000000,108898.17000000,108625.46000000,108784.71000000,163.33936000
2025-08-30 19:00:00,108784.71000000,108839.13000000,108629.28000000,108739.72000000,109.15999000
2025-08-30 20:00:00,108739.72000000,108900.00000000,108650.00000000,108828.33000000,118.59542000
2025-08-30 21:00:00,108828.32000000,108838.27000000,108580.93000000,108648.00000000,168.45642000
2025-08-30 22:00:00,108648.00000000,108682.81000000,108500.00000000,108588.67000000,162.11994000
2025-08-30 23:00:00,108588.67000000,108595.90000000,108468.77000000,108531.12000000,159.37321000
2025-08-31 00:00:00,108531.13000000,108816.34000000,108530.15000000,108816.33000000,286.89952000
2025-08-31 01:00:00,108816.33000000,109400.00000000,108801.35000000,109389.08000000,767.94031000
2025-08-31 02:00:00,109389.09000000,109480.02000000,109141.60000000,109429.01000000,456.69292000
2025-08-31 03:00:00,109429.02000000,109439.54000000,109171.97000000,109224.87000000,227.48673000
2025-08-31 04:00:00,109224.88000000,109378.93000000,109160.05000000,109223.84000000,304.71150000
2025-08-31 05:00:00,109223.84000000,109231.41000000,108666.93000000,108816.32000000,409.65172000
2025-08-31 06:00:00,108816.33000000,108816.33000000,108572.00000000,108756.85000000,297.82501000
2025-08-31 07:00:00,108756.85000000,108778.27000000,108523.49000000,108716.65000000,209.89685000
2025-08-31 08:00:00,108716.65000000,108829.17000000,108670.00000000,108708.26000000,259.88571000
2025-08-31 09:00:00,108708.25000000,109030.51000000,108708.25000000,109011.67000000,217.73644000
2025-08-31 10:00:00,109011.67000000,109100.00000000,108447.60000000,108507.68000000,344.54949000
2025-08-31 11:00:00,108507.68000000,108628.63000000,108303.21000000,108560.23000000,639.93429000
2025-08-31 12:00:00,108560.23000000,108597.19000000,108323.73000000,108389.76000000,388.67440000
2025-08-31 13:00:00,108389.77000000,108486.13000000,108307.69000000,108309.20000000,637.73664000
2025-08-31 14:00:00,108309.21000000,108451.45000000,108191.29000000,108418.02000000,675.04582000
2025-08-31 15:00:00,108418.02000000,108515.68000000,108255.43000000,108467.33000000,482.56215000
2025-08-31 16:00:00,108467.32000000,108858.43000000,108462.60000000,108818.69000000,646.54444000
2025-08-31 17:00:00,108818.69000000,108978.00000000,108555.00000000,108922.79000000,566.18074000
2025-08-31 18:00:00,108922.79000000,108993.88000000,108852.89000000,108993.87000000,242.11190000
2025-08-31 19:00:00,108993.88000000,109237.51000000,108927.50000000,109146.62000000,264.16429000
2025-08-31 20:00:00,109146.62000000,109167.84000000,108916.28000000,108930.00000000,160.04622000
2025-08-31 21:00:00,108930.00000000,109118.00000000,108880.00000000,109117.99000000,190.53944000
2025-08-31 22:00:00,109118.00000000,109118.00000000,108957.12000000,109037.29000000,156.22084000
2025-08-31 23:00:00,109037.30000000,109230.00000000,108758.37000000,108900.46000000,245.89578000
2025-09-01 00:00:00,108900.45000000,108917.36000000,108076.93000000,108246.35000000,697.48233000
2025-09-01 01:00:00,108246.36000000,108406.18000000,107631.68000000,108222.37000000,1078.82210000
2025-09-01 02:00:00,108222.37000000,108482.98000000,107968.09000000,108150.24000000,471.21562000
2025-09-01 03:00:00,108150.24000000,108197.67000000,107425.42000000,107617.05000000,869.81682000
2025-09-01 04:00:00,107617.05000000,107769.94000000,107393.00000000,107660.01000000,786.48643000
2025-09-01 05:00:00,107660.00000000,107759.99000000,107279.51000000,107409.10000000,645.82838000
2025-09-01 06:00:00,107409.09000000,107987.40000000,107255.00000000,107866.12000000,547.79285000
2025-09-01 07:00:00,107866.13000000,108128.00000000,107594.42000000,108064.75000000,384.59049000
2025-09-01 08:00:00,108064.76000000,109432.99000000,107984.79000000,109432.99000000,1325.96108000
2025-09-01 09:00:00,109432.99000000,109820.02000000,109424.00000000,109590.00000000,1103.75653000
2025-09-01 10:00:00,109590.00000000,109912.40000000,109485.57000000,109524.12000000,513.50327000
2025-09-01 11:00:00,109524.13000000,109535.32000000,108186.41000000,108571.41000000,948.82778000
2025-09-01 12:00:00,108571.42000000,108857.35000000,108464.00000000,108782.88000000,545.20367000
2025-09-01 13:00:00,108782.89000000,109165.47000000,108635.39000000,109108.27000000,636.34520000
2025-09-01 14:00:00,109108.27000000,109520.00000000,108936.44000000,109023.61000000,725.12306000
2025-09-01 15:00:00,109023.61000000,109332.28000000,108824.82000000,109146.60000000,490.85432000
2025-09-01 16:00:00,109146.59000000,109373.10000000,108566.00000000,108784.33000000,414.02255000
2025-09-01 17:00:00,108784.33000000,109096.00000000,108653.09000000,108774.23000000,374.40601000
2025-09-01 18:00:00,108774.23000000,108953.82000000,108391.30000000,108927.61000000,570.88854000
2025-09-01 19:00:00,108927.61000000,109267.22000000,108921.17000000,109240.00000000,346.10668000
2025-09-01 20:00:00,109240.00000000,109329.65000000,109160.27000000,109217.64000000,261.74926000
2025-09-01 21:00:00,109217.65000000,109217.65000000,108284.00000000,108877.38000000,873.53022000
2025-09-01 22:00:00,108877.39000000,108939.42000000,107459.49000000,107800.80000000,917.91242000
2025-09-01 23:00:00,107800.80000000,108500.04000000,107588.01000000,108444.96000000,517.76894000
2025-09-02 00:00:00,108444.96000000,109442.95000000,108428.45000000,109237.42000000,703.08997000
2025-09-02 01:00:00,109237.43000000,109337.64000000,108883.80000000,109040.36000000,552.10707000
2025-09-02 02:00:00,109040.36000000,109611.11000000,108993.00000000,109313.00000000,616.57671000
2025-09-02 03:00:00,109313.00000000,110272.06000000,109171.78000000,110246.01000000,1081.14032000
2025-09-02 04:00:00,110246.00000000,110623.97000000,110060.12000000,110322.18000000,916.19598000
2025-09-02 05:00:00,110322.19000000,110420.00000000,110143.62000000,110310.56000000,492.48149000
2025-09-02 06:00:00,110310.56000000,110337.06000000,110045.01000000,110209.32000000,359.35463000
2025-09-02 07:00:00,110209.33000000,110610.50000000,110173.96000000,110376.63000000,596.39606000
2025-09-02 08:00:00,110376.63000000,110400.00000000,110000.00000000,110233.92000000,504.48390000
2025-09-02 09:00:00,110233.91000000,110711.10000000,110052.27000000,110360.00000000,557.03627000
2025-09-02 10:00:00,110360.01000000,110699.58000000,110256.94000000,110450.56000000,476.55196000
2025-09-02 11:00:00,110450.56000000,110477.85000000,110128.13000000,110246.00000000,410.87869000
2025-09-02 12:00:00,110246.00000000,110255.17000000,109563.87000000,109733.34000000,1017.54899000
2025-09-02 13:00:00,109733.33000000,109836.34000000,108393.39000000,108795.99000000,1297.32717000
2025-09-02 14:00:00,108796.00000000,111275.93000000,108733.88000000,111149.99000000,2481.20870000
2025-09-02 15:00:00,111149.99000000,111771.52000000,110780.61000000,111360.01000000,1925.30316000
2025-09-02 16:00:00,111360.00000000,111540.30000000,110628.85000000,110829.17000000,1065.05414000
2025-09-02 17:00:00,110829.16000000,111119.58000000,110469.70000000,110785.85000000,928.68032000
2025-09-02 18:00:00,110785.85000000,111050.00000000,110628.85000000,110914.00000000,702.01172000
2025-09-02 19:00:00,110914.01000000,110945.30000000,110200.00000000,110646.47000000,506.68111000
2025-09-02 20:00:00,110646.47000000,110840.00000000,110441.42000000,110806.00000000,447.85722000
2025-09-02 21:00:00,110806.01000000,111419.18000000,110716.77000000,111418.49000000,585.42846000
2025-09-02 22:00:00,111418.49000000,111538.17000000,111129.57000000,111129.57000000,356.26128000
2025-09-02 23:00:00,111129.58000000,111260.00000000,110870.27000000,111259.99000000,374.87092000
2025-09-03 00:00:00,111260.00000000,111271.13000000,111017.79000000,111240.01000000,258.85129000
2025-09-03 01:00:00,111240.01000000,111782.21000000,111240.01000000,111339.98000000,992.20281000
2025-09-03 02:00:00,111339.98000000,111404.77000000,110901.06000000,111176.94000000,454.81663000
2025-09-03 03:00:00,111176.93000000,111484.05000000,111029.43000000,111372.00000000,424.89931000
2025-09-03 04:00:00,111372.00000000,111411.24000000,110892.14000000,111054.01000000,391.69818000
2025-09-03 05:00:00,111054.00000000,111151.99000000,110836.48000000,111020.68000000,269.26802000
2025-09-03 06:00:00,111020.68000000,111069.48000000,110666.00000000,110685.57000000,327.14961000
2025-09-03 07:00:00,110685.57000000,110879.89000000,110549.80000000,110724.00000000,505.96638000
2025-09-03 08:00:00,110724.00000000,111111.11000000,110528.71000000,111099.88000000,437.31572000
2025-09-03 09:00:00,111099.87000000,111279.48000000,110974.00000000,111019.99000000,365.12571000
2025-09-03 10:00:00,111019.99000000,111324.00000000,110889.29000000,111312.28000000,314.98009000
2025-09-03 11:00:00,111312.28000000,111491.74000000,111170.06000000,111449.99000000,377.12634000
2025-09-03 12:00:00,111450.00000000,111708.00000000,111388.24000000,111437.77000000,457.60494000
2025-09-03 13:00:00,111437.77000000,111858.57000000,111031.61000000,111112.00000000,440.11635000
2025-09-03 14:00:00,111112.00000000,111920.70000000,111065.56000000,111475.07000000,862.57140000
2025-09-03 15:00:00,111475.08000000,112500.00000000,111118.43000000,112261.37000000,1480.64380000
2025-09-03 16:00:00,112261.37000000,112376.70000000,111910.24000000,112222.74000000,766.67332000
2025-09-03 17:00:00,112222.73000000,112336.00000000,111686.24000000,111858.66000000,604.19676000
2025-09-03 18:00:00,111858.65000000,112575.27000000,111858.65000000,112312.64000000,574.69857000
2025-09-03 19:00:00,112312.64000000,112516.35000000,111800.00000000,112000.00000000,465.80305000
2025-09-03 20:00:00,112000.00000000,112252.33000000,111781.63000000,112193.74000000,312.61035000
2025-09-03 21:00:00,112193.74000000,112250.00000000,112052.10000000,112211.31000000,229.15863000
2025-09-03 22:00:00,112211.30000000,112250.00000000,111759.50000000,111989.67000000,182.28806000
2025-09-03 23:00:00,111989.68000000,112150.00000000,111839.86000000,111947.48000000,177.73464000
2025-09-04 00:00:00,111947.47000000,111980.00000000,111613.98000000,111705.71000000,359.07217000
2025-09-04 01:00:00,111705.72000000,112180.00000000,111619.86000000,112065.61000000,343.42623000
2025-09-04 02:00:00,112065.60000000,112080.00000000,111641.63000000,111947.48000000,251.77157000
2025-09-04 03:00:00,111947.48000000,111980.01000000,111406.79000000,111450.15000000,359.69532000
2025-09-04 04:00:00,111450.16000000,111728.57000000,111136.00000000,111148.97000000,529.86591000
2025-09-04 05:00:00,111148.97000000,111318.84000000,110917.45000000,110917.45000000,332.73027000
2025-09-04 06:00:00,110917.46000000,110922.40000000,110569.36000000,110653.07000000,1163.68375000
2025-09-04 07:00:00,110653.08000000,110729.00000000,110279.68000000,110393.95000000,439.75314000
2025-09-04 08:00:00,110393.95000000,110642.19000000,110343.72000000,110463.36000000,357.56088000
2025-09-04 09:00:00,110463.36000000,110858.60000000,110415.72000000,110640.97000000,335.90557000
2025-09-04 10:00:00,110640.96000000,110856.63000000,110640.96000000,110815.04000000,215.23378000
2025-09-04 11:00:00,110815.05000000,111154.93000000,110628.85000000,110628.86000000,318.57504000
2025-09-04 12:00:00,110628.86000000,111054.69000000,110546.48000000,110810.00000000,381.28687000
2025-09-04 13:00:00,110810.00000000,111123.99000000,110532.73000000,110933.94000000,432.19177000
2025-09-04 14:00:00,110933.94000000,110970.00000000,110217.13000000,110464.00000000,602.35130000
2025-09-04 15:00:00,110463.99000000,110523.98000000,109705.48000000,109842.01000000,1107.22942000
2025-09-04 16:00:00,109842.01000000,109862.94000000,109329.12000000,109510.31000000,916.17813000
2025-09-04 17:00:00,109510.32000000,109688.00000000,109363.26000000,109438.34000000,640.73994000
2025-09-04 18:00:00,109438.35000000,109914.01000000,109428.98000000,109786.48000000,495.50168000
2025-09-04 19:00:00,109786.48000000,110218.39000000,109699.15000000,109977.00000000,620.57193000
2025-09-04 20:00:00,109977.00000000,110113.19000000,109713.31000000,109799.99000000,367.82140000
2025-09-04 21:00:00,109800.00000000,110409.46000000,109755.59000000,110408.02000000,396.63364000
2025-09-04 22:00:00,110408.01000000,110545.44000000,110328.96000000,110500.00000000,176.70046000
2025-09-04 23:00:00,110500.01000000,111588.66000000,110484.95000000,111490.73000000,669.83836000
2025-09-05 00:00:00,111490.74000000,111765.31000000,110605.72000000,110730.87000000,747.88900000
2025-09-05 01:00:00,110730.87000000,110929.30000000,110435.75000000,110451.62000000,457.22173000
2025-09-05 02:00:00,110451.63000000,111136.00000000,110451.63000000,111121.51000000,336.74632000
2025-09-05 03:00:00,111121.51000000,111482.09000000,111040.79000000,111340.65000000,606.85268000
2025-09-05 04:00:00,111340.64000000,111340.65000000,111096.67000000,111311.77000000,264.75507000
2025-09-05 05:00:00,111311.78000000,111468.20000000,111144.51000000,111445.00000000,785.66095000
2025-09-05 06:00:00,111445.00000000,111710.49000000,111407.57000000,111574.50000000,365.92368000
2025-09-05 07:00:00,111574.51000000,111914.53000000,111501.94000000,111911.99000000,435.99084000
2025-09-05 08:00:00,111912.00000000,112999.00000000,111883.49000000,112954.32000000,1893.59984000
2025-09-05 09:00:00,112954.32000000,112985.00000000,112605.37000000,112618.51000000,612.54610000
2025-09-05 10:00:00,112618.51000000,112619.98000000,112131.02000000,112303.87000000,672.38321000
2025-09-05 11:00:00,112303.87000000,112571.90000000,112191.40000000,112256.36000000,401.39645000
2025-09-05 12:00:00,112256.36000000,112439.36000000,112138.15000000,112354.00000000,270.50308000
2025-09-05 13:00:00,112354.00000000,113384.62000000,112040.00000000,113214.78000000,2902.04978000
2025-09-05 14:00:00,113214.78000000,113310.01000000,112706.71000000,113084.16000000,2093.90932000
2025-09-05 15:00:00,113084.16000000,113084.16000000,110487.65000000,110569.99000000,3593.87866000
2025-09-05 16:00:00,110569.99000000,111017.80000000,110286.91000000,110716.82000000,1216.05211000
2025-09-05 17:00:00,110716.82000000,110929.30000000,110537.99000000,110815.40000000,450.76892000
2025-09-05 18:00:00,110815.40000000,110815.40000000,110206.96000000,110608.18000000,561.64147000
2025-09-05 19:00:00,110608.19000000,111285.35000000,110569.43000000,111198.78000000,518.32708000
2025-09-05 20:00:00,111198.77000000,111627.51000000,111125.80000000,111614.54000000,636.35672000
2025-09-05 21:00:00,111614.54000000,111679.79000000,111299.98000000,111630.30000000,588.97794000
2025-09-05 22:00:00,111630.31000000,111700.00000000,110375.60000000,110605.01000000,1465.95586000
2025-09-05 23:00:00,110605.01000000,110917.46000000,110500.00000000,110800.00000000,278.07558000
2025-09-06 00:00:00,110800.01000000,110859.49000000,110594.79000000,110659.99000000,177.83549000
2025-09-06 01:00:00,110660.00000000,110833.32000000,110552.56000000,110779.70000000,235.00101000
2025-09-06 02:00:00,110779.70000000,110917.46000000,110744.08000000,110867.70000000,186.31454000
2025-09-06 03:00:00,110867.71000000,111216.25000000,110733.11000000,111216.15000000,184.10167000
2025-09-06 04:00:00,111216.14000000,111307.70000000,111000.12000000,111082.22000000,194.76496000
2025-09-06 05:00:00,111082.23000000,111082.23000000,110783.70000000,110876.12000000,353.63220000
2025-09-06 06:00:00,110876.12000000,110876.13000000,110687.69000000,110714.00000000,151.66886000
2025-09-06 07:00:00,110714.00000000,110817.11000000,110714.00000000,110752.83000000,96.24087000
2025-09-06 08:00:00,110752.84000000,110829.15000000,110750.64000000,110825.60000000,86.44213000
2025-09-06 09:00:00,110825.59000000,110968.00000000,110774.46000000,110952.76000000,91.10955000
2025-09-06 10:00:00,110952.77000000,110952.77000000,110693.86000000,110695.06000000,193.74674000
2025-09-06 11:00:00,110695.06000000,110804.62000000,110677.30000000,110773.62000000,157.49749000
2025-09-06 12:00:00,110773.62000000,110868.80000000,110675.58000000,110781.02000000,179.54833000
2025-09-06 13:00:00,110781.03000000,110898.70000000,110753.97000000,110832.58000000,158.76991000
2025-09-06 14:00:00,110832.59000000,110947.91000000,110822.00000000,110936.82000000,154.65819000
2025-09-06 15:00:00,110936.82000000,110999.83000000,110781.96000000,110807.77000000,144.71630000
2025-09-06 16:00:00,110807.78000000,110840.00000000,110358.11000000,110384.15000000,427.86502000
2025-09-06 17:00:00,110384.16000000,110402.00000000,109977.00000000,110267.99000000,876.95944000
2025-09-06 18:00:00,110267.99000000,110275.50000000,110000.00000000,110157.41000000,202.20870000
2025-09-06 19:00:00,110157.41000000,110285.65000000,110056.29000000,110228.00000000,160.96245000
2025-09-06 20:00:00,110228.01000000,110260.00000000,110000.00000000,110038.41000000,151.53000000
2025-09-06 21:00:00,110038.42000000,110167.01000000,110034.44000000,110167.00000000,140.09020000
2025-09-06 22:00:00,110167.01000000,110215.03000000,110093.14000000,110201.00000000,168.43512000
2025-09-06 23:00:00,110200.99000000,110238.12000000,110074.95000000,110170.55000000,159.17265000
2025-09-07 00:00:00,110170.54000000,110282.82000000,110113.96000000,110187.97000000,144.86264000
2025-09-07 01:00:00,110187.98000000,110367.37000000,110180.00000000,110356.75000000,274.12078000
2025-09-07 02:00:00,110356.74000000,110587.86000000,110332.81000000,110546.66000000,251.76683000
2025-09-07 03:00:00,110546.66000000,110692.52000000,110444.43000000,110666.24000000,231.20078000
2025-09-07 04:00:00,110666.24000000,110733.12000000,110596.71000000,110629.15000000,191.54953000
2025-09-07 05:00:00,110629.15000000,110638.00000000,110489.96000000,110557.76000000,140.43398000
2025-09-07 06:00:00,110557.77000000,110699.00000000,110557.76000000,110649.44000000,163.57402000
2025-09-07 07:00:00,110649.45000000,110665.35000000,110472.33000000,110504.15000000,195.71662000
2025-09-07 08:00:00,110504.14000000,110911.42000000,110463.10000000,110753.42000000,373.02249000
2025-09-07 09:00:00,110753.41000000,111377.19000000,110720.01000000,111071.25000000,524.25884000
2025-09-07 10:00:00,111071.25000000,111248.20000000,110876.88000000,111115.98000000,305.63775000
2025-09-07 11:00:00,111115.99000000,111237.97000000,111041.87000000,111225.02000000,152.81384000
2025-09-07 12:00:00,111225.03000000,111292.13000000,111189.75000000,111292.13000000,231.70263000
2025-09-07 13:00:00,111292.12000000,111292.13000000,111073.17000000,111115.92000000,171.89870000
2025-09-07 14:00:00,111115.92000000,111231.60000000,111042.60000000,111214.62000000,159.77105000
2025-09-07 15:00:00,111214.63000000,111412.00000000,111059.57000000,111145.59000000,337.64277000
2025-09-07 16:00:00,111145.59000000,111373.43000000,111120.56000000,111329.99000000,168.21133000
2025-09-07 17:00:00,111329.99000000,111371.35000000,111152.15000000,111202.02000000,223.90897000
2025-09-07 18:00:00,111202.02000000,111237.86000000,110888.07000000,110962.83000000,326.82203000
2025-09-07 19:00:00,110962.84000000,111063.00000000,110861.20000000,111053.76000000,219.80123000
2025-09-07 20:00:00,111053.77000000,111293.99000000,111049.05000000,111259.99000000,169.95303000
2025-09-07 21:00:00,111259.99000000,111371.26000000,111147.25000000,111330.30000000,178.99404000
2025-09-07 22:00:00,111330.31000000,111330.31000000,111050.14000000,111050.14000000,82.99122000
2025-09-07 23:00:00,111050.14000000,111364.40000000,111001.45000000,111250.01000000,270.95197000
2025-09-08 00:00:00,111250.01000000,111600.00000000,111076.92000000,111137.34000000,334.55501000
2025-09-08 01:00:00,111137.35000000,111293.26000000,110733.71000000,110837.96000000,553.54548000
2025-09-08 02:00:00,110837.95000000,110994.58000000,110731.71000000,110890.57000000,352.25138000
2025-09-08 03:00:00,110890.58000000,111372.00000000,110621.78000000,111240.00000000,364.10880000
2025-09-08 04:00:00,111239.99000000,111349.24000000,111026.91000000,111052.11000000,431.56519000
2025-09-08 05:00:00,111052.11000000,111218.49000000,110929.30000000,110979.35000000,318.48361000
2025-09-08 06:00:00,110979.35000000,111061.05000000,110899.69000000,111027.16000000,189.25665000
2025-09-08 07:00:00,111027.15000000,111197.86000000,110917.45000000,111113.26000000,156.58167000
2025-09-08 08:00:00,111113.26000000,111609.04000000,111113.25000000,111280.39000000,665.80320000
2025-09-08 09:00:00,111280.40000000,111910.48000000,111252.90000000,111684.25000000,867.09200000
2025-09-08 10:00:00,111684.26000000,112095.00000000,111591.06000000,112094.99000000,695.25367000
2025-09-08 11:00:00,112094.99000000,112186.98000000,111920.89000000,112048.00000000,648.82485000
2025-09-08 12:00:00,112048.00000000,112121.59000000,111754.31000000,112052.43000000,512.51734000
2025-09-08 13:00:00,112052.43000000,112153.90000000,111934.24000000,112034.51000000,293.01193000
2025-09-08 14:00:00,112034.50000000,112370.30000000,111877.64000000,111906.55000000,1120.28751000
2025-09-08 15:00:00,111906.56000000,112779.50000000,111888.00000000,112645.05000000,989.95574000
2025-09-08 16:00:00,112645.06000000,112924.37000000,112526.61000000,112631.75000000,614.96830000
2025-09-08 17:00:00,112631.74000000,112670.06000000,112293.18000000,112398.00000000,493.93324000
2025-09-08 18:00:00,112398.01000000,112531.60000000,112075.20000000,112214.40000000,461.27895000
2025-09-08 19:00:00,112214.41000000,112515.59000000,112184.97000000,112477.01000000,296.32443000
2025-09-08 20:00:00,112477.01000000,112477.01000000,111978.67000000,112097.31000000,430.27796000
2025-09-08 21:00:00,112097.31000000,112153.07000000,111896.00000000,111958.04000000,288.87626000
2025-09-08 22:00:00,111958.04000000,112331.32000000,111930.73000000,112326.45000000,273.54370000
2025-09-08 23:00:00,112326.45000000,112512.71000000,112210.91000000,112236.71000000,274.21823000
2025-09-09 00:00:00,112236.71000000,112305.03000000,111989.00000000,112065.23000000,290.44202000
2025-09-09 01:00:00,112065.23000000,112104.41000000,111459.87000000,111650.03000000,720.48199000
2025-09-09 02:00:00,111650.03000000,111748.54000000,111258.30000000,111364.73000000,520.52157000
2025-09-09 03:00:00,111364.73000000,111442.95000000,111111.00000000,111330.71000000,536.02045000
2025-09-09 04:00:00,111330.72000000,111740.61000000,111234.16000000,111708.00000000,314.74637000
2025-09-09 05:00:00,111708.01000000,112110.99000000,111624.12000000,112024.01000000,548.42419000
2025-09-09 06:00:00,112024.01000000,112248.84000000,111851.52000000,112200.00000000,298.70562000
2025-09-09 07:00:00,112200.01000000,113156.65000000,112151.16000000,113022.61000000,1080.72151000
2025-09-09 08:00:00,113022.62000000,113293.29000000,112753.61000000,112991.11000000,978.74308000
2025-09-09 09:00:00,112991.11000000,113176.51000000,112886.93000000,112992.69000000,524.35168000
2025-09-09 10:00:00,112992.69000000,113057.99000000,112900.00000000,112966.54000000,367.43684000
2025-09-09 11:00:00,112966.54000000,113040.00000000,112635.38000000,112732.62000000,631.93421000
2025-09-09 12:00:00,112732.62000000,112800.00000000,112403.91000000,112433.59000000,325.19749000
2025-09-09 13:00:00,112433.59000000,112824.00000000,112393.40000000,112671.76000000,397.08345000
2025-09-09 14:00:00,112671.76000000,112932.18000000,112470.18000000,112760.58000000,656.61339000
2025-09-09 15:00:00,112760.58000000,112950.00000000,111511.11000000,111767.45000000,1958.50565000
2025-09-09 16:00:00,111767.45000000,111847.23000000,110766.66000000,110880.76000000,1649.92992000
2025-09-09 17:00:00,110880.76000000,111148.17000000,110788.00000000,110975.99000000,808.62492000
2025-09-09 18:00:00,110975.99000000,111193.39000000,110898.28000000,111025.44000000,539.75817000
2025-09-09 19:00:00,111025.43000000,111298.16000000,110900.02000000,111131.92000000,495.62040000
2025-09-09 20:00:00,111131.92000000,111388.04000000,111124.17000000,111301.53000000,277.49178000
2025-09-09 21:00:00,111301.53000000,111530.16000000,111090.07000000,111530.16000000,761.02989000
2025-09-09 22:00:00,111530.15000000,111745.69000000,111270.75000000,111299.61000000,463.86358000
2025-09-09 23:00:00,111299.61000000,111630.31000000,111266.11000000,111556.16000000,207.57487000
2025-09-10 00:00:00,111556.15000000,111583.81000000,111362.94000000,111546.39000000,315.90146000
2025-09-10 01:00:00,111546.38000000,111572.57000000,110942.33000000,111010.46000000,490.88671000
2025-09-10 02:00:00,111010.47000000,111224.53000000,110917.45000000,111005.64000000,419.72999000
2025-09-10 03:00:00,111005.63000000,111551.04000000,111005.63000000,111411.13000000,492.50873000
2025-09-10 04:00:00,111411.13000000,111586.26000000,111372.08000000,111545.88000000,263.91729000
2025-09-10 05:00:00,111545.88000000,111647.38000000,111410.83000000,111520.43000000,304.12835000
2025-09-10 06:00:00,111520.43000000,111729.65000000,111372.42000000,111577.31000000,436.99878000
2025-09-10 07:00:00,111577.31000000,111969.57000000,111396.08000000,111792.33000000,503.80753000
2025-09-10 08:00:00,111792.34000000,112602.35000000,111760.69000000,112553.65000000,1232.32394000
2025-09-10 09:00:00,112553.65000000,112859.80000000,112336.28000000,112370.08000000,1005.38091000
2025-09-10 10:00:00,112370.07000000,112428.29000000,112097.20000000,112274.29000000,619.63175000
2025-09-10 11:00:00,112274.29000000,112422.63000000,112199.19000000,112270.01000000,532.10538000
2025-09-10 12:00:00,112270.00000000,112409.49000000,112148.49000000,112299.99000000,422.47932000
2025-09-10 13:00:00,112300.00000000,113550.14000000,112299.99000000,113413.51000000,2800.76749000
2025-09-10 14:00:00,113413.50000000,114313.13000000,113384.61000000,113952.00000000,2112.22655000
2025-09-10 15:00:00,113951.99000000,114295.63000000,113802.14000000,113899.99000000,1035.28455000
2025-09-10 16:00:00,113900.00000000,114095.66000000,113723.21000000,113853.99000000,682.44215000
2025-09-10 17:00:00,113853.99000000,113936.99000000,113553.74000000,113759.89000000,577.39326000
2025-09-10 18:00:00,113759.88000000,114074.46000000,113415.20000000,113738.01000000,617.65367000
2025-09-10 19:00:00,113738.01000000,113896.94000000,113347.39000000,113584.85000000,688.96812000
2025-09-10 20:00:00,113584.84000000,113617.09000000,113155.03000000,113574.52000000,744.45366000
2025-09-10 21:00:00,113574.53000000,113900.00000000,113553.26000000,113566.39000000,611.07657000
2025-09-10 22:00:00,113566.40000000,113845.18000000,113528.01000000,113842.53000000,256.17247000
2025-09-10 23:00:00,113842.54000000,113992.39000000,113713.63000000,113881.20000000,264.24584000
2025-09-11 00:00:00,113881.21000000,114025.78000000,113788.00000000,113960.00000000,402.83522000
2025-09-11 01:00:00,113960.00000000,114008.87000000,113669.82000000,113885.70000000,432.57350000
2025-09-11 02:00:00,113885.70000000,114176.66000000,113831.33000000,113903.23000000,380.81020000
2025-09-11 03:00:00,113903.23000000,113953.99000000,113716.00000000,113819.02000000,230.50973000
2025-09-11 04:00:00,113819.02000000,114434.23000000,113819.01000000,114400.01000000,552.73536000
2025-09-11 05:00:00,114400.01000000,114400.01000000,114071.81000000,114158.29000000,489.30630000
2025-09-11 06:00:00,114158.29000000,114348.52000000,113966.46000000,114266.00000000,589.97492000
2025-09-11 07:00:00,114266.00000000,114459.65000000,114076.92000000,114324.64000000,409.80916000
2025-09-11 08:00:00,114324.65000000,114326.52000000,113957.20000000,114083.58000000,465.05247000
2025-09-11 09:00:00,114083.58000000,114200.00000000,113972.00000000,114049.39000000,307.55276000
2025-09-11 10:00:00,114049.39000000,114075.11000000,113776.00000000,113895.29000000,430.23419000
2025-09-11 11:00:00,113895.30000000,114119.40000000,113891.45000000,114062.32000000,373.92428000
2025-09-11 12:00:00,114062.31000000,114112.00000000,113887.98000000,113999.99000000,400.89210000
2025-09-11 13:00:00,113999.99000000,114500.00000000,113500.00000000,113975.99000000,2372.15470000
2025-09-11 14:00:00,113975.99000000,114715.02000000,113430.00000000,114628.08000000,1458.85001000
2025-09-11 15:00:00,114630.06000000,114667.45000000,113927.60000000,114463.73000000,759.30317000
2025-09-11 16:00:00,114463.73000000,114699.25000000,113996.19000000,114180.31000000,553.38549000
2025-09-11 17:00:00,114180.32000000,114588.98000000,114180.31000000,114487.53000000,300.34694000
2025-09-11 18:00:00,114487.53000000,114593.29000000,114328.52000000,114589.84000000,372.57383000
2025-09-11 19:00:00,114589.84000000,114605.54000000,114102.00000000,114312.35000000,416.47348000
2025-09-11 20:00:00,114312.35000000,114525.00000000,114182.04000000,114419.99000000,348.31986000
2025-09-11 21:00:00,114420.00000000,114487.53000000,114246.04000000,114395.99000000,308.36329000
2025-09-11 22:00:00,114395.98000000,114517.60000000,114395.98000000,114482.69000000,190.78211000
2025-09-11 23:00:00,114482.70000000,115266.45000000,114435.63000000,115084.00000000,1104.63013000
2025-09-12 00:00:00,115084.01000000,115488.09000000,115084.00000000,115482.69000000,428.17321000
2025-09-12 01:00:00,115482.69000000,116331.81000000,115420.87000000,115840.69000000,1835.12528000
2025-09-12 02:00:00,115840.69000000,116016.91000000,115371.13000000,115377.29000000,774.94414000
2025-09-12 03:00:00,115377.29000000,115663.05000000,115256.64000000,115391.00000000,535.95115000
2025-09-12 04:00:00,115391.00000000,115429.46000000,115045.45000000,115194.14000000,556.98098000
2025-09-12 05:00:00,115194.14000000,115509.65000000,115086.82000000,115359.99000000,435.01083000
2025-09-12 06:00:00,115360.00000000,115656.87000000,115320.27000000,115612.84000000,397.97519000
2025-09-12 07:00:00,115612.84000000,115612.85000000,115260.38000000,115318.00000000,301.68688000
2025-09-12 08:00:00,115318.01000000,115405.79000000,115086.70000000,115086.70000000,495.74469000
2025-09-12 09:00:00,115086.70000000,115273.12000000,114950.00000000,115048.00000000,931.11012000
2025-09-12 10:00:00,115047.99000000,115127.05000000,114888.01000000,115048.01000000,372.62834000
2025-09-12 11:00:00,115048.00000000,115093.49000000,114926.42000000,114980.85000000,227.81735000
2025-09-12 12:00:00,114980.84000000,115148.00000000,114901.03000000,114913.45000000,427.23394000
2025-09-12 13:00:00,114913.45000000,115172.57000000,114740.99000000,115083.97000000,620.57400000
2025-09-12 14:00:00,115083.98000000,115214.29000000,114822.77000000,115166.45000000,371.74126000
2025-09-12 15:00:00,115166.46000000,115500.95000000,114865.30000000,115260.00000000,719.98267000
2025-09-12 16:00:00,115260.00000000,115294.10000000,114939.53000000,115121.18000000,329.84108000
2025-09-12 17:00:00,115121.18000000,115514.77000000,115030.30000000,115495.56000000,536.60395000
2025-09-12 18:00:00,115495.56000000,115939.39000000,115395.66000000,115815.16000000,944.10930000
2025-09-12 19:00:00,115815.16000000,116495.00000000,115769.88000000,116486.18000000,1014.39133000
2025-09-12 20:00:00,116486.19000000,116665.63000000,116238.64000000,116632.51000000,1368.73979000
2025-09-12 21:00:00,116632.51000000,116632.51000000,115974.00000000,116157.33000000,898.27059000
2025-09-12 22:00:00,116157.34000000,116157.34000000,115752.68000000,115865.89000000,385.45605000
2025-09-12 23:00:00,115865.89000000,116360.43000000,115865.89000000,116027.46000000,494.01734000
2025-09-13 00:00:00,116027.46000000,116161.37000000,115929.06000000,116029.42000000,348.17094000
2025-09-13 01:00:00,116029.41000000,116298.78000000,115959.59000000,116209.32000000,476.47907000
2025-09-13 02:00:00,116209.32000000,116275.81000000,115576.26000000,115764.30000000,632.36146000
2025-09-13 03:00:00,115764.30000000,115991.29000000,115686.47000000,115886.17000000,322.19761000
2025-09-13 04:00:00,115886.16000000,116012.91000000,115837.98000000,115957.00000000,823.27412000
2025-09-13 05:00:00,115957.00000000,115957.01000000,115685.60000000,115698.40000000,314.62389000
2025-09-13 06:00:00,115698.40000000,115845.46000000,115657.81000000,115704.04000000,253.61230000
2025-09-13 07:00:00,115704.03000000,115802.16000000,115662.20000000,115749.99000000,251.18163000
2025-09-13 08:00:00,115750.00000000,115855.89000000,115702.39000000,115778.71000000,242.78688000
2025-09-13 09:00:00,115778.72000000,116056.17000000,115767.33000000,115978.01000000,351.87471000
2025-09-13 10:00:00,115978.01000000,116038.14000000,115871.26000000,116035.33000000,294.98775000
2025-09-13 11:00:00,116035.32000000,116166.71000000,115916.41000000,115937.99000000,318.28855000
2025-09-13 12:00:00,115937.99000000,116005.82000000,115888.00000000,115974.11000000,263.75402000
2025-09-13 13:00:00,115974.11000000,116060.00000000,115872.82000000,116002.91000000,204.03439000
2025-09-13 14:00:00,116002.91000000,116002.91000000,115621.65000000,115761.05000000,440.12472000
2025-09-13 15:00:00,115761.06000000,115950.00000000,115603.98000000,115797.68000000,438.72685000
2025-09-13 16:00:00,115797.67000000,115924.60000000,115619.57000000,115768.68000000,290.44971000
2025-09-13 17:00:00,115768.68000000,115817.37000000,115127.27000000,115334.00000000,700.81830000
2025-09-13 18:00:00,115333.99000000,115587.49000000,115180.00000000,115571.78000000,465.25625000
2025-09-13 19:00:00,115571.79000000,115653.26000000,115433.09000000,115633.92000000,160.49564000
2025-09-13 20:00:00,115633.91000000,115800.88000000,115570.78000000,115797.12000000,263.39165000
2025-09-13 21:00:00,115797.12000000,115991.29000000,115797.11000000,115905.88000000,220.70474000
2025-09-13 22:00:00,115905.88000000,115972.52000000,115839.98000000,115895.39000000,234.38734000
2025-09-13 23:00:00,115895.40000000,115944.64000000,115809.90000000,115871.58000000,159.45156000
2025-09-14 00:00:00,115871.58000000,115979.99000000,115861.39000000,115918.29000000,146.14080000
2025-09-14 01:00:00,115918.29000000,116000.00000000,115815.13000000,115935.60000000,153.28277000
2025-09-14 02:00:00,115935.61000000,115990.20000000,115744.67000000,115962.93000000,185.94891000
2025-09-14 03:00:00,115962.92000000,116109.00000000,115750.00000000,115852.95000000,267.49819000
2025-09-14 04:00:00,115852.95000000,115869.99000000,115651.99000000,115679.98000000,272.91216000
2025-09-14 05:00:00,115679.99000000,115768.00000000,115449.59000000,115750.99000000,247.86689000
2025-09-14 06:00:00,115751.00000000,115924.69000000,115735.58000000,115860.01000000,258.07375000
2025-09-14 07:00:00,115860.01000000,115936.00000000,115693.95000000,115734.23000000,196.84102000
2025-09-14 08:00:00,115734.24000000,115838.41000000,115734.23000000,115805.39000000,212.00183000
2025-09-14 09:00:00,115805.39000000,115983.02000000,115759.44000000,115933.40000000,137.30583000
2025-09-14 10:00:00,115933.40000000,116165.19000000,115905.88000000,116052.09000000,271.65824000
2025-09-14 11:00:00,116052.10000000,116132.85000000,115955.57000000,116027.26000000,156.38468000
2025-09-14 12:00:00,116027.25000000,116100.00000000,115748.78000000,115794.91000000,275.05839000
2025-09-14 13:00:00,115794.92000000,115878.49000000,115662.62000000,115776.31000000,316.97870000
2025-09-14 14:00:00,115776.31000000,115776.32000000,115217.01000000,115348.10000000,617.50773000
2025-09-14 15:00:00,115348.10000000,115691.04000000,115141.80000000,115401.75000000,750.31099000
2025-09-14 16:00:00,115401.75000000,115419.10000000,115200.40000000,115224.01000000,351.71527000
2025-09-14 17:00:00,115224.01000000,115540.00000000,115193.90000000,115480.00000000,284.25459000
2025-09-14 18:00:00,115480.00000000,115657.50000000,115413.46000000,115557.65000000,290.60711000
2025-09-14 19:00:00,115557.65000000,115557.66000000,115375.05000000,115388.21000000,161.60603000
2025-09-14 20:00:00,115388.21000000,115635.00000000,115330.99000000,115634.99000000,132.66154000
2025-09-14 21:00:00,115634.99000000,115851.26000000,115634.99000000,115802.16000000,116.11592000
2025-09-14 22:00:00,115802.16000000,116087.35000000,115607.99000000,116058.88000000,349.40859000
2025-09-14 23:00:00,116059.48000000,116076.89000000,115810.22000000,116009.61000000,262.34337000
2025-09-15 00:00:00,116009.62000000,116009.62000000,115135.00000000,115268.01000000,439.25947000
2025-09-15 01:00:00,115268.01000000,115276.49000000,114972.29000000,115071.32000000,521.11024000
2025-09-15 02:00:00,115071.32000000,115283.50000000,114825.00000000,115231.69000000,362.37165000
2025-09-15 03:00:00,115231.69000000,115443.29000000,115214.55000000,115362.35000000,184.52455000
2025-09-15 04:00:00,115362.35000000,115594.90000000,115347.91000000,115445.45000000,223.49300000
2025-09-15 05:00:00,115445.46000000,116168.26000000,115400.00000000,116058.01000000,698.45937000
2025-09-15 06:00:00,116058.01000000,116583.47000000,116019.05000000,116520.00000000,781.40763000
2025-09-15 07:00:00,116519.13000000,116757.99000000,116043.01000000,116129.99000000,559.85108000
2025-09-15 08:00:00,116130.00000000,116400.00000000,115626.96000000,115806.62000000,605.73350000
2025-09-15 09:00:00,115806.62000000,115806.62000000,114709.18000000,114737.27000000,1325.86164000
2025-09-15 10:00:00,114737.28000000,115188.00000000,114625.87000000,114868.59000000,1072.97754000
2025-09-15 11:00:00,114868.60000000,114954.83000000,114720.69000000,114769.04000000,532.63649000
2025-09-15 12:00:00,114769.03000000,115195.86000000,114740.97000000,115070.00000000,565.80309000
2025-09-15 13:00:00,115070.01000000,115074.51000000,114671.75000000,114721.04000000,599.02223000
2025-09-15 14:00:00,114721.03000000,115099.00000000,114384.00000000,114664.08000000,1056.42151000
2025-09-15 15:00:00,114664.07000000,115029.81000000,114450.28000000,114679.56000000,775.27929000
2025-09-15 16:00:00,114679.55000000,114909.40000000,114404.43000000,114842.90000000,564.69333000
2025-09-15 17:00:00,114842.90000000,114922.59000000,114600.00000000,114662.57000000,364.30154000
2025-09-15 18:00:00,114662.58000000,115130.00000000,114600.00000000,115120.03000000,284.01648000
2025-09-15 19:00:00,115120.02000000,115360.54000000,114904.16000000,115307.79000000,538.96072000
2025-09-15 20:00:00,115307.79000000,115570.00000000,114975.66000000,115307.78000000,685.41151000
2025-09-15 21:00:00,115307.78000000,115515.41000000,115200.07000000,115379.99000000,325.59706000
2025-09-15 22:00:00,115380.00000000,115538.55000000,115283.49000000,115528.00000000,170.93694000
2025-09-15 23:00:00,115528.00000000,115605.07000000,115221.68000000,115288.01000000,235.69782000
2025-09-16 00:00:00,115288.01000000,115476.00000000,115232.58000000,115349.71000000,177.94328000
2025-09-16 01:00:00,115349.71000000,115349.71000000,114945.01000000,115088.66000000,244.26086000
2025-09-16 02:00:00,115088.66000000,115520.00000000,115008.69000000,115024.24000000,232.34980000
2025-09-16 03:00:00,115024.24000000,115227.51000000,115024.23000000,115034.47000000,151.83383000
2025-09-16 04:00:00,115034.48000000,115426.49000000,115034.44000000,115307.25000000,236.03187000
2025-09-16 05:00:00,115307.26000000,115560.01000000,114930.00000000,115503.01000000,446.01382000
2025-09-16 06:00:00,115503.02000000,115957.23000000,115454.30000000,115936.65000000,685.43114000
2025-09-16 07:00:00,115936.65000000,116009.62000000,115591.57000000,115770.35000000,449.53079000
2025-09-16 08:00:00,115770.36000000,115886.17000000,115724.41000000,115840.00000000,319.02367000
2025-09-16 09:00:00,115839.99000000,115981.17000000,115526.50000000,115658.76000000,463.00777000
2025-09-16 10:00:00,115658.76000000,115720.00000000,115443.65000000,115477.27000000,286.71309000
2025-09-16 11:00:00,115477.28000000,115590.49000000,115372.35000000,115372.46000000,292.61330000
2025-09-16 12:00:00,115372.47000000,115431.52000000,115206.15000000,115287.83000000,303.19825000
2025-09-16 13:00:00,115287.84000000,115460.20000000,115287.38000000,115439.36000000,296.84884000
2025-09-16 14:00:00,115439.36000000,115558.06000000,114737.11000000,115200.00000000,1064.59506000
2025-09-16 15:00:00,115200.00000000,115306.71000000,114811.00000000,115296.86000000,607.41382000
2025-09-16 16:00:00,115296.86000000,115905.89000000,115010.66000000,115905.88000000,653.80057000
2025-09-16 17:00:00,115905.88000000,116068.92000000,115608.28000000,116068.06000000,691.27604000
2025-09-16 18:00:00,116068.05000000,116870.76000000,116056.99000000,116461.54000000,1252.39334000
2025-09-16 19:00:00,116461.55000000,116776.66000000,116226.12000000,116418.86000000,486.09455000
2025-09-16 20:00:00,116418.87000000,116820.00000000,116395.60000000,116800.12000000,525.61626000
2025-09-16 21:00:00,116800.13000000,116908.83000000,116722.56000000,116839.47000000,367.21592000
2025-09-16 22:00:00,116839.47000000,116940.26000000,116584.45000000,116800.51000000,295.98351000
2025-09-16 23:00:00,116800.51000000,116964.27000000,116694.73000000,116855.58000000,312.66858000
2025-09-17 00:00:00,116855.58000000,116920.46000000,116632.00000000,116788.96000000,262.99472000
2025-09-17 01:00:00,116788.96000000,116832.00000000,116560.00000000,116560.01000000,269.72360000
2025-09-17 02:00:00,116560.01000000,116768.00000000,116516.92000000,116662.25000000,267.74519000
2025-09-17 03:00:00,116662.25000000,117077.16000000,116556.52000000,116686.43000000,742.45370000
2025-09-17 04:00:00,116686.43000000,116758.83000000,116371.81000000,116372.04000000,377.83050000
2025-09-17 05:00:00,116372.05000000,116480.01000000,116160.22000000,116313.49000000,262.15716000
2025-09-17 06:00:00,116313.50000000,117214.00000000,116313.49000000,117108.30000000,894.88999000
2025-09-17 07:00:00,117108.31000000,117286.73000000,116970.41000000,117234.27000000,770.01131000
2025-09-17 08:00:00,117234.28000000,117275.00000000,117125.78000000,117162.48000000,557.97471000
2025-09-17 09:00:00,117162.48000000,117189.86000000,116683.99000000,116860.00000000,635.73334000
2025-09-17 10:00:00,116860.01000000,116860.01000000,116548.88000000,116550.01000000,380.39506000
2025-09-17 11:00:00,116550.01000000,116604.26000000,116267.44000000,116359.14000000,356.93808000
2025-09-17 12:00:00,116359.14000000,116383.87000000,116253.27000000,116258.13000000,282.02162000
2025-09-17 13:00:00,116258.12000000,116516.93000000,116096.41000000,116204.94000000,387.04674000
2025-09-17 14:00:00,116204.94000000,116330.75000000,115905.88000000,116107.19000000,664.85629000
2025-09-17 15:00:00,116107.18000000,116240.00000000,115432.00000000,115606.61000000,1214.53614000
2025-09-17 16:00:00,115606.62000000,115886.17000000,115527.48000000,115875.32000000,581.89144000
2025-09-17 17:00:00,115875.33000000,115875.33000000,115386.21000000,115640.77000000,659.41460000
2025-09-17 18:00:00,115640.76000000,116288.27000000,115500.00000000,115504.48000000,696.96558000
2025-09-17 19:00:00,115504.49000000,116333.33000000,114720.81000000,115226.93000000,3427.38872000
2025-09-17 20:00:00,115226.93000000,115989.20000000,115068.33000000,115652.02000000,955.04331000
2025-09-17 21:00:00,115652.02000000,116140.20000000,115496.68000000,115621.47000000,455.26463000
2025-09-17 22:00:00,115621.47000000,116120.00000000,115307.33000000,116038.39000000,336.05085000
2025-09-17 23:00:00,116038.39000000,116823.72000000,116038.39000000,116559.69000000,741.17447000
2025-09-18 00:00:00,116559.68000000,116990.68000000,116340.07000000,116447.59000000,836.73837000
2025-09-18 01:00:00,116447.60000000,116470.52000000,116092.76000000,116350.65000000,442.99009000
2025-09-18 02:00:00,116350.65000000,116869.46000000,116340.00000000,116634.84000000,440.77649000
2025-09-18 03:00:00,116634.84000000,116959.96000000,116429.55000000,116950.47000000,318.21360000
2025-09-18 04:00:00,116950.46000000,117896.00000000,116896.93000000,117581.66000000,1879.70060000
2025-09-18 05:00:00,117581.67000000,117750.00000000,117219.50000000,117605.16000000,612.38170000
2025-09-18 06:00:00,117605.16000000,117605.16000000,117176.10000000,117273.36000000,340.19852000
2025-09-18 07:00:00,117273.37000000,117338.05000000,116888.02000000,117102.43000000,474.42047000
2025-09-18 08:00:00,117102.43000000,117208.00000000,117048.81000000,117086.01000000,362.62720000
2025-09-18 09:00:00,117086.01000000,117413.04000000,117010.59000000,117229.59000000,383.66591000
2025-09-18 10:00:00,117229.58000000,117350.00000000,117107.57000000,117298.81000000,260.44715000
2025-09-18 11:00:00,117298.82000000,117307.50000000,117078.72000000,117190.47000000,236.63641000
2025-09-18 12:00:00,117190.48000000,117300.00000000,117013.77000000,117063.40000000,285.00282000
2025-09-18 13:00:00,117063.41000000,117279.00000000,116977.59000000,117124.69000000,249.62123000
2025-09-18 14:00:00,117124.69000000,117655.55000000,117004.28000000,117432.04000000,647.01760000
2025-09-18 15:00:00,117432.04000000,117843.83000000,117400.54000000,117640.54000000,711.59459000
2025-09-18 16:00:00,117640.54000000,117705.51000000,117322.41000000,117583.56000000,808.09852000
2025-09-18 17:00:00,117583.56000000,117789.00000000,117500.01000000,117565.60000000,483.30991000
2025-09-18 18:00:00,117565.59000000,117765.59000000,117418.45000000,117579.93000000,479.43176000
2025-09-18 19:00:00,117579.94000000,117900.00000000,117512.11000000,117822.97000000,474.53821000
2025-09-18 20:00:00,117822.98000000,117822.98000000,117196.33000000,117450.21000000,391.34362000
2025-09-18 21:00:00,117450.21000000,117657.17000000,117337.95000000,117521.14000000,192.47211000
2025-09-18 22:00:00,117521.14000000,117521.14000000,117299.21000000,117299.21000000,187.11636000
2025-09-18 23:00:00,117299.21000000,117334.80000000,117027.34000000,117061.02000000,345.51742000
2025-09-19 00:00:00,117061.02000000,117172.21000000,116612.03000000,117073.53000000,650.11136000
2025-09-19 01:00:00,117073.53000000,117427.70000000,117020.00000000,117424.20000000,328.86734000
2025-09-19 02:00:00,117424.21000000,117459.99000000,117118.21000000,117241.32000000,268.67490000
2025-09-19 03:00:00,117241.32000000,117285.99000000,117044.13000000,117112.80000000,395.51641000
2025-09-19 04:00:00,117112.81000000,117291.01000000,116871.61000000,116977.58000000,333.32919000
2025-09-19 05:00:00,116977.58000000,117100.00000000,116700.02000000,116990.65000000,377.41298000
2025-09-19 06:00:00,116990.65000000,117010.00000000,116780.75000000,116894.83000000,306.31482000
2025-09-19 07:00:00,116894.83000000,116894.83000000,116633.86000000,116669.75000000,430.54942000
2025-09-19 08:00:00,116669.76000000,116992.81000000,116665.00000000,116909.97000000,423.81384000
2025-09-19 09:00:00,116909.98000000,117090.36000000,116882.47000000,116915.88000000,283.85786000
2025-09-19 10:00:00,116915.88000000,116979.86000000,116488.00000000,116488.00000000,361.47256000
2025-09-19 11:00:00,116488.00000000,116551.54000000,116434.23000000,116532.68000000,289.26548000
2025-09-19 12:00:00,116532.68000000,116554.05000000,116300.00000000,116394.72000000,309.23241000
2025-09-19 13:00:00,116394.72000000,116529.08000000,116133.66000000,116162.45000000,488.73837000
2025-09-19 14:00:00,116162.45000000,116465.35000000,116075.00000000,116284.64000000,435.12378000
2025-09-19 15:00:00,116284.63000000,116479.11000000,115800.00000000,115899.99000000,846.39402000
2025-09-19 16:00:00,115899.99000000,115952.95000000,115464.19000000,115884.03000000,887.61948000
2025-09-19 17:00:00,115884.03000000,116136.00000000,115800.00000000,116088.68000000,355.37234000
2025-09-19 18:00:00,116088.68000000,116093.18000000,115538.67000000,115542.73000000,360.56628000
2025-09-19 19:00:00,115542.73000000,115644.73000000,115382.98000000,115407.49000000,388.78402000
2025-09-19 20:00:00,115407.49000000,115479.45000000,115112.58000000,115125.12000000,308.93231000
2025-09-19 21:00:00,115125.13000000,115445.23000000,115100.00000000,115342.57000000,338.84816000
2025-09-19 22:00:00,115342.56000000,115532.73000000,115306.07000000,115465.39000000,178.46294000
2025-09-19 23:00:00,115465.39000000,115657.28000000,115465.39000000,115613.21000000,139.86142000
2025-09-20 00:00:00,115613.21000000,115648.00000000,115448.01000000,115632.38000000,155.08032000
2025-09-20 01:00:00,115632.39000000,115730.41000000,115548.92000000,115723.73000000,220.87363000
2025-09-20 02:00:00,115723.72000000,115723.73000000,115610.84000000,115623.51000000,178.50409000
2025-09-20 03:00:00,115623.50000000,115623.51000000,115444.00000000,115606.39000000,154.74621000
2025-09-20 04:00:00,115606.40000000,115606.40000000,115408.47000000,115445.00000000,162.93905000
2025-09-20 05:00:00,115445.00000000,115582.38000000,115409.08000000,115568.41000000,144.02474000
2025-09-20 06:00:00,115568.41000000,115717.50000000,115512.63000000,115717.49000000,224.42562000
2025-09-20 07:00:00,115717.49000000,115724.34000000,115625.85000000,115700.46000000,159.86607000
2025-09-20 08:00:00,115700.47000000,115985.20000000,115683.47000000,115968.56000000,231.14483000
2025-09-20 09:00:00,115968.56000000,115968.57000000,115700.01000000,115701.43000000,183.70782000
2025-09-20 10:00:00,115701.43000000,115794.39000000,115664.11000000,115672.80000000,196.19831000
2025-09-20 11:00:00,115672.80000000,115798.16000000,115672.79000000,115747.54000000,170.36368000
2025-09-20 12:00:00,115747.54000000,115909.54000000,115747.54000000,115894.06000000,242.77605000
2025-09-20 13:00:00,115894.05000000,115950.89000000,115804.47000000,115874.49000000,155.45643000
2025-09-20 14:00:00,115874.50000000,115951.96000000,115859.48000000,115915.80000000,123.96705000
2025-09-20 15:00:00,115915.79000000,116036.00000000,115883.30000000,115970.36000000,209.62425000
2025-09-20 16:00:00,115970.36000000,116121.81000000,115946.91000000,115986.69000000,347.86651000
2025-09-20 17:00:00,115986.70000000,116057.24000000,115882.58000000,116027.94000000,226.24762000
2025-09-20 18:00:00,116027.95000000,116079.46000000,115817.28000000,115821.72000000,189.06923000
2025-09-20 19:00:00,115821.73000000,115821.73000000,115700.00000000,115711.51000000,191.99051000
2025-09-20 20:00:00,115711.51000000,115812.62000000,115698.08000000,115702.00000000,290.90070000
2025-09-20 21:00:00,115702.00000000,115789.57000000,115689.91000000,115721.10000000,163.21635000
2025-09-20 22:00:00,115721.10000000,115944.70000000,115721.10000000,115786.31000000,200.36310000
2025-09-20 23:00:00,115786.30000000,115796.54000000,115742.14000000,115776.06000000,169.22355000
2025-09-21 00:00:00,115776.06000000,115776.06000000,115603.42000000,115685.63000000,137.43212000
2025-09-21 01:00:00,115685.63000000,115732.94000000,115559.97000000,115660.01000000,204.93197000
2025-09-21 02:00:00,115660.01000000,115660.01000000,115500.00000000,115500.00000000,193.04313000
2025-09-21 03:00:00,115500.01000000,115700.00000000,115441.83000000,115690.76000000,321.18986000
2025-09-21 04:00:00,115690.76000000,115723.43000000,115616.38000000,115669.41000000,199.89426000
2025-09-21 05:00:00,115669.42000000,115669.42000000,115494.22000000,115494.23000000,121.47731000
2025-09-21 06:00:00,115494.23000000,115663.49000000,115487.56000000,115663.48000000,237.18676000
2025-09-21 07:00:00,115663.48000000,115787.39000000,115663.48000000,115687.20000000,201.84931000
2025-09-21 08:00:00,115687.21000000,115815.98000000,115615.00000000,115815.97000000,246.42642000
2025-09-21 09:00:00,115815.98000000,115819.06000000,115560.94000000,115629.60000000,182.84602000
2025-09-21 10:00:00,115629.60000000,115704.53000000,115329.03000000,115683.54000000,335.85586000
2025-09-21 11:00:00,115683.53000000,115708.33000000,115504.13000000,115522.31000000,111.62025000
2025-09-21 12:00:00,115522.31000000,115694.74000000,115522.31000000,115603.45000000,156.53082000
2025-09-21 13:00:00,115603.45000000,115747.23000000,115603.44000000,115683.59000000,183.94971000
2025-09-21 14:00:00,115683.59000000,115747.06000000,115645.20000000,115661.65000000,136.30562000
2025-09-21 15:00:00,115661.65000000,115691.15000000,115500.00000000,115500.01000000,192.82816000
2025-09-21 16:00:00,115500.00000000,115599.60000000,115473.19000000,115531.61000000,158.23691000
2025-09-21 17:00:00,115531.62000000,115549.90000000,115209.02000000,115316.00000000,239.98829000
2025-09-21 18:00:00,115316.01000000,115629.58000000,115249.94000000,115628.18000000,234.56593000
2025-09-21 19:00:00,115628.19000000,115665.52000000,115513.98000000,115530.90000000,173.87321000
2025-09-21 20:00:00,115530.89000000,115530.90000000,115318.02000000,115480.05000000,132.68903000
2025-09-21 21:00:00,115480.05000000,115503.47000000,115307.51000000,115307.51000000,93.55507000
2025-09-21 22:00:00,115307.52000000,115434.53000000,115250.01000000,115405.48000000,101.37440000
2025-09-21 23:00:00,115405.48000000,115545.43000000,115188.00000000,115538.90000000,154.30721000
2025-09-22 00:00:00,115538.91000000,115538.91000000,115200.00000000,115232.29000000,196.99668000
2025-09-22 01:00:00,115232.29000000,115379.25000000,114290.16000000,114407.28000000,1196.13685000
2025-09-22 02:00:00,114407.28000000,114750.00000000,114250.98000000,114273.45000000,660.65043000
2025-09-22 03:00:00,114273.44000000,114618.89000000,114150.00000000,114187.81000000,895.13507000
2025-09-22 04:00:00,114187.80000000,114654.36000000,114187.80000000,114649.89000000,326.66818000
2025-09-22 05:00:00,114649.89000000,114649.90000000,114397.32000000,114433.53000000,208.01066000
2025-09-22 06:00:00,114433.53000000,114551.80000000,113623.00000000,113691.19000000,753.79586000
2025-09-22 07:00:00,113691.18000000,113698.38000000,111800.00000000,112800.77000000,5199.12797000
2025-09-22 08:00:00,112800.77000000,112999.00000000,112476.17000000,112519.99000000,1129.86840000
2025-09-22 09:00:00,112520.00000000,112780.00000000,112452.00000000,112629.07000000,810.01414000
2025-09-22 10:00:00,112629.06000000,112662.87000000,112173.52000000,112336.62000000,1219.89658000
2025-09-22 11:00:00,112336.62000000,112848.33000000,112262.22000000,112792.16000000,523.20588000
2025-09-22 12:00:00,112792.16000000,112976.02000000,112683.49000000,112876.97000000,499.11385000
2025-09-22 13:00:00,112876.97000000,112876.97000000,112520.00000000,112738.65000000,504.05132000
2025-09-22 14:00:00,112738.64000000,113148.29000000,112380.00000000,113130.63000000,813.72754000
2025-09-22 15:00:00,113130.63000000,113432.76000000,112754.15000000,112933.16000000,1386.14648000
2025-09-22 16:00:00,112933.16000000,113024.23000000,112576.42000000,112815.50000000,609.57711000
2025-09-22 17:00:00,112815.50000000,112888.00000000,112585.87000000,112600.68000000,359.00005000
2025-09-22 18:00:00,112600.69000000,112622.95000000,112250.89000000,112398.66000000,595.09480000
2025-09-22 19:00:00,112398.65000000,112816.55000000,112345.54000000,112429.13000000,470.04903000
2025-09-22 20:00:00,112429.12000000,112600.87000000,111936.40000000,112122.90000000,1307.37365000
2025-09-22 21:00:00,112122.90000000,112977.41000000,111975.28000000,112781.88000000,596.84005000
2025-09-22 22:00:00,112781.87000000,112970.00000000,112602.79000000,112969.99000000,293.31156000
2025-09-22 23:00:00,112969.99000000,112970.00000000,112594.33000000,112643.25000000,289.60715000
2025-09-23 00:00:00,112643.25000000,112739.14000000,112592.20000000,112650.99000000,135.31095000
2025-09-23 01:00:00,112650.99000000,112833.09000000,112385.23000000,112395.32000000,400.92095000
2025-09-23 02:00:00,112395.32000000,112502.29000000,112138.88000000,112156.66000000,439.66589000
2025-09-23 03:00:00,112156.66000000,112487.38000000,111674.00000000,111811.88000000,717.47413000
2025-09-23 04:00:00,111811.88000000,112446.97000000,111478.00000000,112339.99000000,840.03485000
2025-09-23 05:00:00,112339.99000000,112469.21000000,111876.15000000,112442.30000000,530.48180000
2025-09-23 06:00:00,112442.29000000,112894.49000000,112413.01000000,112665.44000000,645.16259000
2025-09-23 07:00:00,112665.44000000,113111.89000000,112616.93000000,112974.96000000,574.99132000
2025-09-23 08:00:00,112974.97000000,113114.01000000,112882.48000000,113090.13000000,754.18067000
2025-09-23 09:00:00,113090.13000000,113177.72000000,112936.98000000,113133.84000000,657.66339000
2025-09-23 10:00:00,113133.84000000,113281.50000000,112888.00000000,112934.47000000,430.99222000
2025-09-23 11:00:00,112934.48000000,113006.56000000,112828.62000000,112969.32000000,382.87944000
2025-09-23 12:00:00,112969.32000000,113081.35000000,112683.33000000,112975.99000000,343.04129000
2025-09-23 13:00:00,112975.99000000,113049.90000000,112811.40000000,112941.02000000,342.98937000
2025-09-23 14:00:00,112941.01000000,113024.31000000,112722.78000000,112952.31000000,426.02927000
2025-09-23 15:00:00,112952.32000000,113290.50000000,112571.81000000,112652.91000000,713.09459000
2025-09-23 16:00:00,112652.91000000,113072.89000000,112496.61000000,112882.19000000,466.71943000
2025-09-23 17:00:00,112882.20000000,112958.58000000,112486.37000000,112823.63000000,531.06975000
2025-09-23 18:00:00,112823.62000000,112823.62000000,111888.00000000,111957.76000000,587.62346000
2025-09-23 19:00:00,111957.76000000,112200.00000000,111686.90000000,111780.10000000,710.40527000
2025-09-23 20:00:00,111780.09000000,111979.27000000,111540.20000000,111655.29000000,565.08344000
2025-09-23 21:00:00,111655.29000000,111994.99000000,111458.73000000,111985.77000000,495.90964000
2025-09-23 22:00:00,111985.78000000,112202.24000000,111893.44000000,112161.54000000,270.56814000
2025-09-23 23:00:00,112161.53000000,112213.95000000,112002.16000000,112159.23000000,231.71626000
2025-09-24 00:00:00,112159.24000000,112220.54000000,111879.73000000,111998.80000000,242.62314000
2025-09-24 01:00:00,111998.80000000,112380.00000000,111816.86000000,112230.72000000,457.37128000
2025-09-24 02:00:00,112230.73000000,112500.00000000,112140.00000000,112451.26000000,263.95045000
2025-09-24 03:00:00,112451.25000000,112500.00000000,111896.43000000,112111.62000000,1045.64078000
2025-09-24 04:00:00,112111.62000000,112223.15000000,111683.09000000,111683.09000000,1081.07058000
2025-09-24 05:00:00,111683.10000000,112374.32000000,111042.66000000,112161.93000000,1377.98323000
2025-09-24 06:00:00,112161.94000000,112666.74000000,112133.83000000,112636.84000000,480.95742000
2025-09-24 07:00:00,112636.85000000,112779.37000000,112535.78000000,112596.69000000,508.56699000
2025-09-24 08:00:00,112596.70000000,112742.06000000,112459.44000000,112583.54000000,538.18220000
2025-09-24 09:00:00,112583.54000000,112636.85000000,112405.62000000,112622.80000000,369.32812000
2025-09-24 10:00:00,112622.81000000,112837.42000000,112501.38000000,112735.06000000,247.34844000
2025-09-24 11:00:00,112735.05000000,112960.00000000,112668.51000000,112941.98000000,402.84076000
2025-09-24 12:00:00,112941.99000000,113162.17000000,112877.30000000,113029.46000000,548.21142000
2025-09-24 13:00:00,113029.45000000,113097.99000000,112944.00000000,113070.69000000,272.77737000
2025-09-24 14:00:00,113070.69000000,113222.69000000,112808.00000000,112823.62000000,578.33959000
2025-09-24 15:00:00,112823.62000000,113890.00000000,112823.61000000,113720.64000000,966.18934000
2025-09-24 16:00:00,113720.64000000,113883.68000000,113257.01000000,113346.41000000,717.74437000
2025-09-24 17:00:00,113346.40000000,113753.00000000,113163.21000000,113732.01000000,447.67953000
2025-09-24 18:00:00,113732.01000000,113940.00000000,113616.00000000,113761.30000000,361.88913000
2025-09-24 19:00:00,113761.31000000,113830.66000000,113512.53000000,113639.80000000,202.61449000
2025-09-24 20:00:00,113639.80000000,113682.46000000,113292.25000000,113420.01000000,306.51270000
2025-09-24 21:00:00,113420.00000000,113609.25000000,113401.99000000,113501.52000000,233.37909000
2025-09-24 22:00:00,113501.52000000,113584.02000000,113283.99000000,113339.63000000,274.44453000
2025-09-24 23:00:00,113339.63000000,113647.58000000,113250.59000000,113336.33000000,268.57434000
2025-09-25 00:00:00,113336.34000000,113429.12000000,113204.71000000,113307.00000000,417.66352000
2025-09-25 01:00:00,113307.01000000,113510.23000000,112960.00000000,113062.35000000,567.08586000
2025-09-25 02:00:00,113062.35000000,113369.98000000,112446.15000000,112661.24000000,1139.29698000
2025-09-25 03:00:00,112661.24000000,113179.94000000,112510.06000000,112907.38000000,569.88139000
2025-09-25 04:00:00,112907.38000000,112907.39000000,112214.74000000,112546.21000000,773.34995000
2025-09-25 05:00:00,112546.22000000,112614.43000000,111584.23000000,111735.66000000,1337.55309000
2025-09-25 06:00:00,111735.67000000,112040.00000000,111597.86000000,111749.91000000,705.54263000
2025-09-25 07:00:00,111749.91000000,111843.30000000,111515.87000000,111533.26000000,371.96659000
2025-09-25 08:00:00,111533.26000000,111883.23000000,111450.42000000,111766.72000000,515.14719000
2025-09-25 09:00:00,111766.73000000,112031.18000000,111689.38000000,111727.21000000,537.91010000
2025-09-25 10:00:00,111727.20000000,112246.46000000,111571.57000000,111571.58000000,771.79377000
2025-09-25 11:00:00,111571.58000000,111854.12000000,111525.81000000,111648.19000000,434.41742000
2025-09-25 12:00:00,111648.19000000,111728.48000000,111283.63000000,111348.00000000,543.64106000
2025-09-25 13:00:00,111347.99000000,111656.81000000,111020.00000000,111111.00000000,1058.26970000
2025-09-25 14:00:00,111111.01000000,111719.05000000,110629.99000000,111000.00000000,2220.16862000
2025-09-25 15:00:00,111000.00000000,111729.52000000,110983.03000000,111540.00000000,856.73547000
2025-09-25 16:00:00,111540.01000000,111587.75000000,110868.90000000,111580.77000000,599.58449000
2025-09-25 17:00:00,111580.77000000,111672.58000000,110904.91000000,110957.29000000,585.10481000
2025-09-25 18:00:00,110957.28000000,110968.40000000,108654.00000000,108833.63000000,2899.70308000
2025-09-25 19:00:00,108833.63000000,109801.78000000,108631.51000000,109760.20000000,1427.42291000
2025-09-25 20:00:00,109760.20000000,109973.40000000,109302.54000000,109360.00000000,1217.19366000
2025-09-25 21:00:00,109360.00000000,109482.62000000,109057.06000000,109163.44000000,424.71820000
2025-09-25 22:00:00,109163.45000000,109666.30000000,109074.11000000,109420.00000000,347.85454000
2025-09-25 23:00:00,109420.00000000,109587.99000000,109261.02000000,109419.97000000,280.53982000
2025-09-26 00:00:00,109419.97000000,109685.72000000,108765.00000000,108994.49000000,1046.26824000
2025-09-26 01:00:00,108994.49000000,109614.67000000,108809.24000000,109472.13000000,868.75424000
2025-09-26 02:00:00,109472.12000000,109762.59000000,109313.17000000,109680.40000000,452.15578000
2025-09-26 03:00:00,109680.39000000,109798.84000000,109487.26000000,109621.70000000,497.29551000
2025-09-26 04:00:00,109621.70000000,109635.80000000,109293.25000000,109580.01000000,504.99021000
2025-09-26 05:00:00,109580.00000000,109625.94000000,109250.87000000,109338.01000000,315.34456000
2025-09-26 06:00:00,109338.02000000,109579.99000000,109085.78000000,109252.79000000,371.75832000
2025-09-26 07:00:00,109252.79000000,109624.16000000,109016.00000000,109360.00000000,592.34105000
2025-09-26 08:00:00,109360.00000000,109593.49000000,108913.00000000,109320.02000000,1776.45411000
2025-09-26 09:00:00,109320.02000000,109607.50000000,109304.72000000,109567.20000000,575.78415000
2025-09-26 10:00:00,109567.20000000,109690.98000000,109393.37000000,109568.72000000,441.33309000
2025-09-26 11:00:00,109568.72000000,109568.72000000,108697.42000000,108895.00000000,735.10273000
2025-09-26 12:00:00,108894.99000000,109200.00000000,108620.07000000,109133.50000000,923.24217000
2025-09-26 13:00:00,109133.50000000,109579.00000000,108824.82000000,109372.68000000,863.36244000
2025-09-26 14:00:00,109372.68000000,109779.73000000,109000.00000000,109669.73000000,991.99403000
2025-09-26 15:00:00,109669.72000000,109779.73000000,108764.76000000,108836.00000000,900.45250000
2025-09-26 16:00:00,108836.00000000,109358.50000000,108802.04000000,109027.78000000,486.11543000
2025-09-26 17:00:00,109027.79000000,109618.00000000,109027.78000000,109460.01000000,291.37899000
2025-09-26 18:00:00,109460.00000000,110000.00000000,109392.35000000,109899.99000000,627.01224000
2025-09-26 19:00:00,109900.00000000,110300.00000000,109700.00000000,109727.99000000,571.22129000
2025-09-26 20:00:00,109727.99000000,109727.99000000,109030.41000000,109172.20000000,603.81607000
2025-09-26 21:00:00,109172.21000000,109347.59000000,109087.57000000,109288.44000000,245.23004000
2025-09-26 22:00:00,109288.45000000,109530.00000000,109189.17000000,109469.07000000,210.90009000
2025-09-26 23:00:00,109469.07000000,109607.38000000,109348.00000000,109558.25000000,183.31873000
2025-09-27 00:00:00,109558.24000000,109687.69000000,109432.07000000,109643.46000000,213.65814000
2025-09-27 01:00:00,109643.46000000,109660.88000000,109472.23000000,109649.29000000,268.55384000
2025-09-27 02:00:00,109649.29000000,109657.45000000,109330.08000000,109431.92000000,230.21003000
2025-09-27 03:00:00,109431.92000000,109482.64000000,109324.42000000,109408.18000000,280.63961000
2025-09-27 04:00:00,109408.18000000,109743.91000000,109384.63000000,109553.77000000,262.25571000
2025-09-27 05:00:00,109553.77000000,109742.27000000,109514.63000000,109654.99000000,248.07725000
2025-09-27 06:00:00,109654.99000000,109684.29000000,109593.65000000,109635.72000000,128.97939000
2025-09-27 07:00:00,109635.73000000,109635.73000000,109481.44000000,109541.36000000,241.06138000
2025-09-27 08:00:00,109541.36000000,109570.36000000,109332.02000000,109411.20000000,290.72314000
2025-09-27 09:00:00,109411.19000000,109411.20000000,109252.00000000,109252.01000000,379.23249000
2025-09-27 10:00:00,109252.01000000,109347.59000000,109064.40000000,109292.73000000,409.97831000
2025-09-27 11:00:00,109292.74000000,109477.69000000,109256.07000000,109431.70000000,322.59239000
2025-09-27 12:00:00,109431.71000000,109440.65000000,109280.00000000,109310.21000000,244.48710000
2025-09-27 13:00:00,109310.22000000,109477.59000000,109227.14000000,109400.05000000,336.07633000
2025-09-27 14:00:00,109400.06000000,109412.14000000,109299.64000000,109306.61000000,336.77227000
2025-09-27 15:00:00,109306.61000000,109387.51000000,109255.90000000,109287.89000000,273.62629000
2025-09-27 16:00:00,109287.89000000,109427.40000000,109193.00000000,109402.24000000,204.90854000
2025-09-27 17:00:00,109402.25000000,109427.76000000,109308.00000000,109389.04000000,176.55452000
2025-09-27 18:00:00,109389.05000000,109410.00000000,109243.89000000,109382.47000000,183.15972000
2025-09-27 19:00:00,109382.48000000,109434.99000000,109345.11000000,109434.96000000,154.76580000
2025-09-27 20:00:00,109434.96000000,109440.00000000,109383.48000000,109424.20000000,76.33855000
2025-09-27 21:00:00,109424.21000000,109435.00000000,109362.72000000,109390.00000000,60.18528000
2025-09-27 22:00:00,109390.00000000,109483.55000000,109389.47000000,109474.99000000,119.69499000
2025-09-27 23:00:00,109474.98000000,109699.98000000,109474.98000000,109605.62000000,175.35372000
2025-09-28 00:00:00,109605.63000000,109683.16000000,109461.53000000,109635.85000000,97.55978000
2025-09-28 01:00:00,109635.85000000,109787.75000000,109548.00000000,109607.81000000,283.02575000
2025-09-28 02:00:00,109607.81000000,109654.85000000,109325.05000000,109353.67000000,221.51490000
2025-09-28 03:00:00,109353.68000000,109535.00000000,109353.67000000,109447.55000000,194.54739000
2025-09-28 04:00:00,109447.54000000,109535.00000000,109409.17000000,109436.00000000,123.06023000
2025-09-28 05:00:00,109436.00000000,109486.10000000,109365.88000000,109365.90000000,99.29239000
2025-09-28 06:00:00,109365.90000000,109398.00000000,109356.42000000,109356.43000000,124.07352000
2025-09-28 07:00:00,109356.44000000,109455.97000000,109260.00000000,109410.00000000,167.02015000
2025-09-28 08:00:00,109410.00000000,109537.80000000,109350.00000000,109513.06000000,178.66470000
2025-09-28 09:00:00,109513.06000000,109585.39000000,109423.21000000,109509.91000000,216.27847000
2025-09-28 10:00:00,109509.91000000,109559.89000000,109323.88000000,109519.42000000,209.63846000
2025-09-28 11:00:00,109519.43000000,109519.43000000,109368.43000000,109368.44000000,143.70537000
2025-09-28 12:00:00,109368.43000000,109447.28000000,109250.00000000,109369.02000000,293.31231000
2025-09-28 13:00:00,109369.02000000,109451.04000000,109189.99000000,109314.99000000,308.15163000
2025-09-28 14:00:00,109314.99000000,109668.98000000,109314.98000000,109639.00000000,332.00919000
2025-09-28 15:00:00,109639.00000000,109888.00000000,109502.56000000,109850.01000000,370.11862000
2025-09-28 16:00:00,109850.00000000,110037.93000000,109712.23000000,110037.93000000,338.92347000
2025-09-28 17:00:00,110037.92000000,110393.63000000,110008.54000000,110222.02000000,516.23853000
2025-09-28 18:00:00,110222.01000000,110377.05000000,110130.26000000,110203.52000000,374.79675000
2025-09-28 19:00:00,110203.53000000,110293.56000000,110060.88000000,110293.56000000,140.49771000
2025-09-28 20:00:00,110293.56000000,110388.46000000,110119.71000000,110337.60000000,184.24395000
2025-09-28 21:00:00,110337.61000000,110945.00000000,110294.78000000,110803.80000000,510.06540000
2025-09-28 22:00:00,110803.80000000,110896.33000000,110640.81000000,110833.99000000,275.55071000
2025-09-28 23:00:00,110833.99000000,112014.00000000,110833.99000000,111938.51000000,1130.21918000
2025-09-29 00:00:00,111938.51000000,112350.00000000,111938.51000000,112163.95000000,807.38282000
2025-09-29 01:00:00,112163.96000000,112309.98000000,111985.00000000,112260.57000000,716.58660000
2025-09-29 02:00:00,112260.57000000,112310.00000000,111721.79000000,111855.30000000,649.21896000
2025-09-29 03:00:00,111855.30000000,112022.27000000,111632.72000000,111750.02000000,621.54504000
2025-09-29 04:00:00,111750.02000000,111857.51000000,111588.07000000,111857.51000000,310.12302000
2025-09-29 05:00:00,111857.51000000,111904.34000000,111750.00000000,111812.00000000,278.79762000
2025-09-29 06:00:00,111812.01000000,111812.01000000,111575.38000000,111753.34000000,348.73721000
2025-09-29 07:00:00,111753.34000000,111850.00000000,111624.00000000,111632.83000000,334.53443000
2025-09-29 08:00:00,111632.83000000,111865.96000000,111560.65000000,111865.95000000,869.29090000
2025-09-29 09:00:00,111865.96000000,112421.99000000,111865.95000000,112099.75000000,787.97678000
2025-09-29 10:00:00,112099.74000000,112219.00000000,111988.13000000,112110.90000000,460.23123000
2025-09-29 11:00:00,112110.90000000,112225.00000000,112012.73000000,112090.18000000,476.12298000
2025-09-29 12:00:00,112090.19000000,112112.86000000,111923.13000000,112100.00000000,401.91096000
2025-09-29 13:00:00,112100.00000000,112515.00000000,111940.00000000,112022.16000000,744.63691000
2025-09-29 14:00:00,112022.00000000,113490.00000000,111901.26000000,113227.29000000,1670.66371000
2025-09-29 15:00:00,113227.29000000,114231.56000000,113220.21000000,114033.53000000,1791.07159000
2025-09-29 16:00:00,114033.54000000,114127.13000000,113686.06000000,113815.57000000,858.42631000
2025-09-29 17:00:00,113815.57000000,114053.00000000,113600.00000000,113626.15000000,728.01207000
2025-09-29 18:00:00,113626.15000000,114151.00000000,113449.74000000,114043.91000000,843.56729000
2025-09-29 19:00:00,114043.92000000,114137.73000000,113867.02000000,114008.79000000,396.89151000
2025-09-29 20:00:00,114008.78000000,114390.93000000,113848.63000000,114265.55000000,747.93438000
2025-09-29 21:00:00,114265.56000000,114400.00000000,114122.12000000,114258.29000000,497.44944000
2025-09-29 22:00:00,114258.29000000,114329.80000000,114095.36000000,114176.73000000,218.26557000
2025-09-29 23:00:00,114176.72000000,114216.41000000,114020.00000000,114189.81000000,443.81221000
2025-09-30 00:00:00,114189.80000000,114395.92000000,114189.80000000,114311.96000000,345.31333000
2025-09-30 01:00:00,114311.97000000,114758.00000000,114040.35000000,114525.97000000,953.85322000
2025-09-30 02:00:00,114525.97000000,114792.00000000,114255.38000000,114500.31000000,766.25660000
2025-09-30 03:00:00,114500.32000000,114583.19000000,114360.00000000,114455.96000000,385.99253000
2025-09-30 04:00:00,114455.96000000,114514.50000000,114303.06000000,114376.39000000,388.27883000
2025-09-30 05:00:00,114376.39000000,114376.40000000,114091.62000000,114091.63000000,355.43204000
2025-09-30 06:00:00,114091.63000000,114205.17000000,113827.24000000,113904.00000000,698.31455000
2025-09-30 07:00:00,113904.00000000,114084.22000000,113838.41000000,113891.64000000,527.62041000
2025-09-30 08:00:00,113891.64000000,113994.61000000,113585.00000000,113699.23000000,745.45417000
2025-09-30 09:00:00,113699.24000000,113741.37000000,113350.35000000,113451.89000000,653.46315000
2025-09-30 10:00:00,113451.89000000,113451.89000000,112731.41000000,112781.97000000,995.05591000
2025-09-30 11:00:00,112781.97000000,113085.23000000,112656.27000000,112923.49000000,721.99583000
2025-09-30 12:00:00,112923.50000000,113135.44000000,112810.62000000,113055.01000000,498.77683000
2025-09-30 13:00:00,113055.00000000,113255.99000000,112990.75000000,113002.06000000,347.59460000
2025-09-30 14:00:00,113002.06000000,113677.23000000,112866.11000000,113404.53000000,823.64679000
2025-09-30 15:00:00,113404.53000000,113630.13000000,112900.00000000,113595.05000000,910.17644000
2025-09-30 16:00:00,113595.04000000,113598.27000000,112919.95000000,113106.16000000,758.86878000
2025-09-30 17:00:00,113106.15000000,113279.92000000,112800.00000000,112841.24000000,386.78887000
2025-09-30 18:00:00,112841.23000000,113503.99000000,112813.82000000,113246.11000000,745.57241000
2025-09-30 19:00:00,113246.12000000,113714.56000000,113177.37000000,113714.56000000,431.85830000
2025-09-30 20:00:00,113714.55000000,114563.46000000,113702.01000000,114359.99000000,971.66803000
2025-09-30 21:00:00,114359.99000000,114723.57000000,114110.09000000,114626.36000000,710.64838000
2025-09-30 22:00:00,114626.36000000,114754.87000000,114136.50000000,114161.00000000,649.46746000
2025-09-30 23:00:00,114161.00000000,114356.98000000,113883.01000000,113940.39000000,348.93460000
2025-10-01 00:00:00,113940.40000000,114048.94000000,113765.42000000,114048.93000000,268.43760000
2025-10-01 01:00:00,114048.94000000,114308.00000000,113966.67000000,114239.53000000,434.59016000
2025-10-01 02:00:00,114239.53000000,114550.00000000,114142.99000000,114549.99000000,597.25360000
2025-10-01 03:00:00,114549.99000000,114551.76000000,114272.15000000,114272.15000000,508.42422000
2025-10-01 04:00:00,114272.16000000,114530.48000000,114096.58000000,114176.92000000,502.30318000
2025-10-01 05:00:00,114176.93000000,114700.00000000,114151.00000000,114289.01000000,597.89328000
2025-10-01 06:00:00,114289.02000000,114740.00000000,114265.63000000,114569.84000000,559.75519000
2025-10-01 07:00:00,114569.84000000,114624.30000000,114224.88000000,114256.81000000,392.52281000
2025-10-01 08:00:00,114256.82000000,114584.35000000,114236.59000000,114539.02000000,446.26236000
2025-10-01 09:00:00,114539.02000000,116591.80000000,114484.43000000,116111.28000000,2944.06599000
2025-10-01 10:00:00,116111.27000000,116529.93000000,115950.00000000,116412.10000000,1081.73774000
2025-10-01 11:00:00,116412.10000000,116551.00000000,116203.50000000,116281.64000000,549.64831000
2025-10-01 12:00:00,116281.64000000,116795.85000000,116269.00000000,116789.58000000,642.47832000
2025-10-01 13:00:00,116789.57000000,116887.00000000,116363.38000000,116402.65000000,645.19981000
2025-10-01 14:00:00,116402.65000000,116843.73000000,116399.50000000,116806.96000000,1233.59755000
2025-10-01 15:00:00,116806.96000000,117441.26000000,116704.74000000,117292.74000000,1631.53193000
2025-10-01 16:00:00,117292.73000000,117649.99000000,117091.84000000,117423.73000000,1008.01671000
2025-10-01 17:00:00,117423.73000000,118199.00000000,117319.04000000,117535.79000000,1840.40868000
2025-10-01 18:00:00,117535.79000000,117681.27000000,116724.56000000,116768.07000000,962.36022000
2025-10-01 19:00:00,116768.08000000,117339.09000000,116768.07000000,117234.01000000,528.26692000
2025-10-01 20:00:00,117234.01000000,117623.59000000,117214.80000000,117439.53000000,483.28734000
2025-10-01 21:00:00,117439.53000000,117542.24000000,117163.25000000,117536.12000000,412.83403000
2025-10-01 22:00:00,117536.13000000,117579.43000000,117339.54000000,117554.96000000,278.91184000
2025-10-01 23:00:00,117554.95000000,118080.00000000,117554.95000000,117745.39000000,593.82096000
2025-10-02 00:00:00,117745.39000000,118649.10000000,117686.28000000,118594.99000000,1161.22401000
2025-10-02 01:00:00,118594.99000000,119456.92000000,118397.32000000,118428.46000000,2212.72285000
2025-10-02 02:00:00,118428.46000000,118894.12000000,118368.05000000,118617.37000000,734.61790000
2025-10-02 03:00:00,118617.37000000,118784.87000000,118483.39000000,118753.73000000,644.14993000
2025-10-02 04:00:00,118753.73000000,119058.82000000,118688.61000000,118733.99000000,595.85707000
2025-10-02 05:00:00,118733.99000000,118930.29000000,118432.64000000,118662.04000000,410.46135000
2025-10-02 06:00:00,118662.04000000,118677.32000000,118279.31000000,118377.34000000,484.81157000
2025-10-02 07:00:00,118377.34000000,118672.34000000,118295.87000000,118649.06000000,380.89847000
2025-10-02 08:00:00,118649.07000000,118678.98000000,118424.00000000,118489.76000000,496.19299000
2025-10-02 09:00:00,118489.76000000,118680.00000000,118354.61000000,118668.89000000,309.01675000
2025-10-02 10:00:00,118668.89000000,118850.00000000,118567.00000000,118849.99000000,343.02582000
2025-10-02 11:00:00,118849.99000000,118926.49000000,118567.85000000,118619.56000000,393.64914000
2025-10-02 12:00:00,118619.55000000,118900.01000000,118537.10000000,118765.73000000,414.31674000
2025-10-02 13:00:00,118765.72000000,119402.43000000,118742.91000000,119402.42000000,924.16679000
2025-10-02 14:00:00,119402.43000000,119761.36000000,118933.25000000,119621.20000000,1531.32643000
2025-10-02 15:00:00,119621.19000000,119788.00000000,118642.20000000,118814.09000000,1237.92150000
2025-10-02 16:00:00,118814.09000000,119910.79000000,118516.39000000,119910.78000000,1405.75154000
2025-10-02 17:00:00,119910.78000000,120300.00000000,119607.82000000,119731.40000000,1570.77716000
2025-10-02 18:00:00,119731.40000000,119956.84000000,119359.63000000,119917.52000000,625.48952000
2025-10-02 19:00:00,119917.52000000,120663.96000000,119907.01000000,120506.61000000,1340.08580000
2025-10-02 20:00:00,120506.60000000,121022.07000000,120439.97000000,120836.49000000,1332.75893000
2025-10-02 21:00:00,120836.49000000,120914.00000000,120306.02000000,120652.01000000,833.01817000
2025-10-02 22:00:00,120652.01000000,120774.97000000,120141.72000000,120150.10000000,546.60875000
2025-10-02 23:00:00,120150.10000000,120412.24000000,120072.46000000,120257.49000000,379.08266000
2025-10-03 00:00:00,120257.49000000,120680.35000000,120251.81000000,120529.35000000,524.12720000
2025-10-03 01:00:00,120529.35000000,120550.90000000,120079.00000000,120132.80000000,776.43359000
2025-10-03 02:00:00,120132.80000000,120293.68000000,119820.00000000,119875.72000000,537.61051000
2025-10-03 03:00:00,119875.72000000,120269.11000000,119866.18000000,120157.82000000,451.19476000
2025-10-03 04:00:00,120157.82000000,120472.12000000,120157.82000000,120225.89000000,503.41637000
2025-10-03 05:00:00,120225.88000000,120324.53000000,120000.40000000,120039.98000000,289.32576000
2025-10-03 06:00:00,120039.98000000,120065.41000000,119746.81000000,119920.40000000,454.73200000
2025-10-03 07:00:00,119920.41000000,120075.62000000,119765.99000000,119916.93000000,356.16347000
2025-10-03 08:00:00,119916.94000000,120011.05000000,119610.59000000,119640.21000000,1193.69400000
2025-10-03 09:00:00,119640.22000000,120072.59000000,119248.30000000,120038.60000000,1368.04834000
2025-10-03 10:00:00,120038.60000000,120365.35000000,120008.60000000,120300.00000000,1073.47178000
2025-10-03 11:00:00,120300.01000000,120515.89000000,120271.18000000,120425.95000000,575.58075000
2025-10-03 12:00:00,120425.95000000,120471.00000000,120130.76000000,120334.50000000,450.30439000
2025-10-03 13:00:00,120334.51000000,120400.00000000,120102.18000000,120358.07000000,423.63897000
2025-10-03 14:00:00,120358.07000000,120691.44000000,120113.00000000,120374.73000000,795.86923000
2025-10-03 15:00:00,120374.72000000,120975.00000000,119881.24000000,120917.85000000,1151.84039000
2025-10-03 16:00:00,120917.10000000,122366.00000000,120641.27000000,122258.05000000,2558.07247000
2025-10-03 17:00:00,122258.04000000,123894.99000000,122258.04000000,122553.30000000,4679.27540000
2025-10-03 18:00:00,122553.30000000,123113.97000000,121603.42000000,122073.25000000,2932.08887000
2025-10-03 19:00:00,122073.26000000,122732.12000000,121466.25000000,122538.46000000,1175.09154000
2025-10-03 20:00:00,122538.46000000,122961.63000000,122355.08000000,122660.99000000,661.21371000
2025-10-03 21:00:00,122661.00000000,122734.92000000,122037.43000000,122447.94000000,617.65815000
2025-10-03 22:00:00,122447.94000000,122452.10000000,121999.33000000,122306.57000000,392.75542000
2025-10-03 23:00:00,122306.57000000,122665.00000000,122306.56000000,122477.00000000,227.99530000
2025-10-04 00:00:00,122477.00000000,122477.00000000,122180.79000000,122232.00000000,290.85283000
2025-10-04 01:00:00,122232.21000000,122295.56000000,121982.23000000,122100.00000000,444.36212000
2025-10-04 02:00:00,122100.00000000,122103.24000000,121698.80000000,121865.21000000,486.29697000
2025-10-04 03:00:00,121865.22000000,122030.00000000,121684.97000000,121854.53000000,443.51459000
2025-10-04 04:00:00,121854.53000000,122325.60000000,121829.54000000,122243.99000000,356.40352000
2025-10-04 05:00:00,122243.99000000,122522.00000000,122219.30000000,122495.00000000,315.41672000
2025-10-04 06:00:00,122495.01000000,122800.00000000,122405.64000000,122522.70000000,588.87932000
2025-10-04 07:00:00,122522.70000000,122606.86000000,122373.90000000,122430.27000000,358.53969000
2025-10-04 08:00:00,122430.27000000,122455.00000000,122259.98000000,122324.08000000,253.33958000
2025-10-04 09:00:00,122324.08000000,122539.83000000,122197.63000000,122267.57000000,499.04210000
2025-10-04 10:00:00,122267.58000000,122457.17000000,122186.03000000,122208.78000000,244.01487000
2025-10-04 11:00:00,122208.79000000,122331.01000000,122099.69000000,122129.53000000,208.78248000
2025-10-04 12:00:00,122129.53000000,122215.97000000,121962.81000000,121973.26000000,316.89688000
2025-10-04 13:00:00,121973.26000000,122103.00000000,121945.00000000,122005.62000000,214.19564000
2025-10-04 14:00:00,122005.62000000,122509.52000000,122005.62000000,122385.42000000,319.16828000
2025-10-04 15:00:00,122385.42000000,122459.98000000,122000.00000000,122000.01000000,229.86148000
2025-10-04 16:00:00,122000.01000000,122144.28000000,121698.88000000,121791.31000000,700.83126000
2025-10-04 17:00:00,121791.31000000,121964.95000000,121595.67000000,121719.99000000,652.05349000
2025-10-04 18:00:00,121720.00000000,121910.24000000,121660.57000000,121747.37000000,289.33463000
2025-10-04 19:00:00,121747.36000000,121829.69000000,121510.00000000,121574.66000000,288.12119000
2025-10-04 20:00:00,121574.66000000,121959.25000000,121574.65000000,121959.25000000,213.72533000
2025-10-04 21:00:00,121959.25000000,122079.65000000,121891.49000000,121892.89000000,211.24587000
2025-10-04 22:00:00,121892.89000000,122347.55000000,121871.01000000,122190.67000000,282.54040000
2025-10-04 23:00:00,122190.67000000,122365.14000000,122139.98000000,122287.19000000,158.14137000
2025-10-05 00:00:00,122287.19000000,122410.00000000,122214.00000000,122391.00000000,133.45900000
2025-10-05 01:00:00,122390.99000000,122410.00000000,122157.70000000,122157.70000000,191.66559000
2025-10-05 02:00:00,122157.71000000,122410.00000000,122136.00000000,122377.72000000,308.73428000
2025-10-05 03:00:00,122377.71000000,124362.28000000,122342.00000000,124031.44000000,2633.63494000
2025-10-05 04:00:00,124031.44000000,124173.00000000,123344.98000000,123776.22000000,1077.99134000
2025-10-05 05:00:00,123776.23000000,125708.42000000,123734.00000000,125172.81000000,3667.07177300
2025-10-05 06:00:00,125172.81000000,125437.91000000,124876.72000000,125127.99000000,1956.24996000
2025-10-05 07:00:00,125127.99000000,125225.54000000,124805.34000000,125000.01000000,821.20016000
2025-10-05 08:00:00,125000.01000000,125164.26000000,124622.60000000,124713.63000000,898.02731000
2025-10-05 09:00:00,124713.63000000,124838.37000000,124558.00000000,124595.99000000,532.28794000
2025-10-05 10:00:00,124596.00000000,124665.37000000,122789.35000000,123020.50000000,2214.92936000
2025-10-05 11:00:00,123020.51000000,123130.00000000,122520.24000000,123028.01000000,993.89021000
2025-10-05 12:00:00,123028.01000000,123538.46000000,122850.00000000,123464.64000000,714.20213000
2025-10-05 13:00:00,123464.64000000,123464.65000000,122927.17000000,123085.88000000,573.79261000
2025-10-05 14:00:00,123085.89000000,123358.83000000,123070.46000000,123161.39000000,684.83212000
2025-10-05 15:00:00,123161.40000000,123339.42000000,122770.32000000,123034.67000000,553.48643000
2025-10-05 16:00:00,123034.67000000,123034.67000000,122675.00000000,122803.17000000,420.97888000
2025-10-05 17:00:00,122803.17000000,123348.45000000,122301.63000000,123265.54000000,1014.58046000
2025-10-05 18:00:00,123265.55000000,123464.00000000,122890.38000000,123057.05000000,390.32827000
2025-10-05 19:00:00,123057.05000000,123220.30000000,122856.05000000,122999.44000000,586.52026000
2025-10-05 20:00:00,122999.44000000,123026.00000000,122500.00000000,122591.79000000,394.73151000
2025-10-05 21:00:00,122591.80000000,123055.05000000,122473.62000000,122705.32000000,347.70826000
2025-10-05 22:00:00,122705.31000000,122801.44000000,122489.85000000,122729.99000000,239.86372000
2025-10-05 23:00:00,122730.00000000,123278.76000000,122730.00000000,123237.40000000,329.01936000
2025-10-06 00:00:00,123237.40000000,123548.83000000,123219.62000000,123482.31000000,497.37068000
2025-10-06 01:00:00,123482.32000000,124358.46000000,123084.00000000,123347.29000000,1305.09536000
2025-10-06 02:00:00,123347.29000000,124239.70000000,123192.01000000,124035.32000000,720.59287000
2025-10-06 03:00:00,124035.33000000,124244.93000000,123476.04000000,124110.61000000,696.06889000
2025-10-06 04:00:00,124110.61000000,124126.31000000,123742.64000000,123839.09000000,303.52731000
2025-10-06 05:00:00,123839.09000000,123988.00000000,123554.27000000,123580.26000000,374.67011000
2025-10-06 06:00:00,123580.27000000,123750.00000000,123294.93000000,123586.00000000,558.79238000
2025-10-06 07:00:00,123586.01000000,124165.56000000,123586.00000000,123947.90000000,527.83575000
2025-10-06 08:00:00,123947.91000000,124035.89000000,123280.49000000,123390.47000000,749.33011000
2025-10-06 09:00:00,123390.47000000,123880.00000000,123390.46000000,123846.55000000,556.77898000
2025-10-06 10:00:00,123846.56000000,124056.73000000,123779.31000000,123955.30000000,791.39727000
2025-10-06 11:00:00,123955.29000000,124142.85000000,123899.42000000,123978.00000000,459.97878000
2025-10-06 12:00:00,123978.00000000,124531.66000000,123735.73000000,124215.00000000,960.05678000
2025-10-06 13:00:00,124215.00000000,124691.81000000,124178.00000000,124556.64000000,977.10945000
2025-10-06 14:00:00,124556.65000000,125079.85000000,124385.74000000,125031.33000000,1406.49106000
2025-10-06 15:00:00,125031.34000000,125330.00000000,124339.38000000,124530.00000000,1331.91784000
2025-10-06 16:00:00,124529.99000000,125408.29000000,124513.35000000,125000.00000000,852.17645000
2025-10-06 17:00:00,125000.00000000,125499.63000000,124800.00000000,125455.24000000,911.48586000
2025-10-06 18:00:00,125455.25000000,125819.20000000,125126.67000000,125284.00000000,1451.39316000
2025-10-06 19:00:00,125284.01000000,126199.63000000,125044.46000000,126011.18000000,1439.87325300
2025-10-06 20:00:00,126011.18000000,126134.71000000,125252.74000000,125410.81000000,919.42008000
2025-10-06 21:00:00,125410.80000000,125534.00000000,125032.01000000,125211.02000000,512.32035000
2025-10-06 22:00:00,125211.03000000,125268.50000000,124511.15000000,125097.85000000,907.58302000
2025-10-06 23:00:00,125097.86000000,125298.43000000,124784.41000000,125039.13000000,416.67058000
2025-10-07 00:00:00,125039.13000000,125100.00000000,124628.00000000,124658.54000000,364.06310000
2025-10-07 01:00:00,124658.54000000,124925.14000000,124600.00000000,124900.93000000,399.28672000
2025-10-07 02:00:00,124900.93000000,125082.27000000,124442.87000000,124699.99000000,470.23469000
2025-10-07 03:00:00,124699.99000000,124700.00000000,124159.22000000,124259.90000000,524.92821000
2025-10-07 04:00:00,124259.91000000,124568.44000000,124101.26000000,124329.74000000,379.16017000
2025-10-07 05:00:00,124329.74000000,124654.47000000,124109.10000000,124500.00000000,438.34342000
2025-10-07 06:00:00,124499.99000000,124640.76000000,124240.37000000,124414.17000000,424.20697000
2025-10-07 07:00:00,124414.17000000,124460.00000000,123800.00000000,123890.84000000,862.57843000
2025-10-07 08:00:00,123890.84000000,124038.00000000,123567.60000000,123667.99000000,730.09708000
2025-10-07 09:00:00,123668.00000000,123999.98000000,123322.90000000,123861.75000000,1172.93284000
2025-10-07 10:00:00,123861.75000000,124246.64000000,123861.74000000,124117.48000000,423.70195000
2025-10-07 11:00:00,124117.48000000,124413.75000000,124020.00000000,124282.19000000,385.65308000
2025-10-07 12:00:00,124282.18000000,124509.60000000,124179.99000000,124453.38000000,462.44628000
2025-10-07 13:00:00,124453.37000000,125126.00000000,124340.00000000,124917.99000000,747.53263000
2025-10-07 14:00:00,124918.00000000,125046.16000000,123288.00000000,123891.68000000,1734.89100000
2025-10-07 15:00:00,123891.68000000,124000.00000000,122568.00000000,122725.36000000,2078.91770000
2025-10-07 16:00:00,122725.36000000,122865.36000000,121172.89000000,121846.01000000,2798.67322000
2025-10-07 17:00:00,121846.01000000,122084.14000000,120800.02000000,121684.17000000,2051.61019000
2025-10-07 18:00:00,121684.17000000,121822.58000000,121100.00000000,121130.02000000,1241.13249000
2025-10-07 19:00:00,121130.02000000,121306.13000000,120574.94000000,120895.37000000,1099.60495000
2025-10-07 20:00:00,120895.37000000,122027.30000000,120860.46000000,121637.17000000,1334.54837000
2025-10-07 21:00:00,121637.18000000,122196.48000000,121637.18000000,121943.61000000,493.62814000
2025-10-07 22:00:00,121943.61000000,122292.62000000,121765.90000000,122016.00000000,397.91117000
2025-10-07 23:00:00,122016.00000000,122173.50000000,121797.60000000,122011.17000000,404.31119000
2025-10-08 00:00:00,122011.17000000,122022.88000000,121258.08000000,121332.95000000,577.66296000
2025-10-08 01:00:00,121332.96000000,122089.68000000,121276.00000000,121914.09000000,651.73891000
2025-10-08 02:00:00,121914.09000000,122056.00000000,121605.75000000,121950.01000000,519.56378000
2025-10-08 03:00:00,121950.00000000,122229.66000000,121825.74000000,122048.28000000,534.11266000
2025-10-08 04:00:00,122048.28000000,122048.28000000,121200.00000000,121374.75000000,701.35291000
2025-10-08 05:00:00,121374.76000000,121910.24000000,121066.14000000,121900.00000000,712.46180000
2025-10-08 06:00:00,121900.01000000,121900.01000000,121173.86000000,121374.01000000,708.85271000
2025-10-08 07:00:00,121374.02000000,121841.54000000,121068.96000000,121784.29000000,552.19718000
2025-10-08 08:00:00,121784.30000000,121872.37000000,121311.91000000,121597.06000000,697.34775000
2025-10-08 09:00:00,121597.05000000,122850.00000000,121524.01000000,122381.85000000,1462.35304000
2025-10-08 10:00:00,122381.84000000,122644.00000000,122381.84000000,122516.98000000,474.15682000
2025-10-08 11:00:00,122516.99000000,123100.00000000,122498.05000000,122934.60000000,654.29848000
2025-10-08 12:00:00,122934.61000000,123200.00000000,122743.36000000,122884.14000000,817.93210000
2025-10-08 13:00:00,122884.14000000,123090.75000000,122542.27000000,122631.52000000,464.26090000
2025-10-08 14:00:00,122631.52000000,122774.96000000,121649.68000000,122599.04000000,886.89853000
2025-10-08 15:00:00,122599.04000000,123350.00000000,122112.16000000,122320.00000000,1462.74459000
2025-10-08 16:00:00,122319.99000000,122622.55000000,121954.34000000,122189.72000000,559.46428000
2025-10-08 17:00:00,122189.72000000,123129.23000000,122110.08000000,123051.03000000,641.94768000
2025-10-08 18:00:00,123051.02000000,124164.36000000,122958.05000000,124033.19000000,1336.46427000
2025-10-08 19:00:00,124033.19000000,124197.25000000,123415.58000000,123460.22000000,1152.35838000
2025-10-08 20:00:00,123460.21000000,123759.94000000,123160.82000000,123450.00000000,664.75988000
2025-10-08 21:00:00,123450.01000000,123737.00000000,122814.00000000,122856.69000000,673.60553000
2025-10-08 22:00:00,122856.70000000,123332.01000000,122794.40000000,123277.33000000,261.93729000
2025-10-08 23:00:00,123277.34000000,123416.73000000,123200.81000000,123200.82000000,132.25319000
2025-10-09 00:00:00,123200.82000000,123537.11000000,123056.31000000,123306.00000000,289.55534000
2025-10-09 01:00:00,123306.01000000,123348.32000000,122839.15000000,122839.15000000,383.18910000
2025-10-09 02:00:00,122839.16000000,122857.32000000,122339.41000000,122548.23000000,649.56359000
2025-10-09 03:00:00,122548.23000000,122548.23000000,121475.98000000,121617.81000000,831.85568000
2025-10-09 04:00:00,121617.81000000,122120.28000000,121603.59000000,122038.01000000,454.57002000
2025-10-09 05:00:00,122038.01000000,122264.00000000,121904.81000000,122144.70000000,328.47326000
2025-10-09 06:00:00,122144.70000000,122196.99000000,121823.94000000,122100.92000000,394.74775000
2025-10-09 07:00:00,122100.92000000,122185.98000000,121883.43000000,121957.32000000,336.40438000
2025-10-09 08:00:00,121957.32000000,122067.61000000,121724.71000000,121906.10000000,391.52251000
2025-10-09 09:00:00,121906.09000000,121960.97000000,121145.49000000,121261.62000000,951.24212000
2025-10-09 10:00:00,121261.62000000,121855.44000000,121261.62000000,121813.04000000,495.55613000
2025-10-09 11:00:00,121813.04000000,122340.00000000,121650.22000000,122170.27000000,462.62367000
2025-10-09 12:00:00,122170.26000000,122833.02000000,122170.26000000,122737.57000000,780.01914000
2025-10-09 13:00:00,122737.56000000,123762.94000000,122709.10000000,123563.38000000,1483.31285000
2025-10-09 14:00:00,123563.38000000,123658.38000000,122277.76000000,122415.74000000,1233.13253000
2025-10-09 15:00:00,122415.74000000,122608.00000000,120736.96000000,121315.00000000,2613.44219000
2025-10-09 16:00:00,121315.01000000,121734.27000000,120673.99000000,121147.14000000,1236.17443000
2025-10-09 17:00:00,121147.15000000,121481.90000000,119707.29000000,119819.77000000,2831.42858000
2025-10-09 18:00:00,119819.76000000,121046.15000000,119651.47000000,120974.00000000,1671.39797000
2025-10-09 19:00:00,120971.22000000,121100.00000000,120396.00000000,120649.32000000,956.31004000
2025-10-09 20:00:00,120649.33000000,121108.12000000,120649.32000000,120951.72000000,714.92310000
2025-10-09 21:00:00,120951.72000000,121199.97000000,120838.00000000,121109.09000000,743.67096000
2025-10-09 22:00:00,121109.08000000,121512.70000000,121065.77000000,121461.02000000,436.22306000
2025-10-09 23:00:00,121461.03000000,121768.01000000,121411.55000000,121686.19000000,467.98367000
2025-10-10 00:00:00,121686.19000000,121900.00000000,121341.22000000,121662.40000000,711.59334000
2025-10-10 01:00:00,121662.41000000,121863.74000000,121595.75000000,121745.27000000,292.90359000
2025-10-10 02:00:00,121745.26000000,121874.13000000,121489.06000000,121623.97000000,353.28358000
2025-10-10 03:00:00,121623.96000000,121651.33000000,120900.00000000,121059.73000000,812.25118000
2025-10-10 04:00:00,121059.73000000,121575.99000000,120909.15000000,121026.01000000,636.24310000
2025-10-10 05:00:00,121026.00000000,121388.58000000,121018.33000000,121234.51000000,480.17378000
2025-10-10 06:00:00,121234.52000000,121604.49000000,120986.08000000,121583.89000000,503.29572000
2025-10-10 07:00:00,121583.89000000,121754.34000000,121265.26000000,121378.18000000,687.86577000
2025-10-10 08:00:00,121378.19000000,121388.61000000,120855.41000000,120932.05000000,895.21452000
2025-10-10 09:00:00,120932.05000000,121660.43000000,120916.44000000,121631.54000000,433.11300000
2025-10-10 10:00:00,121631.54000000,121777.07000000,121276.56000000,121314.73000000,473.35018000
2025-10-10 11:00:00,121314.73000000,121543.59000000,121228.83000000,121496.33000000,289.70624000
2025-10-10 12:00:00,121496.34000000,121661.62000000,121424.50000000,121554.55000000,357.66752000
2025-10-10 13:00:00,121554.55000000,121682.42000000,121420.00000000,121597.21000000,288.32785000
2025-10-10 14:00:00,121597.22000000,122550.00000000,121384.60000000,121684.20000000,1452.77007000
2025-10-10 15:00:00,121684.18000000,122069.76000000,120479.20000000,120493.17000000,1335.80488000
2025-10-10 16:00:00,120493.16000000,120626.55000000,118500.00000000,119018.98000000,4690.68973000
2025-10-10 17:00:00,119018.99000000,119456.28000000,118205.60000000,118205.61000000,2074.44286000
2025-10-10 18:00:00,118205.61000000,118427.51000000,117579.79000000,117623.80000000,2197.93519000
2025-10-10 19:00:00,117623.80000000,117851.50000000,117237.00000000,117237.70000000,1448.75320000
2025-10-10 20:00:00,117237.70000000,117341.92000000,115952.47000000,116661.50000000,2733.41302000
2025-10-10 21:00:00,116661.50000000,117214.64000000,113039.00000000,114266.82000000,4454.56036000
2025-10-10 22:00:00,114266.82000000,115112.69000000,102000.00000000,113451.86000000,22932.63034000
2025-10-10 23:00:00,113451.87000000,114109.03000000,110879.69000000,113700.00000000,9370.17448000
2025-10-11 00:00:00,113700.00000000,114807.41000000,112652.76000000,112774.50000000,4977.36911000
2025-10-11 01:00:00,112774.49000000,113178.66000000,111620.30000000,112514.58000000,3620.32878000
2025-10-11 02:00:00,112514.57000000,112530.01000000,111019.43000000,111095.37000000,2796.42603000
2025-10-11 03:00:00,111095.38000000,113297.92000000,111082.00000000,113196.48000000,2926.55879000
2025-10-11 04:00:00,113196.48000000,113322.39000000,111800.00000000,112300.01000000,2190.21309000
2025-10-11 05:00:00,112300.00000000,112991.16000000,111700.00000000,112945.79000000,1446.73937000
2025-10-11 06:00:00,112945.79000000,112945.79000000,111992.85000000,112389.48000000,1256.87010000
2025-10-11 07:00:00,112389.48000000,112753.91000000,112000.00000000,112045.99000000,1208.64004000
2025-10-11 08:00:00,112046.00000000,112084.61000000,110090.29000000,110384.61000000,3230.51321000
2025-10-11 09:00:00,110384.60000000,111535.29000000,110162.23000000,111328.38000000,1981.19694000
2025-10-11 10:00:00,111328.38000000,111887.19000000,111274.41000000,111642.78000000,1627.28360000
2025-10-11 11:00:00,111642.78000000,112271.34000000,111621.77000000,112114.64000000,1350.75190000
2025-10-11 12:00:00,112114.63000000,112359.67000000,111700.00000000,112280.00000000,969.90748000
2025-10-11 13:00:00,112280.01000000,112466.66000000,112037.98000000,112380.14000000,997.55713000
2025-10-11 14:00:00,112380.13000000,112500.00000000,111890.33000000,112267.86000000,973.48531000
2025-10-11 15:00:00,112267.86000000,112342.11000000,111890.29000000,111991.97000000,1058.55252000
2025-10-11 16:00:00,111991.97000000,112385.93000000,111793.20000000,111793.20000000,651.64855000
2025-10-11 17:00:00,111793.21000000,112089.92000000,111442.91000000,111846.18000000,834.57688000
2025-10-11 18:00:00,111846.18000000,112185.53000000,111715.99000000,112005.57000000,678.72551000
2025-10-11 19:00:00,112005.56000000,112025.40000000,111836.45000000,111955.27000000,292.78948000
2025-10-11 20:00:00,111955.27000000,112025.40000000,110865.82000000,111178.31000000,1332.81972000
2025-10-11 21:00:00,111178.30000000,111368.29000000,109653.65000000,110244.98000000,1752.53778000
2025-10-11 22:00:00,110244.98000000,111000.00000000,109561.59000000,110893.54000000,1099.41658000
2025-10-11 23:00:00,110893.55000000,111291.61000000,110652.00000000,111043.27000000,571.09600000
2025-10-12 00:00:00,111043.26000000,111114.46000000,110644.00000000,110644.40000000,599.88173000
2025-10-12 01:00:00,110644.40000000,110685.63000000,109565.06000000,109641.54000000,1171.55172000
2025-10-12 02:00:00,109641.54000000,110318.01000000,109641.46000000,109978.56000000,1205.41028000
2025-10-12 03:00:00,109978.56000000,110708.89000000,109600.00000000,110119.02000000,1047.04823000
2025-10-12 04:00:00,110119.02000000,111368.14000000,110002.20000000,110676.00000000,1361.57401000
2025-10-12 05:00:00,110676.00000000,111957.14000000,110617.10000000,111524.87000000,887.82401000
2025-10-12 06:00:00,111524.87000000,111816.04000000,111188.00000000,111700.38000000,537.50918000
2025-10-12 07:00:00,111700.38000000,112125.51000000,111616.00000000,111686.01000000,764.04714000
2025-10-12 08:00:00,111686.02000000,111933.85000000,111491.09000000,111525.20000000,541.91728000
2025-10-12 09:00:00,111525.19000000,111798.99000000,111300.00000000,111310.90000000,573.49914000
2025-10-12 10:00:00,111310.90000000,111920.01000000,111139.87000000,111837.04000000,596.04536000
2025-10-12 11:00:00,111837.05000000,112026.63000000,111450.00000000,111651.64000000,536.97781000
2025-10-12 12:00:00,111651.64000000,112133.33000000,111477.61000000,111848.36000000,1104.29864000
2025-10-12 13:00:00,111848.35000000,112250.00000000,111555.00000000,111789.60000000,1014.55206000
2025-10-12 14:00:00,111789.61000000,111934.51000000,111265.99000000,111297.52000000,1163.81644000
2025-10-12 15:00:00,111297.51000000,112990.90000000,111177.75000000,112338.10000000,2798.77100000
2025-10-12 16:00:00,112338.11000000,113745.84000000,112078.00000000,113198.20000000,4043.27714000
2025-10-12 17:00:00,113198.20000000,114700.00000000,113198.20000000,114069.35000000,3600.56207000
2025-10-12 18:00:00,114069.35000000,114466.94000000,113516.38000000,113799.99000000,1614.34137000
2025-10-12 19:00:00,113799.99000000,114236.87000000,113553.81000000,113878.93000000,817.92540000
2025-10-12 20:00:00,113878.93000000,114396.69000000,113826.65000000,114342.28000000,602.52008000
2025-10-12 21:00:00,114342.28000000,115468.65000000,114342.27000000,114927.97000000,1817.36254000
2025-10-12 22:00:00,114927.97000000,115600.00000000,114217.75000000,114882.06000000,1611.66087000
2025-10-12 23:00:00,114882.06000000,115770.00000000,114882.06000000,115221.40000000,1743.39625000
2025-10-13 00:00:00,115221.40000000,115350.80000000,114733.65000000,114958.80000000,1099.41470000
2025-10-13 01:00:00,114958.81000000,115888.00000000,114766.69000000,115280.84000000,1480.23716000
2025-10-13 02:00:00,115280.83000000,115750.00000000,115079.18000000,115713.32000000,814.49823000
2025-10-13 03:00:00,115713.31000000,115963.81000000,115001.62000000,115319.97000000,982.84078000
2025-10-13 04:00:00,115319.98000000,115613.70000000,114619.45000000,114821.12000000,846.03241000
2025-10-13 05:00:00,114821.13000000,115000.00000000,114398.24000000,114708.15000000,1086.01022000
2025-10-13 06:00:00,114708.15000000,114834.70000000,114500.02000000,114611.82000000,834.97755000
2025-10-13 07:00:00,114611.82000000,115379.84000000,114417.77000000,115221.22000000,599.41221000
2025-10-13 08:00:00,115221.23000000,115554.83000000,115034.00000000,115399.67000000,916.61315000
2025-10-13 09:00:00,115399.66000000,115438.17000000,115138.00000000,115254.23000000,644.85187000
2025-10-13 10:00:00,115254.23000000,115254.23000000,114748.38000000,115127.04000000,1037.56556000
2025-10-13 11:00:00,115127.05000000,115162.00000000,114740.34000000,114810.62000000,896.68402000
2025-10-13 12:00:00,114810.61000000,114810.61000000,113616.50000000,114180.00000000,1981.76101000
2025-10-13 13:00:00,114180.00000000,114748.97000000,113931.16000000,114412.26000000,1209.47056000
2025-10-13 14:00:00,114412.25000000,115530.00000000,114220.07000000,115345.79000000,1815.19891000
2025-10-13 15:00:00,115345.79000000,115476.18000000,113800.01000000,114036.63000000,1434.88366000
2025-10-13 16:00:00,114036.63000000,114727.95000000,113968.02000000,114312.10000000,1078.57574000
2025-10-13 17:00:00,114312.09000000,115174.00000000,114270.89000000,114669.24000000,985.04262000
2025-10-13 18:00:00,114669.25000000,115053.43000000,114215.79000000,115040.55000000,669.90056000
2025-10-13 19:00:00,115040.55000000,115377.48000000,114710.00000000,115160.63000000,724.92234000
2025-10-13 20:00:00,115160.63000000,115891.30000000,115070.00000000,115792.84000000,989.05749000
2025-10-13 21:00:00,115792.84000000,115868.00000000,115400.00000000,115713.37000000,419.35754000
2025-10-13 22:00:00,115713.37000000,115786.04000000,115553.33000000,115700.00000000,221.77830000
2025-10-13 23:00:00,115700.00000000,115835.04000000,115442.67000000,115507.19000000,332.95022000
2025-10-14 00:00:00,115507.20000000,115507.20000000,115005.44000000,115166.00000000,554.61822000
2025-10-14 01:00:00,115166.00000000,115409.96000000,114871.93000000,114959.03000000,759.03973000
2025-10-14 02:00:00,114959.02000000,114991.99000000,114137.93000000,114274.57000000,705.31924000
2025-10-14 03:00:00,114274.57000000,114298.08000000,113647.05000000,113647.05000000,851.40075000
2025-10-14 04:00:00,113647.05000000,113700.00000000,113279.76000000,113500.00000000,1141.08489000
2025-10-14 05:00:00,113500.00000000,113599.99000000,112787.00000000,113062.09000000,1189.90441000
2025-10-14 06:00:00,113062.09000000,113691.00000000,112390.00000000,112493.11000000,1796.26245000
2025-10-14 07:00:00,112493.10000000,112699.21000000,111355.01000000,111987.38000000,1853.68057000
2025-10-14 08:00:00,111987.39000000,112194.00000000,111445.72000000,111724.41000000,1446.45172000
2025-10-14 09:00:00,111724.41000000,112140.00000000,111513.63000000,111803.33000000,979.88421000
2025-10-14 10:00:00,111803.33000000,112000.00000000,111055.91000000,111287.89000000,937.93171000
2025-10-14 11:00:00,111287.90000000,111336.11000000,110012.24000000,110623.58000000,1937.91268000
2025-10-14 12:00:00,110623.58000000,111630.28000000,110614.25000000,111313.98000000,1426.10618000
2025-10-14 13:00:00,111313.98000000,111361.15000000,110737.29000000,110803.28000000,976.90627000
2025-10-14 14:00:00,110803.29000000,111329.71000000,109866.00000000,111014.38000000,2420.02151000
2025-10-14 15:00:00,111014.38000000,112200.00000000,110905.73000000,111435.21000000,2108.64964000
2025-10-14 16:00:00,111435.20000000,112943.82000000,111062.15000000,112900.43000000,1681.40989000
2025-10-14 17:00:00,112900.44000000,113187.62000000,112189.42000000,112328.83000000,2429.54292000
2025-10-14 18:00:00,112328.83000000,112933.65000000,111692.31000000,112774.97000000,2031.41315000
2025-10-14 19:00:00,112774.98000000,113450.00000000,112662.72000000,112861.36000000,1289.26282000
2025-10-14 20:00:00,112861.36000000,113544.53000000,112021.59000000,112613.70000000,1685.79274000
2025-10-14 21:00:00,112613.69000000,113008.47000000,112230.46000000,112992.87000000,564.85759000
2025-10-14 22:00:00,112992.88000000,113186.00000000,112683.58000000,113128.70000000,561.06072000
2025-10-14 23:00:00,113128.70000000,113577.00000000,112822.16000000,113211.87000000,588.63193000
2025-10-15 00:00:00,113211.87000000,113520.00000000,112998.22000000,113028.14000000,507.80202000
2025-10-15 01:00:00,113028.13000000,113112.41000000,112602.02000000,112993.86000000,1081.32570000
2025-10-15 02:00:00,112993.85000000,113005.57000000,112326.26000000,112738.17000000,870.72777000
2025-10-15 03:00:00,112738.17000000,113612.35000000,112673.90000000,112809.94000000,812.09712000
2025-10-15 04:00:00,112809.94000000,112866.77000000,111825.93000000,112024.29000000,762.39853000
2025-10-15 05:00:00,112024.30000000,112465.50000000,111746.76000000,112344.81000000,1145.73005000
2025-10-15 06:00:00,112344.81000000,112659.00000000,112188.74000000,112431.95000000,623.36683000
2025-10-15 07:00:00,112431.95000000,112563.80000000,111896.07000000,112460.47000000,740.50832000
2025-10-15 08:00:00,112460.48000000,112680.00000000,112235.76000000,112584.50000000,932.59854000
2025-10-15 09:00:00,112584.49000000,113520.88000000,112550.00000000,112944.85000000,1236.81640000
2025-10-15 10:00:00,112944.84000000,113127.39000000,112380.80000000,112564.01000000,848.43925000
2025-10-15 11:00:00,112564.00000000,112645.61000000,112072.86000000,112266.71000000,847.65271000
2025-10-15 12:00:00,112266.70000000,112600.00000000,111693.26000000,111905.73000000,766.17498000
2025-10-15 13:00:00,111905.72000000,112085.68000000,111400.00000000,111711.25000000,1005.50463000
2025-10-15 14:00:00,111711.25000000,112011.75000000,110725.40000000,111389.00000000,1971.06330000
2025-10-15 15:00:00,111389.01000000,112238.41000000,110800.00000000,111059.76000000,1777.74911000
2025-10-15 16:00:00,111059.77000000,111588.69000000,110400.00000000,110798.01000000,1836.18334000
2025-10-15 17:00:00,110798.01000000,111125.18000000,110602.80000000,110748.00000000,830.13195000
2025-10-15 18:00:00,110748.00000000,111186.78000000,110164.00000000,111186.78000000,1335.06163000
2025-10-15 19:00:00,111186.77000000,111512.41000000,110826.21000000,111444.76000000,562.70484000
2025-10-15 20:00:00,111444.76000000,111557.70000000,111099.33000000,111271.73000000,589.84937000
2025-10-15 21:00:00,111271.73000000,111556.27000000,110515.84000000,111109.76000000,852.76487000
2025-10-15 22:00:00,111109.77000000,111424.69000000,110500.00000000,110854.19000000,779.36355000
2025-10-15 23:00:00,110854.20000000,111395.82000000,110667.97000000,110667.97000000,422.73990000
2025-10-16 00:00:00,110667.97000000,111006.00000000,110590.10000000,110763.28000000,355.53542000
2025-10-16 01:00:00,110763.28000000,110856.11000000,110361.00000000,110431.27000000,753.88930000
2025-10-16 02:00:00,110431.27000000,111330.00000000,110417.32000000,111299.99000000,776.36767000
2025-10-16 03:00:00,111300.00000000,111562.24000000,111014.12000000,111510.43000000,544.40968000
2025-10-16 04:00:00,111510.43000000,111867.17000000,111271.49000000,111329.48000000,640.75803000
2025-10-16 05:00:00,111329.48000000,111675.21000000,110800.88000000,110966.03000000,573.55869000
2025-10-16 06:00:00,110966.03000000,111485.03000000,110750.00000000,110951.14000000,831.06310000
2025-10-16 07:00:00,110951.13000000,111716.86000000,110922.17000000,111666.83000000,576.47831000
2025-10-16 08:00:00,111666.83000000,111773.70000000,110553.19000000,110584.20000000,1116.04250000
2025-10-16 09:00:00,110584.21000000,110893.91000000,110405.00000000,110817.50000000,898.50628000
2025-10-16 10:00:00,110817.50000000,111633.14000000,109635.15000000,111146.31000000,2599.38969000
2025-10-16 11:00:00,111146.31000000,111728.70000000,111021.02000000,111469.63000000,1021.52177000
2025-10-16 12:00:00,111469.63000000,111567.85000000,111001.44000000,111404.72000000,762.70034000
2025-10-16 13:00:00,111404.73000000,111982.45000000,111332.18000000,111519.07000000,925.41606000
2025-10-16 14:00:00,111519.08000000,111548.00000000,110684.32000000,110860.00000000,1245.15513000
2025-10-16 15:00:00,110860.00000000,111420.02000000,109728.00000000,110529.34000000,2218.73000000
2025-10-16 16:00:00,110529.35000000,110727.35000000,108361.69000000,108549.21000000,3863.51050000
2025-10-16 17:00:00,108549.21000000,109254.00000000,107577.57000000,109232.43000000,3658.11859000
2025-10-16 18:00:00,109232.43000000,109244.91000000,108227.54000000,108276.70000000,1542.50028000
2025-10-16 19:00:00,108276.69000000,108656.30000000,107680.00000000,108656.19000000,1228.35335000
2025-10-16 20:00:00,108656.19000000,108751.02000000,107685.40000000,108197.66000000,1826.29670000
2025-10-16 21:00:00,108197.67000000,108424.11000000,107427.00000000,107838.01000000,941.04286000
2025-10-16 22:00:00,107838.00000000,108463.31000000,107592.00000000,108443.70000000,490.84182000
2025-10-16 23:00:00,108443.71000000,108500.00000000,107783.76000000,107798.85000000,451.11345000
2025-10-17 00:00:00,107798.85000000,108420.73000000,107736.56000000,108194.28000000,371.40842000
2025-10-17 01:00:00,108194.27000000,108849.19000000,107934.40000000,108800.00000000,657.03622000
2025-10-17 02:00:00,108799.99000000,109115.08000000,108506.79000000,108839.84000000,663.22366000
2025-10-17 03:00:00,108839.84000000,109082.80000000,108390.21000000,108972.97000000,559.71151000
2025-10-17 04:00:00,108972.98000000,109240.00000000,108910.45000000,109176.74000000,537.92170000
2025-10-17 05:00:00,109176.74000000,109236.01000000,108786.00000000,108787.26000000,487.87266000
2025-10-17 06:00:00,108787.26000000,108926.06000000,108299.12000000,108381.76000000,800.45747000
2025-10-17 07:00:00,108381.75000000,108519.49000000,106639.79000000,106741.28000000,2840.49166000
2025-10-17 08:00:00,106741.28000000,106901.85000000,105542.09000000,105633.75000000,3891.25354000
2025-10-17 09:00:00,105633.75000000,105716.15000000,104505.00000000,104884.38000000,4632.98336000
2025-10-17 10:00:00,104884.38000000,105626.67000000,104520.70000000,104531.35000000,2034.60892000
2025-10-17 11:00:00,104530.00000000,104926.19000000,103528.23000000,104751.99000000,3620.28453000
2025-10-17 12:00:00,104751.99000000,106651.22000000,104674.00000000,105683.72000000,3620.45641000
2025-10-17 13:00:00,105683.71000000,106070.14000000,105227.45000000,105350.40000000,1384.38576000
2025-10-17 14:00:00,105350.40000000,106166.00000000,104876.19000000,105835.63000000,2340.35273000
2025-10-17 15:00:00,105835.62000000,105989.01000000,104533.21000000,105163.42000000,1894.44771000
2025-10-17 16:00:00,105163.41000000,106852.14000000,105087.29000000,106803.53000000,2228.15693000
2025-10-17 17:00:00,106803.52000000,107575.60000000,106239.75000000,106372.34000000,1909.04788000
2025-10-17 18:00:00,106372.34000000,106729.00000000,106071.42000000,106453.27000000,723.50939000
2025-10-17 19:00:00,106453.26000000,107089.99000000,106453.26000000,106647.11000000,761.17199000
2025-10-17 20:00:00,106647.11000000,106889.11000000,106233.65000000,106454.72000000,522.73818000
2025-10-17 21:00:00,106457.24000000,107177.08000000,106342.47000000,107021.37000000,502.81407000
2025-10-17 22:00:00,107021.38000000,107440.02000000,107016.87000000,107301.40000000,474.97927000
2025-10-17 23:00:00,107301.41000000,107415.73000000,106807.50000000,107000.10000000,467.14000000
2025-10-18 00:00:00,107000.09000000,107000.10000000,106392.08000000,106431.68000000,365.62283000
2025-10-18 01:00:00,106431.68000000,106845.52000000,106322.20000000,106845.52000000,471.69377000
2025-10-18 02:00:00,106845.52000000,107306.06000000,106824.00000000,107149.30000000,525.12520000
2025-10-18 03:00:00,107149.30000000,107297.87000000,106493.23000000,106597.98000000,923.59727000
2025-10-18 04:00:00,106597.97000000,107126.55000000,106573.60000000,107070.40000000,747.88716000
2025-10-18 05:00:00,107070.41000000,107070.41000000,106439.38000000,106478.71000000,738.59104000
2025-10-18 06:00:00,106478.66000000,106842.50000000,106478.66000000,106812.52000000,357.02039000
2025-10-18 07:00:00,106812.52000000,106950.00000000,106711.95000000,106839.96000000,582.06053000
2025-10-18 08:00:00,106839.97000000,107499.00000000,106607.20000000,106665.00000000,1298.66311000
2025-10-18 09:00:00,106665.01000000,106966.62000000,106605.93000000,106719.20000000,1204.63747000
2025-10-18 10:00:00,106719.20000000,106938.00000000,106629.66000000,106884.41000000,371.44202000
2025-10-18 11:00:00,106884.41000000,107145.81000000,106788.41000000,106924.47000000,365.74020000
2025-10-18 12:00:00,106924.47000000,107222.00000000,106770.00000000,107208.60000000,394.90850000
2025-10-18 13:00:00,107208.61000000,107300.00000000,106965.23000000,107065.17000000,265.11201000
2025-10-18 14:00:00,107065.17000000,107102.14000000,106810.00000000,106888.78000000,270.57628000
2025-10-18 15:00:00,106888.77000000,107111.11000000,106739.33000000,107028.36000000,552.94765000
2025-10-18 16:00:00,107028.37000000,107146.18000000,106815.86000000,106948.75000000,336.98269000
2025-10-18 17:00:00,106948.75000000,107063.89000000,106484.00000000,106664.01000000,353.04791000
2025-10-18 18:00:00,106664.01000000,106955.79000000,106567.95000000,106880.03000000,246.03342000
2025-10-18 19:00:00,106880.04000000,106920.00000000,106722.72000000,106843.75000000,158.99856000
2025-10-18 20:00:00,106843.75000000,107091.87000000,106762.83000000,107080.14000000,153.17902000
2025-10-18 21:00:00,107080.14000000,107339.03000000,107000.00000000,107018.51000000,262.63077000
2025-10-18 22:00:00,107018.50000000,107220.24000000,106851.84000000,107177.05000000,198.46296000
2025-10-18 23:00:00,107177.05000000,107283.71000000,107067.54000000,107125.87000000,219.09125000
2025-10-19 00:00:00,107125.88000000,107200.00000000,107014.58000000,107185.01000000,124.75848000
2025-10-19 01:00:00,107185.00000000,107267.20000000,106755.88000000,106898.03000000,393.96341000
2025-10-19 02:00:00,106898.03000000,106988.81000000,106734.17000000,106973.26000000,184.14483000
2025-10-19 03:00:00,106973.27000000,107000.00000000,106805.05000000,106847.02000000,121.85742000
2025-10-19 04:00:00,106847.03000000,107367.16000000,106802.32000000,107275.78000000,358.14644000
2025-10-19 05:00:00,107275.79000000,107290.00000000,106949.90000000,107046.90000000,256.58858000
2025-10-19 06:00:00,107046.89000000,107180.00000000,106794.23000000,106888.59000000,516.95583000
2025-10-19 07:00:00,106888.60000000,106909.98000000,106558.61000000,106777.75000000,315.62124000
2025-10-19 08:00:00,106777.75000000,106912.08000000,106702.00000000,106786.00000000,158.03024000
2025-10-19 09:00:00,106786.00000000,107203.29000000,106278.74000000,106443.95000000,969.35569000
2025-10-19 10:00:00,106443.96000000,108213.04000000,106103.36000000,107401.47000000,2187.76100000
2025-10-19 11:00:00,107401.47000000,107887.99000000,106999.57000000,107882.71000000,889.96820000
2025-10-19 12:00:00,107882.71000000,108260.50000000,107633.05000000,107783.47000000,1012.47378000
2025-10-19 13:00:00,107783.47000000,107859.42000000,107421.90000000,107631.43000000,816.58870000
2025-10-19 14:00:00,107631.43000000,108227.44000000,107355.02000000,108096.34000000,912.20232000
2025-10-19 15:00:00,108096.33000000,108508.00000000,107887.28000000,108405.47000000,1356.87620000
2025-10-19 16:00:00,108405.47000000,108621.68000000,108328.25000000,108486.70000000,550.80586000
2025-10-19 17:00:00,108486.71000000,108988.27000000,108240.00000000,108624.19000000,746.00280000
2025-10-19 18:00:00,108624.19000000,109437.43000000,108615.20000000,109113.52000000,842.94186000
2025-10-19 19:00:00,109113.53000000,109450.07000000,109037.50000000,109383.01000000,390.21394000
2025-10-19 20:00:00,109383.00000000,109383.01000000,108800.57000000,108908.43000000,451.40437000
2025-10-19 21:00:00,108908.43000000,108984.90000000,108810.17000000,108845.06000000,661.43199000
2025-10-19 22:00:00,108845.07000000,108869.87000000,108620.00000000,108744.82000000,272.94763000
2025-10-19 23:00:00,108744.83000000,109370.99000000,108744.83000000,109146.80000000,673.56143000
2025-10-20 00:00:00,109146.80000000,109146.80000000,108471.10000000,108642.78000000,440.82047000
2025-10-20 01:00:00,108642.77000000,108642.77000000,107402.52000000,108047.46000000,1198.86530000
2025-10-20 02:00:00,108047.46000000,108276.04000000,107894.00000000,108053.58000000,602.84285000
2025-10-20 03:00:00,108053.57000000,108970.51000000,107854.71000000,108767.02000000,605.86943000
2025-10-20 04:00:00,108767.03000000,110427.86000000,108571.59000000,110145.44000000,1275.97750000
2025-10-20 05:00:00,110145.45000000,110535.13000000,109951.96000000,110422.10000000,865.34314000
2025-10-20 06:00:00,110422.10000000,111111.00000000,110291.27000000,111033.79000000,991.81207000
2025-10-20 07:00:00,111033.79000000,111377.34000000,111001.91000000,111298.55000000,1196.86696000
2025-10-20 08:00:00,111298.55000000,111445.67000000,111050.78000000,111169.92000000,913.95455000
2025-10-20 09:00:00,111169.91000000,111679.25000000,110943.40000000,111097.15000000,925.77025000
2025-10-20 10:00:00,111097.16000000,111200.00000000,110691.96000000,110964.13000000,1095.42239000
2025-10-20 11:00:00,110964.14000000,111098.01000000,110612.00000000,110731.78000000,644.26773000
2025-10-20 12:00:00,110731.78000000,111026.93000000,110608.27000000,111016.75000000,787.40667000
2025-10-20 13:00:00,111016.75000000,111203.06000000,110780.00000000,110843.81000000,425.00243000
2025-10-20 14:00:00,110843.82000000,111203.06000000,110588.23000000,111161.35000000,666.08434000
2025-10-20 15:00:00,111161.35000000,111395.84000000,110736.00000000,111210.86000000,911.55485000
2025-10-20 16:00:00,111210.86000000,111705.56000000,111001.34000000,111144.55000000,1003.56342000
2025-10-20 17:00:00,111144.55000000,111303.05000000,110110.00000000,110683.19000000,1717.87854000
2025-10-20 18:00:00,110683.20000000,111071.40000000,109855.83000000,110282.76000000,1077.41690000
2025-10-20 19:00:00,110282.76000000,110968.98000000,110220.00000000,110937.92000000,457.18317000
2025-10-20 20:00:00,110937.92000000,111067.33000000,110542.00000000,110803.22000000,464.17808000
2025-10-20 21:00:00,110803.22000000,111272.00000000,110665.03000000,111091.46000000,480.99811000
2025-10-20 22:00:00,111091.46000000,111243.64000000,110464.91000000,110563.20000000,332.06604000
2025-10-20 23:00:00,110563.20000000,110867.39000000,110418.25000000,110794.08000000,267.98447000
2025-10-21 00:00:00,110794.08000000,110828.75000000,110521.85000000,110532.09000000,285.13241000
2025-10-21 01:00:00,110532.09000000,110532.09000000,110168.00000000,110446.69000000,437.52159000
2025-10-21 02:00:00,110446.68000000,110489.41000000,109555.00000000,109863.19000000,677.11170000
2025-10-21 03:00:00,109863.18000000,109922.89000000,109303.86000000,109514.92000000,773.29938000
2025-10-21 04:00:00,109514.92000000,109620.31000000,109052.09000000,109059.22000000,517.88075000
2025-10-21 05:00:00,109059.23000000,109059.23000000,107650.94000000,107779.70000000,1936.39331000
2025-10-21 06:00:00,107779.71000000,107979.46000000,107473.72000000,107537.12000000,1531.85421000
2025-10-21 07:00:00,107537.12000000,108200.00000000,107499.19000000,107909.79000000,754.26623000
2025-10-21 08:00:00,107909.79000000,108200.00000000,107645.21000000,108086.37000000,707.81305000
2025-10-21 09:00:00,108086.38000000,108098.72000000,107484.22000000,107695.79000000,804.21106000
2025-10-21 10:00:00,107695.79000000,107866.72000000,107540.09000000,107754.27000000,543.10308000
2025-10-21 11:00:00,107754.27000000,108811.47000000,107580.00000000,108499.56000000,1096.00730000
2025-10-21 12:00:00,108499.56000000,108639.76000000,108169.81000000,108580.01000000,546.40513000
2025-10-21 13:00:00,108580.00000000,109485.78000000,108466.48000000,108793.40000000,1229.63283000
2025-10-21 14:00:00,108793.39000000,108913.68000000,107922.06000000,108426.98000000,1261.18680000
2025-10-21 15:00:00,108426.98000000,112290.31000000,108408.00000000,112170.52000000,3335.72830000
2025-10-21 16:00:00,112170.52000000,113557.62000000,111716.91000000,113422.61000000,4175.55944000
2025-10-21 17:00:00,113422.60000000,114000.00000000,112465.33000000,112565.88000000,2654.63776000
2025-10-21 18:00:00,112565.88000000,112993.67000000,111813.18000000,111973.42000000,5531.17962000
2025-10-21 19:00:00,111973.41000000,112297.14000000,111324.29000000,111990.55000000,1962.19243000
2025-10-21 20:00:00,111990.55000000,112200.00000000,111562.94000000,111780.39000000,583.46835000
2025-10-21 21:00:00,111780.40000000,111801.41000000,110554.22000000,110787.56000000,1166.16267000
2025-10-21 22:00:00,110787.56000000,111111.00000000,110111.00000000,110816.32000000,986.90737000
2025-10-21 23:00:00,110816.33000000,110816.33000000,108271.68000000,109066.98000000,2484.48697000
2025-10-22 00:00:00,109066.98000000,109423.19000000,108045.81000000,108297.67000000,1531.00726000
2025-10-22 01:00:00,108297.66000000,108643.61000000,107841.20000000,107986.14000000,1537.60176000
2025-10-22 02:00:00,107986.15000000,108460.02000000,107986.14000000,108364.21000000,1493.26761000
2025-10-22 03:00:00,108364.22000000,108678.21000000,108198.85000000,108198.85000000,699.65823000
2025-10-22 04:00:00,108198.85000000,108219.12000000,107860.92000000,108216.02000000,1121.03699000
2025-10-22 05:00:00,108216.03000000,108635.92000000,108162.09000000,108625.60000000,696.45277000
2025-10-22 06:00:00,108625.61000000,108638.99000000,107879.93000000,108166.81000000,1434.44211000
2025-10-22 07:00:00,108166.82000000,108331.75000000,107945.50000000,107980.02000000,675.25677000
2025-10-22 08:00:00,107980.02000000,108321.64000000,107610.00000000,108321.63000000,1077.00799000
2025-10-22 09:00:00,108321.64000000,108358.76000000,108079.86000000,108229.30000000,505.66169000
2025-10-22 10:00:00,108229.30000000,108274.43000000,107773.89000000,107963.13000000,557.31037000
2025-10-22 11:00:00,107963.12000000,108114.80000000,107650.00000000,107657.98000000,497.00462000
2025-10-22 12:00:00,107657.98000000,108207.99000000,106708.18000000,107555.05000000,2452.68318000
2025-10-22 13:00:00,107555.04000000,108399.00000000,107443.01000000,108044.96000000,841.76229000
2025-10-22 14:00:00,108044.96000000,109014.34000000,107630.39000000,108783.36000000,1889.17586000
2025-10-22 15:00:00,108783.35000000,108998.00000000,107500.00000000,108947.50000000,3240.71769000
2025-10-22 16:00:00,108947.49000000,109163.88000000,107737.04000000,108416.50000000,1954.01743000
2025-10-22 17:00:00,108416.50000000,108796.42000000,107877.27000000,108226.00000000,1590.12287000
2025-10-22 18:00:00,108226.00000000,108339.89000000,107566.65000000,107778.45000000,913.68528000
2025-10-22 19:00:00,107778.45000000,108200.00000000,107463.29000000,108023.33000000,668.80381000
2025-10-22 20:00:00,108023.33000000,108411.61000000,107685.61000000,107870.35000000,835.44242000
2025-10-22 21:00:00,107870.35000000,108069.93000000,107500.00000000,107696.03000000,1003.67170000
2025-10-22 22:00:00,107696.03000000,107749.02000000,106666.69000000,107207.98000000,1548.13803000
2025-10-22 23:00:00,107207.98000000,107683.25000000,106917.57000000,107196.82000000,742.32871000
2025-10-23 00:00:00,107196.82000000,107946.15000000,107169.69000000,107567.44000000,635.53433000
2025-10-23 01:00:00,107567.45000000,107980.52000000,107500.00000000,107845.30000000,396.06020000
2025-10-23 02:00:00,107845.30000000,108500.00000000,107813.20000000,108150.00000000,1012.18554000
2025-10-23 03:00:00,108150.01000000,108410.30000000,108058.66000000,108410.29000000,360.75702000
2025-10-23 04:00:00,108410.29000000,108720.39000000,108323.59000000,108377.96000000,604.50041000
2025-10-23 05:00:00,108377.96000000,108940.33000000,108350.36000000,108644.32000000,394.82009000
2025-10-23 06:00:00,108644.31000000,108991.81000000,108622.05000000,108940.58000000,448.44483000
2025-10-23 07:00:00,108940.58000000,110298.29000000,108849.07000000,110246.94000000,1472.30240000
2025-10-23 08:00:00,110246.93000000,110273.48000000,109207.75000000,109269.90000000,999.21853000
2025-10-23 09:00:00,109269.90000000,109903.83000000,109245.48000000,109505.44000000,737.41671000
2025-10-23 10:00:00,109505.45000000,109545.76000000,109123.01000000,109426.99000000,503.07972000
2025-10-23 11:00:00,109427.00000000,109701.90000000,109370.05000000,109439.20000000,401.49030000
2025-10-23 12:00:00,109439.20000000,109655.89000000,109100.40000000,109253.89000000,562.02430000
2025-10-23 13:00:00,109253.88000000,109253.89000000,108685.72000000,109164.94000000,953.31213000
2025-10-23 14:00:00,109164.95000000,109650.01000000,108800.01000000,109500.62000000,1286.55668000
2025-10-23 15:00:00,109500.62000000,109851.62000000,108723.13000000,109594.90000000,1111.45274000
2025-10-23 16:00:00,109594.90000000,110109.99000000,109486.38000000,109908.28000000,933.26870000
2025-10-23 17:00:00,109908.29000000,110576.50000000,109647.34000000,110263.74000000,883.87893000
2025-10-23 18:00:00,110263.74000000,111293.61000000,109650.00000000,111241.71000000,1605.70962000
2025-10-23 19:00:00,111241.71000000,111289.36000000,110261.48000000,110571.66000000,761.73368000
2025-10-23 20:00:00,110571.66000000,110619.90000000,110106.00000000,110200.00000000,388.99846000
2025-10-23 21:00:00,110200.01000000,110200.01000000,109341.28000000,109524.81000000,629.20848000
2025-10-23 22:00:00,109524.81000000,109727.22000000,109380.12000000,109532.97000000,424.08473000
2025-10-23 23:00:00,109532.96000000,110158.37000000,109517.37000000,109943.94000000,443.21336000
2025-10-24 00:00:00,109943.95000000,110099.17000000,109839.00000000,110078.18000000,259.37538000
2025-10-24 01:00:00,110078.19000000,110709.22000000,109983.93000000,110500.28000000,531.07612000
2025-10-24 02:00:00,110500.29000000,110665.53000000,110141.38000000,110585.08000000,371.99990000
2025-10-24 03:00:00,110585.09000000,110829.67000000,110358.34000000,110570.12000000,303.69215000
2025-10-24 04:00:00,110570.13000000,110630.81000000,110274.85000000,110441.46000000,332.11629000
2025-10-24 05:00:00,110441.46000000,111470.32000000,110332.00000000,111178.55000000,958.63918000
2025-10-24 06:00:00,111178.54000000,111310.31000000,110941.02000000,111261.36000000,515.30958000
2025-10-24 07:00:00,111261.37000000,111488.00000000,111120.71000000,111464.36000000,480.69090000
2025-10-24 08:00:00,111464.36000000,111522.30000000,110768.23000000,111054.61000000,750.55477000
2025-10-24 09:00:00,111054.61000000,111226.02000000,110680.01000000,111097.80000000,627.57826000
2025-10-24 10:00:00,111097.79000000,111482.99000000,111000.00000000,111324.51000000,446.13074000
2025-10-24 11:00:00,111324.51000000,111325.42000000,111069.46000000,111114.03000000,346.40996000
2025-10-24 12:00:00,111114.03000000,111267.99000000,110600.00000000,111066.29000000,561.52762000
2025-10-24 13:00:00,111066.29000000,112104.98000000,110867.15000000,111297.01000000,1692.92113000
2025-10-24 14:00:00,111297.02000000,111451.47000000,110379.51000000,110937.94000000,1200.08389000
2025-10-24 15:00:00,110937.94000000,110937.95000000,109700.01000000,110219.17000000,1902.54077000
2025-10-24 16:00:00,110219.17000000,110620.00000000,109896.51000000,110046.91000000,737.57678000
2025-10-24 17:00:00,110046.92000000,110387.79000000,109797.13000000,110261.81000000,441.40283000
2025-10-24 18:00:00,110261.81000000,110571.18000000,110180.74000000,110235.22000000,368.64619000
2025-10-24 19:00:00,110235.22000000,110639.04000000,110166.00000000,110619.39000000,336.10914000
2025-10-24 20:00:00,110619.39000000,110945.39000000,110525.06000000,110615.07000000,323.90966000
2025-10-24 21:00:00,110615.07000000,111025.95000000,110478.00000000,110893.70000000,514.06470000
2025-10-24 22:00:00,110893.69000000,111100.00000000,110646.64000000,111085.57000000,915.59401000
2025-10-24 23:00:00,111085.57000000,111138.62000000,110927.23000000,111023.01000000,203.92240000
2025-10-25 00:00:00,111023.01000000,111123.87000000,110882.05000000,111004.89000000,142.67216000
2025-10-25 01:00:00,111004.90000000,111044.86000000,110672.86000000,110766.60000000,210.65830000
2025-10-25 02:00:00,110766.61000000,111226.67000000,110750.00000000,111070.31000000,235.37952000
2025-10-25 03:00:00,111070.31000000,111128.91000000,110950.02000000,111025.77000000,134.00021000
2025-10-25 04:00:00,111025.77000000,111136.65000000,110998.21000000,111029.99000000,249.31110000
2025-10-25 05:00:00,111029.99000000,111458.81000000,111029.99000000,111228.00000000,411.01306000
2025-10-25 06:00:00,111228.00000000,111433.54000000,111093.99000000,111386.79000000,235.19046000
2025-10-25 07:00:00,111386.78000000,111497.10000000,111261.01000000,111366.42000000,334.48878000
2025-10-25 08:00:00,111366.43000000,111820.87000000,111366.43000000,111489.60000000,436.39799000
2025-10-25 09:00:00,111489.59000000,111805.10000000,111488.44000000,111763.80000000,348.94057000
2025-10-25 10:00:00,111763.81000000,111850.13000000,111491.62000000,111521.47000000,474.02907000
2025-10-25 11:00:00,111521.47000000,111718.99000000,111375.81000000,111559.94000000,382.43284000
2025-10-25 12:00:00,111559.94000000,111664.00000000,111480.68000000,111563.81000000,172.78406000
2025-10-25 13:00:00,111563.81000000,111943.19000000,111530.38000000,111899.03000000,363.41104000
2025-10-25 14:00:00,111899.03000000,111916.00000000,111520.00000000,111680.91000000,355.08597000
2025-10-25 15:00:00,111680.92000000,111765.97000000,111520.01000000,111591.19000000,216.60101000
2025-10-25 16:00:00,111591.20000000,111591.20000000,111311.19000000,111385.18000000,318.98695000
2025-10-25 17:00:00,111385.18000000,111479.99000000,111164.39000000,111372.25000000,430.41077000
2025-10-25 18:00:00,111372.25000000,111451.16000000,111300.00000000,111374.96000000,134.57742000
2025-10-25 19:00:00,111374.97000000,111731.78000000,111317.34000000,111719.98000000,227.92326000
2025-10-25 20:00:00,111719.98000000,111720.00000000,111579.75000000,111623.45000000,170.60799000
2025-10-25 21:00:00,111623.46000000,111659.39000000,111370.00000000,111431.94000000,154.33849000
2025-10-25 22:00:00,111431.94000000,111477.76000000,111342.25000000,111477.76000000,133.46965000
2025-10-25 23:00:00,111477.76000000,111683.64000000,111409.54000000,111621.69000000,159.63737000
2025-10-26 00:00:00,111621.69000000,111675.49000000,111535.48000000,111646.27000000,118.29276000
2025-10-26 01:00:00,111646.27000000,111899.56000000,111544.15000000,111715.98000000,370.92714000
2025-10-26 02:00:00,111715.98000000,111835.85000000,111520.00000000,111644.42000000,270.69687000
2025-10-26 03:00:00,111644.41000000,111687.37000000,111408.54000000,111448.85000000,214.46307000
2025-10-26 04:00:00,111448.85000000,111500.00000000,111260.45000000,111260.46000000,170.69475000
2025-10-26 05:00:00,111260.46000000,111479.99000000,111260.46000000,111430.40000000,129.38461000
2025-10-26 06:00:00,111430.39000000,111650.90000000,111367.19000000,111615.32000000,209.94274000
2025-10-26 07:00:00,111615.33000000,111686.65000000,111548.75000000,111635.95000000,156.20448000
2025-10-26 08:00:00,111635.96000000,111724.96000000,111620.02000000,111723.98000000,169.97811000
2025-10-26 09:00:00,111723.98000000,111850.00000000,111723.98000000,111776.94000000,240.40616000
2025-10-26 10:00:00,111776.94000000,112779.81000000,111708.63000000,112528.83000000,1330.29795000
2025-10-26 11:00:00,112528.82000000,112571.26000000,112189.33000000,112477.10000000,337.77399000
2025-10-26 12:00:00,112477.11000000,113466.23000000,112430.56000000,113286.09000000,1079.09408000
2025-10-26 13:00:00,113286.09000000,113827.02000000,113279.85000000,113575.05000000,1229.55057000
2025-10-26 14:00:00,113575.06000000,114000.00000000,113283.80000000,113711.53000000,1099.62143000
2025-10-26 15:00:00,113711.53000000,113885.27000000,113544.02000000,113575.36000000,739.58798000
2025-10-26 16:00:00,113575.35000000,113725.48000000,113425.87000000,113694.97000000,437.55153000
2025-10-26 17:00:00,113694.97000000,113761.98000000,113290.62000000,113517.53000000,556.71599000
2025-10-26 18:00:00,113517.54000000,113747.85000000,113442.12000000,113442.13000000,319.42533000
2025-10-26 19:00:00,113442.14000000,113793.93000000,113442.13000000,113575.15000000,279.30190000
2025-10-26 20:00:00,113575.15000000,113720.63000000,113503.82000000,113585.99000000,204.67267000
2025-10-26 21:00:00,113585.98000000,113585.98000000,113283.11000000,113320.80000000,248.15480000
2025-10-26 22:00:00,113320.80000000,113590.48000000,112901.00000000,113497.06000000,464.11186000
2025-10-26 23:00:00,113497.06000000,115466.80000000,113497.06000000,114681.33000000,2524.96249000
2025-10-27 00:00:00,114681.34000000,114966.15000000,114385.13000000,114559.40000000,670.95687000
2025-10-27 01:00:00,114559.41000000,115176.47000000,114362.26000000,114767.29000000,1142.27258000
2025-10-27 02:00:00,114767.28000000,115388.96000000,114710.92000000,115284.01000000,725.93495000
2025-10-27 03:00:00,115284.01000000,115445.39000000,114815.60000000,114883.39000000,826.25748000
2025-10-27 04:00:00,114883.40000000,115242.65000000,114829.48000000,114958.51000000,587.18766000
2025-10-27 05:00:00,114958.52000000,115283.27000000,114938.01000000,115256.44000000,400.40691000
2025-10-27 06:00:00,115256.43000000,115652.89000000,115256.43000000,115556.57000000,828.01463000
2025-10-27 07:00:00,115556.56000000,116129.50000000,115361.65000000,116053.49000000,1794.85942000
2025-10-27 08:00:00,116053.50000000,116400.00000000,115489.53000000,115554.60000000,2455.66454000
2025-10-27 09:00:00,115554.59000000,115607.48000000,114900.00000000,115014.88000000,1249.66033000
2025-10-27 10:00:00,115014.88000000,115356.99000000,114814.69000000,115254.01000000,1148.54888000
2025-10-27 11:00:00,115254.01000000,115550.02000000,115120.90000000,115447.94000000,557.73562000
2025-10-27 12:00:00,115447.93000000,115528.74000000,115128.04000000,115362.02000000,745.97843000
2025-10-27 13:00:00,115362.02000000,115437.48000000,115000.00000000,115065.67000000,1172.23501000
2025-10-27 14:00:00,115065.96000000,115415.99000000,114566.83000000,115264.28000000,1010.17279000
2025-10-27 15:00:00,115264.29000000,115358.00000000,114503.99000000,114810.05000000,987.16577000
2025-10-27 16:00:00,114810.06000000,115224.44000000,114778.00000000,114969.68000000,1323.86576000
2025-10-27 17:00:00,114969.68000000,115636.86000000,114872.12000000,115497.57000000,818.25063000
2025-10-27 18:00:00,115497.57000000,115706.06000000,115311.19000000,115706.06000000,442.08673000
2025-10-27 19:00:00,115706.06000000,115790.00000000,115325.00000000,115342.19000000,400.61809000
2025-10-27 20:00:00,115342.18000000,115342.19000000,114790.81000000,114942.64000000,597.25209000
2025-10-27 21:00:00,114942.64000000,114942.64000000,114408.00000000,114455.17000000,550.98109000
2025-10-27 22:00:00,114455.17000000,114626.99000000,114135.61000000,114302.70000000,494.80813000
2025-10-27 23:00:00,114302.69000000,114585.01000000,114059.40000000,114112.51000000,475.05268000
2025-10-28 00:00:00,114112.50000000,114226.23000000,113830.01000000,114107.65000000,715.22221000
2025-10-28 01:00:00,114107.65000000,114374.20000000,113788.32000000,113961.67000000,554.91770000
2025-10-28 02:00:00,113961.67000000,114547.20000000,113961.67000000,114424.76000000,485.50547000
2025-10-28 03:00:00,114424.76000000,114474.10000000,113569.91000000,113936.94000000,686.42190000
2025-10-28 04:00:00,113936.93000000,114109.86000000,113717.00000000,113908.24000000,457.29772000
2025-10-28 05:00:00,113908.25000000,114076.91000000,113761.71000000,113964.59000000,440.12507000
2025-10-28 06:00:00,113964.60000000,113981.73000000,113483.30000000,113605.31000000,628.71639000
2025-10-28 07:00:00,113605.32000000,114186.01000000,113605.32000000,114115.52000000,542.51916000
2025-10-28 08:00:00,114115.52000000,114364.99000000,114091.51000000,114188.37000000,579.31808000
2025-10-28 09:00:00,114188.38000000,114480.19000000,114113.30000000,114427.23000000,307.52828000
2025-10-28 10:00:00,114427.23000000,114634.46000000,114205.28000000,114528.60000000,373.30544000
2025-10-28 11:00:00,114528.61000000,114608.78000000,114429.78000000,114595.71000000,230.01260000
2025-10-28 12:00:00,114595.70000000,114673.68000000,114297.06000000,114357.73000000,326.08736000
2025-10-28 13:00:00,114357.72000000,114517.29000000,114138.06000000,114449.55000000,421.93096000
2025-10-28 14:00:00,114449.55000000,115522.91000000,114449.55000000,115522.90000000,1045.59275000
2025-10-28 15:00:00,115522.91000000,116086.00000000,114223.63000000,115068.17000000,1820.63839000
2025-10-28 16:00:00,115068.18000000,115425.84000000,114516.00000000,114641.38000000,720.35046000
2025-10-28 17:00:00,114641.38000000,115500.00000000,114530.00000000,115341.59000000,754.64859000
2025-10-28 18:00:00,115341.59000000,115591.41000000,115229.45000000,115290.00000000,436.86490000
2025-10-28 19:00:00,115289.99000000,115366.45000000,114642.94000000,115022.80000000,370.32321000
2025-10-28 20:00:00,115022.80000000,115075.08000000,113566.44000000,113689.99000000,1157.95866000
2025-10-28 21:00:00,113689.00000000,113703.32000000,112324.82000000,112808.05000000,1738.00789000
2025-10-28 22:00:00,112808.05000000,113225.53000000,112211.00000000,112994.40000000,726.23538000
2025-10-28 23:00:00,112994.41000000,113289.02000000,112838.81000000,113224.08000000,336.06989000
2025-10-29 00:00:00,113224.08000000,113224.08000000,112779.57000000,112898.45000000,383.04632000
2025-10-29 01:00:00,112898.44000000,112898.45000000,112442.87000000,112442.88000000,505.29871000
2025-10-29 02:00:00,112442.87000000,112975.75000000,112100.00000000,112500.03000000,916.66416000
2025-10-29 03:00:00,112500.03000000,112780.00000000,112414.47000000,112666.75000000,352.69724000
2025-10-29 04:00:00,112666.75000000,112666.75000000,112339.77000000,112523.49000000,301.56130000
2025-10-29 05:00:00,112523.49000000,112878.65000000,112505.58000000,112810.55000000,311.50456000
2025-10-29 06:00:00,112810.56000000,113379.00000000,112807.34000000,113039.10000000,640.93765000
2025-10-29 07:00:00,113039.09000000,113348.78000000,112976.93000000,113284.20000000,443.58086000
2025-10-29 08:00:00,113284.21000000,113577.90000000,113240.01000000,113577.90000000,640.61019000
2025-10-29 09:00:00,113577.90000000,113624.12000000,112956.00000000,113070.94000000,507.26681000
2025-10-29 10:00:00,113070.94000000,113105.08000000,112768.63000000,112974.44000000,659.57288000
2025-10-29 11:00:00,112974.44000000,113186.58000000,112732.91000000,112870.01000000,425.87130000
2025-10-29 12:00:00,112870.00000000,113240.72000000,112741.26000000,113132.36000000,378.28227000
2025-10-29 13:00:00,113132.35000000,113325.13000000,113050.01000000,113139.13000000,343.38468000
2025-10-29 14:00:00,113139.13000000,113643.73000000,112705.00000000,112873.07000000,1155.92441000
2025-10-29 15:00:00,112873.08000000,112916.00000000,112234.74000000,112488.44000000,1185.34226000
2025-10-29 16:00:00,112488.45000000,112564.31000000,111401.50000000,111509.74000000,1921.74476000
2025-10-29 17:00:00,111509.74000000,111523.32000000,110960.00000000,111106.35000000,1388.36304000
2025-10-29 18:00:00,111106.35000000,111922.44000000,111002.23000000,111883.49000000,811.18965000
2025-10-29 19:00:00,111883.50000000,112030.23000000,109200.00000000,110806.38000000,4372.18973000
2025-10-29 20:00:00,110806.38000000,111438.65000000,110157.03000000,110640.00000000,1170.09639000
2025-10-29 21:00:00,110640.00000000,111538.16000000,110403.28000000,111433.46000000,728.51015000
2025-10-29 22:00:00,111433.45000000,111800.00000000,111368.02000000,111617.26000000,405.07841000
2025-10-29 23:00:00,111617.26000000,111618.46000000,110949.68000000,111028.20000000,447.25113000
2025-10-30 00:00:00,111028.20000000,111077.76000000,109733.22000000,110021.29000000,1066.79122000
2025-10-30 01:00:00,110021.30000000,110583.86000000,109703.43000000,110559.48000000,649.59178000
2025-10-30 02:00:00,110559.48000000,110725.64000000,110257.77000000,110460.76000000,575.63954000
2025-10-30 03:00:00,110460.75000000,111011.99000000,110331.04000000,110985.92000000,488.21463000
2025-10-30 04:00:00,110985.93000000,110985.93000000,110538.68000000,110751.47000000,628.73987000
2025-10-30 05:00:00,110751.48000000,110761.43000000,107925.06000000,108575.27000000,3536.96505000
2025-10-30 06:00:00,108575.26000000,110434.58000000,108420.00000000,110248.29000000,1212.17428000
2025-10-30 07:00:00,110248.28000000,110964.09000000,109978.01000000,110768.01000000,1000.82897000
2025-10-30 08:00:00,110768.01000000,111592.00000000,110639.25000000,111366.72000000,831.79805000
2025-10-30 09:00:00,111366.72000000,111467.01000000,110681.22000000,110714.31000000,1187.21618000
2025-10-30 10:00:00,110714.31000000,110814.00000000,110125.17000000,110171.69000000,659.11121000
2025-10-30 11:00:00,110171.68000000,110231.92000000,109829.54000000,110105.75000000,573.15523000
2025-10-30 12:00:00,110105.75000000,110144.25000000,109692.30000000,109717.29000000,551.05951000
2025-10-30 13:00:00,109717.19000000,109777.93000000,108280.65000000,108387.86000000,1449.48653000
2025-10-30 14:00:00,108387.86000000,108728.54000000,107400.00000000,107627.16000000,2868.53704000
2025-10-30 15:00:00,107627.15000000,108374.21000000,107610.44000000,108285.54000000,1206.17345000
2025-10-30 16:00:00,108285.54000000,108350.44000000,107328.00000000,107711.56000000,1019.91386000
2025-10-30 17:00:00,107711.56000000,108214.85000000,107559.98000000,108144.57000000,667.54851000
2025-10-30 18:00:00,108144.58000000,108150.56000000,106801.00000000,107486.69000000,1492.47982000
2025-10-30 19:00:00,107486.69000000,107556.65000000,106791.78000000,106837.09000000,766.54153000
2025-10-30 20:00:00,106837.09000000,107158.62000000,106304.34000000,106536.39000000,1440.69222000
2025-10-30 21:00:00,106536.39000000,107652.00000000,106316.17000000,107510.91000000,1205.05225000
2025-10-30 22:00:00,107510.91000000,107950.00000000,107400.00000000,107907.68000000,846.16919000
2025-10-30 23:00:00,107907.67000000,107939.00000000,107472.00000000,107912.81000000,333.78851000
2025-10-31 00:00:00,107912.81000000,108334.53000000,107600.01000000,108322.88000000,797.95117000
2025-10-31 01:00:00,108322.87000000,109586.94000000,108275.28000000,109317.21000000,1084.42941000
2025-10-31 02:00:00,109317.21000000,110042.16000000,109180.00000000,109619.77000000,1402.71517000
2025-10-31 03:00:00,109619.77000000,109685.32000000,108565.26000000,108857.99000000,866.79172000
2025-10-31 04:00:00,108858.00000000,109324.40000000,108613.11000000,109227.86000000,820.34500000
2025-10-31 05:00:00,109227.87000000,110215.00000000,109114.88000000,110084.02000000,1133.07928000
2025-10-31 06:00:00,110084.02000000,110084.03000000,109691.92000000,109899.15000000,939.00824000
2025-10-31 07:00:00,109899.15000000,109968.71000000,109517.49000000,109650.00000000,532.21593000
2025-10-31 08:00:00,109650.00000000,109807.90000000,109266.58000000,109449.31000000,994.16577000
2025-10-31 09:00:00,109449.32000000,110100.00000000,109214.13000000,110062.44000000,719.63357000
2025-10-31 10:00:00,110062.45000000,110450.00000000,109807.89000000,109848.39000000,632.93862000
2025-10-31 11:00:00,109848.39000000,110117.32000000,109710.08000000,109819.20000000,375.06762000
2025-10-31 12:00:00,109819.21000000,110550.00000000,109461.53000000,110415.61000000,712.18313000
2025-10-31 13:00:00,110415.62000000,110681.00000000,109619.94000000,109653.19000000,904.10139000
2025-10-31 14:00:00,109653.20000000,110240.00000000,109366.91000000,110157.54000000,1164.32028000
2025-10-31 15:00:00,110157.54000000,111054.61000000,109590.46000000,110790.14000000,2487.24179000
2025-10-31 16:00:00,110790.14000000,111190.00000000,110132.02000000,110202.90000000,1557.65344000
2025-10-31 17:00:00,110202.90000000,110300.00000000,108671.25000000,108845.40000000,1222.91214000
2025-10-31 18:00:00,108845.40000000,109417.91000000,108635.00000000,109299.98000000,1008.03929000
2025-10-31 19:00:00,109299.98000000,109817.51000000,108974.76000000,109452.35000000,808.98594000
2025-10-31 20:00:00,109452.20000000,110237.66000000,109114.52000000,109828.78000000,824.47324000
2025-10-31 21:00:00,109828.78000000,109828.79000000,109438.12000000,109493.85000000,531.76370000
2025-10-31 22:00:00,109493.84000000,109750.00000000,109329.15000000,109558.48000000,331.78769000
2025-10-31 23:00:00,109558.48000000,109801.89000000,109483.66000000,109580.09000000,286.93529000
2025-11-01 00:00:00,109580.08000000,109683.31000000,109518.22000000,109608.01000000,177.41674000
2025-11-01 01:00:00,109608.01000000,109751.99000000,109394.81000000,109730.78000000,314.60723000
2025-11-01 02:00:00,109730.78000000,110048.00000000,109699.84000000,109734.11000000,205.95055000
2025-11-01 03:00:00,109734.10000000,109872.29000000,109478.09000000,109790.27000000,322.30901000
2025-11-01 04:00:00,109790.27000000,110315.54000000,109789.17000000,110226.37000000,486.66403000
2025-11-01 05:00:00,110226.38000000,110564.49000000,110109.58000000,110291.67000000,486.28878000
2025-11-01 06:00:00,110291.66000000,110382.87000000,110050.00000000,110140.79000000,231.47577000
2025-11-01 07:00:00,110140.78000000,110175.38000000,109933.86000000,110004.82000000,272.13630000
2025-11-01 08:00:00,110004.82000000,110251.67000000,109992.78000000,110071.40000000,284.01087000
2025-11-01 09:00:00,110071.40000000,110270.90000000,110071.40000000,110248.88000000,310.52873000
2025-11-01 10:00:00,110248.88000000,110254.55000000,109970.18000000,109991.29000000,350.98951000
2025-11-01 11:00:00,109991.29000000,110169.23000000,109854.72000000,110147.83000000,273.03449000
2025-11-01 12:00:00,110147.83000000,110238.78000000,110000.01000000,110137.59000000,193.43473000
2025-11-01 13:00:00,110137.59000000,110200.00000000,110000.01000000,110017.27000000,289.94506000
2025-11-01 14:00:00,110017.26000000,110054.96000000,109702.66000000,109946.27000000,273.80468000
2025-11-01 15:00:00,109946.26000000,109993.98000000,109728.94000000,109933.85000000,343.69011000
2025-11-01 16:00:00,109933.86000000,110348.00000000,109910.22000000,110310.65000000,619.56524000
2025-11-01 17:00:00,110310.65000000,110529.99000000,110208.49000000,110464.33000000,670.42039000
2025-11-01 18:00:00,110464.33000000,110495.04000000,110192.00000000,110208.97000000,297.51556000
2025-11-01 19:00:00,110208.96000000,110361.03000000,110193.43000000,110341.27000000,169.41416000
2025-11-01 20:00:00,110341.28000000,110341.28000000,110220.77000000,110299.99000000,109.98551000
2025-11-01 21:00:00,110300.00000000,110516.17000000,110298.17000000,110406.20000000,211.21273000
2025-11-01 22:00:00,110406.21000000,110426.00000000,109858.44000000,109862.85000000,273.04557000
2025-11-01 23:00:00,109862.85000000,110098.59000000,109862.84000000,110092.78000000,259.45939000
2025-11-02 00:00:00,110092.79000000,110144.49000000,109974.00000000,110098.10000000,129.01591000
2025-11-02 01:00:00,110098.10000000,110127.26000000,109895.27000000,109974.09000000,318.19118000
2025-11-02 02:00:00,109974.09000000,110091.36000000,109921.05000000,109978.01000000,159.66153000
2025-11-02 03:00:00,109978.01000000,110263.91000000,109879.39000000,110015.77000000,233.11834000
2025-11-02 04:00:00,110015.76000000,110086.82000000,109962.06000000,110053.23000000,145.30218000
2025-11-02 05:00:00,110053.22000000,110784.13000000,110030.06000000,110670.27000000,1380.24287000
2025-11-02 06:00:00,110670.27000000,110714.04000000,110274.65000000,110497.98000000,1261.57372000
2025-11-02 07:00:00,110497.98000000,110725.90000000,110274.90000000,110663.89000000,867.85040000
2025-11-02 08:00:00,110663.90000000,111045.09000000,110429.70000000,110895.53000000,919.53603000
2025-11-02 09:00:00,110895.53000000,111013.43000000,110716.52000000,110850.17000000,518.64490000
2025-11-02 10:00:00,110850.17000000,111037.94000000,110525.89000000,110714.00000000,566.42995000
2025-11-02 11:00:00,110714.00000000,110876.53000000,110346.15000000,110492.00000000,715.95933000
2025-11-02 12:00:00,110491.99000000,111229.78000000,110482.60000000,111196.99000000,627.26421000
2025-11-02 13:00:00,111196.99000000,111250.01000000,110678.25000000,110736.24000000,460.53292000
2025-11-02 14:00:00,110736.24000000,110766.79000000,110173.84000000,110568.65000000,420.28873000
2025-11-02 15:00:00,110568.65000000,110667.62000000,110202.16000000,110422.24000000,420.72705000
2025-11-02 16:00:00,110422.24000000,110566.86000000,110096.32000000,110117.48000000,387.83077000
2025-11-02 17:00:00,110117.49000000,110143.53000000,109735.59000000,110115.34000000,614.25585000
2025-11-02 18:00:00,110115.34000000,110263.91000000,110027.93000000,110190.40000000,215.89779000
2025-11-02 19:00:00,110190.41000000,110331.00000000,110174.33000000,110331.00000000,137.67403000
2025-11-02 20:00:00,110331.00000000,110331.00000000,109960.95000000,110180.84000000,217.64836000
2025-11-02 21:00:00,110180.85000000,110213.20000000,109890.34000000,110086.70000000,208.23814000
2025-11-02 22:00:00,110086.70000000,110126.94000000,109972.00000000,109990.90000000,196.61258000
2025-11-02 23:00:00,109990.91000000,110012.00000000,109471.34000000,109899.99000000,458.99057000
2025-11-03 00:00:00,109900.00000000,110742.26000000,109900.00000000,110540.68000000,654.52944000
2025-11-03 01:00:00,110540.69000000,110750.00000000,109757.10000000,109757.11000000,449.08984000
2025-11-03 02:00:00,109757.10000000,109910.33000000,109366.75000000,109665.50000000,905.23675000
2025-11-03 03:00:00,109665.50000000,109754.14000000,108666.66000000,109033.83000000,1088.01796000
2025-11-03 04:00:00,109033.84000000,109155.74000000,107907.44000000,107937.45000000,1524.18495000
2025-11-03 05:00:00,107937.45000000,107999.53000000,107480.13000000,107900.37000000,1058.54590000
2025-11-03 06:00:00,107900.37000000,108075.00000000,107400.00000000,107606.75000000,815.12463000
2025-11-03 07:00:00,107606.75000000,107714.05000000,107006.05000000,107494.23000000,1115.28935000
2025-11-03 08:00:00,107494.24000000,107832.45000000,107272.93000000,107468.23000000,874.56308000
2025-11-03 09:00:00,107468.23000000,107705.15000000,106888.00000000,107586.97000000,1033.44721000
2025-11-03 10:00:00,107586.98000000,107912.86000000,107083.33000000,107197.94000000,675.70561000
2025-11-03 11:00:00,107197.95000000,107621.06000000,106726.63000000,106974.99000000,987.39790000
2025-11-03 12:00:00,106974.99000000,107920.92000000,106963.00000000,107787.42000000,774.01269000
2025-11-03 13:00:00,107787.42000000,108265.44000000,107713.10000000,107768.90000000,742.62608000
2025-11-03 14:00:00,107768.91000000,108068.59000000,107574.77000000,107908.68000000,647.66063000
2025-11-03 15:00:00,107908.68000000,108333.00000000,107369.01000000,108059.99000000,919.91286000
2025-11-03 16:00:00,108060.00000000,108148.81000000,105511.00000000,105745.71000000,3853.95819000
2025-11-03 17:00:00,105745.71000000,106798.01000000,105306.56000000,106678.44000000,3622.24107000
2025-11-03 18:00:00,106678.43000000,107783.20000000,106536.11000000,107481.19000000,1563.75664000
2025-11-03 19:00:00,107481.20000000,107599.85000000,106813.00000000,106961.62000000,1651.54985000
2025-11-03 20:00:00,106961.61000000,107395.25000000,106455.23000000,107090.00000000,950.86728000
2025-11-03 21:00:00,107090.00000000,107169.68000000,106310.43000000,106657.55000000,850.20850000
2025-11-03 22:00:00,106657.55000000,107094.27000000,106088.73000000,106888.71000000,790.25915000
2025-11-03 23:00:00,106888.71000000,106888.71000000,105755.59000000,106489.95000000,1150.56648000
2025-11-04 00:00:00,106489.94000000,106750.00000000,106030.14000000,106583.04000000,636.96519000
2025-11-04 01:00:00,106583.05000000,106808.51000000,105852.37000000,106471.45000000,1195.65517000
2025-11-04 02:00:00,106471.45000000,107298.74000000,106277.46000000,107040.01000000,1133.99025000
2025-11-04 03:00:00,107040.00000000,107243.23000000,106477.10000000,106482.60000000,701.66328000
2025-11-04 04:00:00,106482.61000000,107233.83000000,106223.14000000,107158.79000000,1057.66983000
2025-11-04 05:00:00,107158.79000000,107299.00000000,106703.82000000,106750.14000000,745.43101000
2025-11-04 06:00:00,106750.14000000,106750.15000000,104200.00000000,104215.76000000,3268.35780000
2025-11-04 07:00:00,104215.76000000,105201.00000000,104200.00000000,104766.14000000,2382.47316000
2025-11-04 08:00:00,104766.14000000,104997.64000000,104317.56000000,104490.72000000,1633.60477000
2025-11-04 09:00:00,104490.73000000,104631.39000000,103759.99000000,104051.90000000,1804.04853000
2025-11-04 10:00:00,104051.90000000,104138.65000000,103636.00000000,103857.96000000,1455.72161000
2025-11-04 11:00:00,103857.96000000,104106.55000000,103605.00000000,103816.39000000,1073.24239000
2025-11-04 12:00:00,103816.39000000,104699.07000000,103774.33000000,104584.76000000,988.08793000
2025-11-04 13:00:00,104584.75000000,104638.29000000,103844.39000000,103952.54000000,1216.95881000
2025-11-04 14:00:00,103952.54000000,104243.67000000,103576.00000000,103924.25000000,1018.30395000
2025-11-04 15:00:00,103924.26000000,104694.28000000,102915.05000000,104500.01000000,2915.82303000
2025-11-04 16:00:00,104500.01000000,104842.63000000,103185.89000000,103197.01000000,2271.81312000
2025-11-04 17:00:00,103197.02000000,103500.05000000,102164.00000000,102257.70000000,3313.32683000
2025-11-04 18:00:00,102257.70000000,102257.70000000,100800.00000000,101114.83000000,4223.40802000
2025-11-04 19:00:00,101114.82000000,101492.74000000,100010.73000000,101363.98000000,4101.41064000
2025-11-04 20:00:00,101363.97000000,101711.84000000,100414.00000000,100542.64000000,1814.79036000
2025-11-04 21:00:00,100542.64000000,101119.40000000,99600.00000000,100755.43000000,4335.57159000
2025-11-04 22:00:00,100755.42000000,100831.49000000,98944.36000000,100311.46000000,4105.76650000
2025-11-04 23:00:00,100311.46000000,101893.09000000,100082.00000000,101295.71000000,2258.84809000
2025-11-05 00:00:00,101295.70000000,101740.00000000,100907.36000000,101497.22000000,1518.90709000
2025-11-05 01:00:00,101497.23000000,101752.96000000,100350.00000000,100564.30000000,1452.38181000
2025-11-05 02:00:00,100564.30000000,101015.01000000,98966.80000000,100761.62000000,3025.00486000
2025-11-05 03:00:00,100761.62000000,101922.98000000,100754.54000000,101677.93000000,3700.99085000
2025-11-05 04:00:00,101677.94000000,102272.23000000,101461.98000000,102130.00000000,2834.46709000
2025-11-05 05:00:00,102130.00000000,102236.92000000,101517.47000000,101998.30000000,2059.55564000
2025-11-05 06:00:00,101998.30000000,102370.00000000,101595.00000000,101824.89000000,1088.37371000
2025-11-05 07:00:00,101824.89000000,102139.36000000,101500.00000000,102119.99000000,869.66608000
2025-11-05 08:00:00,102120.00000000,102152.58000000,101601.71000000,101993.02000000,644.24535000
2025-11-05 09:00:00,101993.03000000,102000.02000000,101176.47000000,101699.74000000,1179.77273000
2025-11-05 10:00:00,101699.74000000,102203.48000000,101608.00000000,101995.29000000,785.11664000
2025-11-05 11:00:00,101995.28000000,101995.29000000,101285.09000000,101401.97000000,724.99165000
2025-11-05 12:00:00,101401.97000000,102110.48000000,101381.68000000,102070.61000000,887.62047000
2025-11-05 13:00:00,102070.62000000,102800.71000000,101916.77000000,102673.35000000,1241.26951000
2025-11-05 14:00:00,102673.34000000,103253.39000000,102291.82000000,102985.91000000,1451.58240000
2025-11-05 15:00:00,102985.90000000,103470.00000000,102169.06000000,103202.30000000,1801.60223000
2025-11-05 16:00:00,103202.30000000,103798.37000000,102829.51000000,103728.30000000,1851.46451000
2025-11-05 17:00:00,103728.30000000,104039.66000000,103057.56000000,103919.20000000,1677.80348000
2025-11-05 18:00:00,103919.20000000,104000.00000000,103388.46000000,103904.05000000,1795.89346000
2025-11-05 19:00:00,103904.05000000,104429.75000000,103759.53000000,104347.40000000,1222.46217000
2025-11-05 20:00:00,104347.41000000,104529.41000000,103986.96000000,104008.09000000,796.61274000
2025-11-05 21:00:00,104008.09000000,104534.74000000,103620.00000000,103831.22000000,881.47869000
2025-11-05 22:00:00,103831.22000000,103831.22000000,103500.80000000,103672.37000000,586.96502000
2025-11-05 23:00:00,103672.38000000,103798.95000000,103305.05000000,103706.55000000,686.44411000
2025-11-06 00:00:00,103706.55000000,104100.00000000,103667.26000000,103885.16000000,533.01051000
2025-11-06 01:00:00,103885.16000000,103897.86000000,103324.21000000,103677.72000000,1223.43533000
2025-11-06 02:00:00,103677.71000000,103677.72000000,102716.26000000,103365.65000000,1156.07343000
2025-11-06 03:00:00,103365.64000000,103567.93000000,102855.66000000,103321.81000000,711.05988000
2025-11-06 04:00:00,103321.80000000,103933.33000000,103315.48000000,103636.03000000,691.22573000
2025-11-06 05:00:00,103636.92000000,104200.00000000,103580.00000000,104030.79000000,671.34024000
2025-11-06 06:00:00,104030.80000000,104030.80000000,103088.00000000,103143.57000000,755.30818000
2025-11-06 07:00:00,103143.57000000,103591.47000000,103006.17000000,103318.75000000,555.63033000
2025-11-06 08:00:00,103318.76000000,103561.94000000,102910.66000000,103185.48000000,988.58677000
2025-11-06 09:00:00,103184.75000000,103440.00000000,102971.99000000,103200.26000000,647.13062000
2025-11-06 10:00:00,103200.26000000,103261.93000000,102810.00000000,102810.01000000,536.64925000
2025-11-06 11:00:00,102810.01000000,103288.59000000,102651.63000000,103122.54000000,932.94397000
2025-11-06 12:00:00,103122.54000000,103300.01000000,102743.82000000,103227.58000000,540.52931000
2025-11-06 13:00:00,103227.59000000,103333.18000000,102383.64000000,102552.38000000,1051.14565000
2025-11-06 14:00:00,102552.39000000,103626.46000000,102552.38000000,103319.71000000,941.18298000
2025-11-06 15:00:00,103319.71000000,103579.68000000,102044.63000000,102125.00000000,1661.00797000
2025-11-06 16:00:00,102124.99000000,102932.94000000,101630.00000000,102014.48000000,3027.20967000
2025-11-06 17:00:00,102014.49000000,102393.51000000,100300.95000000,100867.20000000,3035.72721000
2025-11-06 18:00:00,100867.19000000,101946.31000000,100770.57000000,101804.01000000,1310.77048000
2025-11-06 19:00:00,101804.02000000,102338.00000000,100916.74000000,101722.13000000,956.16247000
2025-11-06 20:00:00,101722.12000000,101999.44000000,101202.73000000,101388.81000000,756.60374000
2025-11-06 21:00:00,101388.82000000,101643.28000000,100638.55000000,100914.11000000,812.36283000
2025-11-06 22:00:00,100914.11000000,101220.90000000,100541.17000000,101117.17000000,938.29195000
2025-11-06 23:00:00,101117.17000000,101480.00000000,101009.70000000,101415.05000000,639.89634000
2025-11-07 00:00:00,101415.05000000,101538.00000000,101132.60000000,101346.04000000,1274.34706000
2025-11-07 01:00:00,101346.04000000,101640.00000000,100749.94000000,101479.78000000,823.54705000
2025-11-07 02:00:00,101479.79000000,101894.83000000,100905.10000000,101538.96000000,1095.04627000
2025-11-07 03:00:00,101538.96000000,101928.99000000,101242.79000000,101905.11000000,779.48744000
2025-11-07 04:00:00,101905.12000000,102500.00000000,101876.03000000,101916.29000000,1267.53296000
2025-11-07 05:00:00,101916.30000000,102100.25000000,101582.92000000,102027.19000000,798.08441000
2025-11-07 06:00:00,102027.20000000,102527.00000000,102024.75000000,102447.47000000,701.21696000
2025-11-07 07:00:00,102447.48000000,102496.00000000,101819.10000000,101819.10000000,469.88373000
2025-11-07 08:00:00,101819.11000000,102010.00000000,101638.43000000,102010.00000000,1093.42589000
2025-11-07 09:00:00,102009.99000000,102050.00000000,101438.39000000,101496.18000000,817.45963000
2025-11-07 10:00:00,101496.18000000,101512.51000000,100775.65000000,101013.66000000,1382.92001000
2025-11-07 11:00:00,101013.67000000,101250.03000000,100564.43000000,100770.85000000,1279.53134000
2025-11-07 12:00:00,100770.85000000,100796.86000000,99803.58000000,100411.89000000,3120.50016000
2025-11-07 13:00:00,100411.89000000,100625.00000000,99260.86000000,99638.28000000,1799.68202000
2025-11-07 14:00:00,99638.29000000,100579.72000000,99455.10000000,100347.35000000,1635.46609000
2025-11-07 15:00:00,100347.35000000,100922.78000000,99519.32000000,100806.08000000,2597.13075000
2025-11-07 16:00:00,100806.70000000,101253.99000000,100353.45000000,100797.95000000,2600.73788000
2025-11-07 17:00:00,100797.95000000,101628.43000000,100517.06000000,101169.20000000,1975.20246000
2025-11-07 18:00:00,101169.19000000,102736.84000000,100942.73000000,102397.12000000,2091.96075000
2025-11-07 19:00:00,102397.13000000,102859.99000000,102282.20000000,102609.46000000,1585.11088000
2025-11-07 20:00:00,102609.46000000,103395.25000000,102481.75000000,103395.25000000,1184.29403000
2025-11-07 21:00:00,103395.92000000,103900.00000000,102958.00000000,103783.09000000,970.62813000
2025-11-07 22:00:00,103783.08000000,103879.23000000,103311.33000000,103879.23000000,743.31566000
2025-11-07 23:00:00,103879.22000000,104096.36000000,103595.38000000,103633.03000000,736.65333000
2025-11-08 00:00:00,103633.04000000,103759.36000000,103329.79000000,103339.08000000,510.69159000
2025-11-08 01:00:00,103339.09000000,103406.22000000,102539.49000000,102713.15000000,877.26495000
2025-11-08 02:00:00,102713.15000000,103240.32000000,102662.25000000,102996.84000000,498.24095000
2025-11-08 03:00:00,102996.85000000,103333.33000000,102766.31000000,102846.65000000,494.72835000
2025-11-08 04:00:00,102846.66000000,103293.21000000,102592.75000000,102592.76000000,531.57226000
2025-11-08 05:00:00,102592.76000000,102836.00000000,102409.52000000,102565.03000000,602.92361000
2025-11-08 06:00:00,102565.03000000,102733.83000000,102272.66000000,102304.00000000,396.06427000
2025-11-08 07:00:00,102304.01000000,102519.03000000,102092.26000000,102215.62000000,590.77493000
2025-11-08 08:00:00,102215.63000000,102399.88000000,101902.64000000,102352.96000000,452.19970000
2025-11-08 09:00:00,102352.96000000,102687.72000000,102156.36000000,102431.74000000,470.18368000
2025-11-08 10:00:00,102431.74000000,102615.53000000,102225.52000000,102399.46000000,359.62626000
2025-11-08 11:00:00,102399.45000000,102575.35000000,102310.00000000,102480.04000000,301.03917000
2025-11-08 12:00:00,102480.04000000,102630.14000000,101715.76000000,101857.10000000,707.36146000
2025-11-08 13:00:00,101857.10000000,102108.00000000,101731.19000000,102065.14000000,439.24627000
2025-11-08 14:00:00,102065.14000000,102186.99000000,101720.67000000,101804.63000000,952.83284000
2025-11-08 15:00:00,101804.62000000,102083.67000000,101454.00000000,101827.19000000,1159.38189000
2025-11-08 16:00:00,101827.19000000,101954.00000000,101500.00000000,101711.45000000,511.67056000
2025-11-08 17:00:00,101711.46000000,101963.66000000,101525.98000000,101850.22000000,502.57143000
2025-11-08 18:00:00,101850.23000000,102003.57000000,101549.85000000,101994.52000000,479.97599000
2025-11-08 19:00:00,101994.53000000,102219.39000000,101824.86000000,102139.53000000,766.44634000
2025-11-08 20:00:00,102139.52000000,102186.87000000,101522.08000000,101989.65000000,371.41335000
2025-11-08 21:00:00,101989.65000000,102172.35000000,101957.94000000,102068.06000000,206.62460000
2025-11-08 22:00:00,102068.06000000,102367.72000000,102028.62000000,102272.81000000,234.42240000
2025-11-08 23:00:00,102272.82000000,102426.12000000,102171.73000000,102377.46000000,249.46029000
2025-11-09 00:00:00,102377.46000000,102482.20000000,102276.82000000,102312.94000000,234.75430000
2025-11-09 01:00:00,102312.95000000,102337.89000000,101620.23000000,101797.74000000,616.42627000
2025-11-09 02:00:00,101797.74000000,102100.00000000,101686.72000000,102045.07000000,373.40232000
2025-11-09 03:00:00,102045.07000000,102045.07000000,101568.41000000,101633.25000000,398.65792000
2025-11-09 04:00:00,101633.25000000,101817.20000000,101400.00000000,101662.05000000,767.84962000
2025-11-09 05:00:00,101662.05000000,102130.61000000,101635.96000000,101724.91000000,378.19223000
2025-11-09 06:00:00,101724.90000000,102028.07000000,101680.02000000,101928.54000000,291.74297000
2025-11-09 07:00:00,101928.54000000,101980.00000000,101712.17000000,101752.83000000,213.04181000
2025-11-09 08:00:00,101752.83000000,101972.90000000,101681.75000000,101944.59000000,218.68631000
2025-11-09 09:00:00,101944.60000000,102048.15000000,101813.73000000,101972.94000000,216.75810000
2025-11-09 10:00:00,101972.94000000,102127.26000000,101631.62000000,101657.46000000,411.11856000
2025-11-09 11:00:00,101657.46000000,101918.00000000,101500.00000000,101876.36000000,695.12490000
2025-11-09 12:00:00,101876.36000000,102307.68000000,101876.35000000,102239.41000000,502.56822000
2025-11-09 13:00:00,102239.41000000,102425.19000000,102050.64000000,102086.90000000,522.32408000
2025-11-09 14:00:00,102086.91000000,102997.38000000,102067.09000000,102911.39000000,788.58745000
2025-11-09 15:00:00,102911.40000000,104041.25000000,102769.99000000,103037.90000000,2232.81061000
2025-11-09 16:00:00,103037.90000000,104168.00000000,102972.55000000,103762.17000000,1143.92670000
2025-11-09 17:00:00,103762.18000000,103900.53000000,103316.23000000,103845.04000000,741.52049000
2025-11-09 18:00:00,103845.04000000,103964.81000000,103329.49000000,103637.57000000,460.77714000
2025-11-09 19:00:00,103637.58000000,104591.32000000,103520.00000000,104512.65000000,773.02957000
2025-11-09 20:00:00,104512.66000000,104805.57000000,104153.84000000,104805.57000000,849.18697000
2025-11-09 21:00:00,104805.57000000,105061.08000000,104414.40000000,104633.12000000,700.89351000
2025-11-09 22:00:00,104633.13000000,104845.16000000,104314.89000000,104528.82000000,475.91997000
2025-11-09 23:00:00,104528.82000000,104819.99000000,104058.59000000,104732.48000000,1344.74595000
2025-11-10 00:00:00,104732.47000000,105495.62000000,104533.24000000,104722.96000000,1221.67929000
2025-11-10 01:00:00,104722.95000000,106525.00000000,104265.02000000,106314.96000000,2711.00239000
2025-11-10 02:00:00,106314.96000000,106670.11000000,105698.94000000,105699.99000000,2166.65056000
2025-11-10 03:00:00,105700.00000000,106054.26000000,105556.68000000,106006.69000000,775.83999000
2025-11-10 04:00:00,106006.70000000,106291.43000000,105843.22000000,106027.97000000,847.84998000
2025-11-10 05:00:00,106027.97000000,106300.01000000,105846.26000000,106153.14000000,677.49361000
2025-11-10 06:00:00,106153.14000000,106473.73000000,106000.00000000,106100.00000000,619.39822000
2025-11-10 07:00:00,106100.00000000,106311.90000000,105963.30000000,106221.88000000,531.36548000
2025-11-10 08:00:00,106221.89000000,106539.40000000,106156.70000000,106461.45000000,855.88178000
2025-11-10 09:00:00,106461.46000000,106554.00000000,105900.00000000,105965.46000000,758.17354000
2025-11-10 10:00:00,105965.46000000,106599.47000000,105836.00000000,106440.00000000,736.84126000
2025-11-10 11:00:00,106440.00000000,106454.73000000,105962.15000000,105995.26000000,470.32569000
2025-11-10 12:00:00,105995.26000000,106321.16000000,105955.29000000,106176.50000000,391.10179000
2025-11-10 13:00:00,106176.50000000,106216.00000000,105868.00000000,105944.17000000,656.39469000
2025-11-10 14:00:00,105944.17000000,106589.89000000,105923.57000000,106548.02000000,785.48627000
2025-11-10 15:00:00,106548.02000000,106548.02000000,104681.90000000,104898.15000000,1937.55608000
2025-11-10 16:00:00,104898.15000000,105628.00000000,104667.00000000,105079.99000000,2341.34370000
2025-11-10 17:00:00,105079.99000000,105352.86000000,104784.36000000,105242.05000000,1018.54158000
2025-11-10 18:00:00,105242.04000000,105981.79000000,105189.01000000,105953.10000000,695.86986000
2025-11-10 19:00:00,105953.10000000,106094.31000000,105478.00000000,105478.00000000,580.04807000
2025-11-10 20:00:00,105478.00000000,106042.46000000,105408.00000000,105817.99000000,461.94988000
2025-11-10 21:00:00,105818.00000000,106299.22000000,105802.35000000,106010.73000000,635.97915000
2025-11-10 22:00:00,106010.74000000,106021.35000000,105280.00000000,105631.27000000,1140.24521000
2025-11-10 23:00:00,105631.26000000,106144.94000000,105364.68000000,106062.80000000,418.65674000
2025-11-11 00:00:00,106062.81000000,106275.16000000,105893.36000000,106011.13000000,468.26121000
2025-11-11 01:00:00,106011.13000000,106139.84000000,105500.00000000,106139.83000000,562.07527000
2025-11-11 02:00:00,106139.82000000,107500.00000000,106026.79000000,106110.36000000,1869.15910000
2025-11-11 03:00:00,106110.36000000,107130.00000000,105610.00000000,106655.02000000,1751.73895000
2025-11-11 04:00:00,106655.02000000,107100.00000000,106363.04000000,106456.00000000,752.05430000
2025-11-11 05:00:00,106456.00000000,106546.00000000,105714.24000000,105755.32000000,640.19881000
2025-11-11 06:00:00,105755.33000000,105758.88000000,105166.66000000,105249.35000000,774.38555000
2025-11-11 07:00:00,105249.35000000,105345.68000000,104888.00000000,105261.27000000,1146.86686000
2025-11-11 08:00:00,105261.28000000,105327.75000000,104741.20000000,104783.98000000,754.78302000
2025-11-11 09:00:00,104783.99000000,105284.69000000,104762.23000000,105157.80000000,509.99239000
2025-11-11 10:00:00,105157.80000000,105485.71000000,104909.74000000,104971.63000000,505.20070000
2025-11-11 11:00:00,104971.62000000,105237.16000000,104920.25000000,105176.38000000,417.15368000
2025-11-11 12:00:00,105176.39000000,105497.99000000,105145.47000000,105311.90000000,372.28222000
2025-11-11 13:00:00,105311.90000000,105500.00000000,104349.26000000,104530.83000000,2106.11964000
2025-11-11 14:00:00,104530.83000000,104706.09000000,104022.92000000,104390.92000000,3314.65247000
2025-11-11 15:00:00,104390.93000000,104665.67000000,103840.91000000,104560.16000000,1215.16933000
2025-11-11 16:00:00,104560.15000000,104560.15000000,103170.33000000,103455.99000000,2215.12756000
2025-11-11 17:00:00,103455.99000000,103730.00000000,103206.10000000,103399.43000000,664.19158000
2025-11-11 18:00:00,103399.42000000,103637.27000000,102840.22000000,103338.99000000,917.43867000
2025-11-11 19:00:00,103338.99000000,103572.37000000,103059.52000000,103401.07000000,487.03154000
2025-11-11 20:00:00,103401.07000000,103453.07000000,102861.72000000,103126.39000000,479.29730000
2025-11-11 21:00:00,103126.39000000,103224.29000000,102658.36000000,102809.27000000,742.04221000
2025-11-11 22:00:00,102809.27000000,103090.69000000,102476.09000000,102633.92000000,796.94775000
2025-11-11 23:00:00,102633.92000000,103150.02000000,102503.00000000,103000.01000000,652.65633000
2025-11-12 00:00:00,103000.02000000,103209.13000000,102800.01000000,103058.99000000,549.94195000
2025-11-12 01:00:00,103059.00000000,103340.59000000,102812.64000000,102885.99000000,598.51997000
2025-11-12 02:00:00,102886.00000000,103394.01000000,102687.72000000,103254.64000000,999.58610000
2025-11-12 03:00:00,103254.63000000,103413.09000000,102939.85000000,103151.66000000,705.65849000
2025-11-12 04:00:00,103151.66000000,103440.96000000,103092.50000000,103310.00000000,368.29105000
2025-11-12 05:00:00,103310.00000000,103456.82000000,103011.00000000,103246.87000000,320.89726000
2025-11-12 06:00:00,103246.87000000,103467.20000000,103230.00000000,103385.30000000,465.38371000
2025-11-12 07:00:00,103385.31000000,103654.38000000,103354.34000000,103366.97000000,689.47040000
2025-11-12 08:00:00,103366.98000000,103534.98000000,103051.59000000,103112.66000000,689.87309000
2025-11-12 09:00:00,103112.65000000,104228.90000000,103112.24000000,104147.24000000,1064.00216000
2025-11-12 10:00:00,104147.25000000,105079.31000000,104145.98000000,104521.56000000,1348.44138000
2025-11-12 11:00:00,104521.56000000,105038.59000000,104510.50000000,104899.99000000,611.04736000
2025-11-12 12:00:00,104900.00000000,105200.00000000,104746.85000000,105020.83000000,520.21601000
2025-11-12 13:00:00,105020.82000000,105333.33000000,104821.00000000,104993.74000000,538.28345000
2025-11-12 14:00:00,104993.74000000,105187.13000000,104622.43000000,105039.99000000,652.43577000
2025-11-12 15:00:00,105039.99000000,105039.99000000,103604.57000000,103990.40000000,1426.89556000
2025-11-12 16:00:00,103990.39000000,104299.98000000,101961.97000000,102173.51000000,2574.38835000
2025-11-12 17:00:00,102173.51000000,102285.18000000,101300.00000000,101442.61000000,2365.20417000
2025-11-12 18:00:00,101442.62000000,102167.17000000,101397.74000000,101748.02000000,903.07839000
2025-11-12 19:00:00,101748.01000000,101947.88000000,101416.69000000,101542.17000000,626.06370000
2025-11-12 20:00:00,101542.18000000,101569.66000000,100813.59000000,101297.31000000,974.91965000
2025-11-12 21:00:00,101297.31000000,101846.15000000,101141.03000000,101539.01000000,677.73830000
2025-11-12 22:00:00,101539.01000000,101920.48000000,101520.41000000,101920.47000000,419.00665000
2025-11-12 23:00:00,101920.48000000,101994.12000000,101448.82000000,101978.96000000,401.25193000
2025-11-13 00:00:00,101978.95000000,101999.35000000,101465.77000000,101654.37000000,516.98616000
2025-11-13 01:00:00,101654.37000000,102042.77000000,101467.15000000,101854.58000000,477.36249000
2025-11-13 02:00:00,101854.58000000,102604.00000000,101838.00000000,102007.00000000,1311.97773000
2025-11-13 03:00:00,102006.99000000,102338.42000000,101972.39000000,102064.41000000,358.95316000
2025-11-13 04:00:00,102064.41000000,102566.93000000,100922.55000000,102130.21000000,1438.17883000
2025-11-13 05:00:00,102130.21000000,102406.39000000,101665.59000000,102120.00000000,873.51911000
2025-11-13 06:00:00,102120.00000000,103400.00000000,101772.52000000,103135.84000000,893.66042000
2025-11-13 07:00:00,103136.00000000,103679.00000000,102914.39000000,103590.74000000,1230.29564000
2025-11-13 08:00:00,103590.74000000,104085.01000000,103315.16000000,103475.66000000,1328.34761000
2025-11-13 09:00:00,103475.66000000,103811.49000000,103275.02000000,103684.06000000,901.73611000
2025-11-13 10:00:00,103684.07000000,103740.00000000,102553.63000000,102827.00000000,1334.94774000
2025-11-13 11:00:00,102827.00000000,103289.89000000,102774.75000000,102991.22000000,491.21571000
2025-11-13 12:00:00,102991.23000000,103148.57000000,102711.53000000,102936.50000000,410.73987000
2025-11-13 13:00:00,102936.49000000,103274.93000000,102735.31000000,103143.45000000,597.28173000
2025-11-13 14:00:00,103143.46000000,103162.41000000,102150.00000000,102326.48000000,1187.69713000
2025-11-13 15:00:00,102326.48000000,103483.83000000,101699.91000000,102873.14000000,2405.05801000
2025-11-13 16:00:00,102873.14000000,102999.98000000,101184.14000000,101382.64000000,2074.39590000
2025-11-13 17:00:00,101382.63000000,101540.93000000,100550.00000000,100633.13000000,2664.17181000
2025-11-13 18:00:00,100633.13000000,100820.49000000,99608.98000000,99659.99000000,3368.62722000
2025-11-13 19:00:00,99659.99000000,99922.00000000,98147.40000000,98591.78000000,4579.03994000
2025-11-13 20:00:00,98591.78000000,99295.02000000,98314.39000000,98682.14000000,2309.24180000
2025-11-13 21:00:00,98682.13000000,99031.76000000,98000.40000000,98162.11000000,2424.57218000
2025-11-13 22:00:00,98162.11000000,98905.45000000,98021.00000000,98817.36000000,1018.69866000
2025-11-13 23:00:00,98817.35000000,99937.99000000,98701.88000000,99851.82000000,1303.27918000
2025-11-14 00:00:00,99851.83000000,100501.31000000,99569.99000000,99692.02000000,1215.50973000
2025-11-14 01:00:00,99692.03000000,99778.00000000,98726.64000000,98973.95000000,1748.76850000
2025-11-14 02:00:00,98973.95000000,99555.33000000,98700.00000000,99255.60000000,2292.50283000
2025-11-14 03:00:00,99255.60000000,99866.02000000,99246.00000000,99620.00000000,967.49149000
2025-11-14 04:00:00,99620.01000000,99649.87000000,98805.23000000,99139.38000000,831.05287000
2025-11-14 05:00:00,99139.38000000,99178.58000000,96712.12000000,97823.98000000,3850.84747000
2025-11-14 06:00:00,97823.97000000,98037.39000000,97020.49000000,97523.98000000,2096.22294000
2025-11-14 07:00:00,97523.98000000,97616.50000000,95933.75000000,97569.13000000,2909.03600000
2025-11-14 08:00:00,97569.13000000,97742.85000000,96783.47000000,97151.98000000,2260.62551000
2025-11-14 09:00:00,97151.97000000,97476.84000000,96787.99000000,97377.41000000,1591.93158000
2025-11-14 10:00:00,97377.41000000,97553.70000000,96681.63000000,96839.93000000,1043.46142000
2025-11-14 11:00:00,96839.94000000,97286.92000000,96668.73000000,96752.20000000,688.27736000
2025-11-14 12:00:00,96752.19000000,96945.61000000,95711.00000000,96167.44000000,1931.93096000
2025-11-14 13:00:00,96167.45000000,96167.45000000,94560.48000000,95350.75000000,4859.43942000
2025-11-14 14:00:00,95350.76000000,95695.83000000,94571.10000000,95243.95000000,3578.96625000
2025-11-14 15:00:00,95243.95000000,96801.53000000,94951.43000000,96542.38000000,3587.32924000
2025-11-14 16:00:00,96542.38000000,97322.35000000,95868.40000000,96796.14000000,2286.98587000
2025-11-14 17:00:00,96796.14000000,97411.11000000,96271.34000000,97011.22000000,1610.29675000
2025-11-14 18:00:00,97011.22000000,97128.45000000,95600.00000000,95842.56000000,1417.43832000
2025-11-14 19:00:00,95842.57000000,96329.58000000,95000.00000000,95075.53000000,1363.43718000
2025-11-14 20:00:00,95075.53000000,95920.00000000,94800.55000000,95778.29000000,1214.47277000
2025-11-14 21:00:00,95778.30000000,95940.00000000,94201.77000000,94377.47000000,1917.84937000
2025-11-14 22:00:00,94377.46000000,95172.95000000,94231.78000000,95059.47000000,927.53739000
2025-11-14 23:00:00,95059.46000000,95482.74000000,94700.00000000,95179.99000000,990.87669000
2025-11-15 00:00:00,95179.99000000,95179.99000000,94012.45000000,94594.00000000,1321.36663000
2025-11-15 01:00:00,94594.00000000,95414.00000000,94558.49000000,95149.35000000,1050.81596000
2025-11-15 02:00:00,95149.35000000,95800.00000000,94750.77000000,95650.17000000,946.56569000
2025-11-15 03:00:00,95650.17000000,96484.50000000,95395.08000000,96482.77000000,971.87658000
2025-11-15 04:00:00,96482.78000000,96846.68000000,96132.00000000,96417.12000000,1407.53254000
2025-11-15 05:00:00,96417.12000000,96520.00000000,95921.21000000,96112.14000000,541.00804000
2025-11-15 06:00:00,96112.14000000,96435.39000000,95977.02000000,96342.18000000,712.44846000
2025-11-15 07:00:00,96342.18000000,96570.65000000,95958.22000000,96121.27000000,672.46070000
2025-11-15 08:00:00,96121.27000000,96372.68000000,95947.68000000,96333.86000000,618.02642000
2025-11-15 09:00:00,96333.87000000,96350.52000000,95642.61000000,95910.88000000,987.30061000
2025-11-15 10:00:00,95910.87000000,96150.99000000,95649.99000000,95808.44000000,655.00121000
2025-11-15 11:00:00,95808.44000000,96064.49000000,95689.38000000,95952.13000000,382.53531000
2025-11-15 12:00:00,95952.13000000,95985.64000000,95630.00000000,95696.87000000,311.38925000
2025-11-15 13:00:00,95696.86000000,95876.90000000,95565.17000000,95814.08000000,313.88372000
2025-11-15 14:00:00,95814.08000000,96372.99000000,95728.13000000,96370.16000000,815.44172000
2025-11-15 15:00:00,96370.17000000,96471.22000000,96013.58000000,96254.25000000,493.86496000
2025-11-15 16:00:00,96254.26000000,96425.85000000,96114.70000000,96260.00000000,364.09538000
2025-11-15 17:00:00,96259.99000000,96337.82000000,95731.32000000,96162.84000000,652.31588000
2025-11-15 18:00:00,96162.84000000,96419.65000000,95849.90000000,96238.50000000,647.76319000
2025-11-15 19:00:00,96238.51000000,96349.86000000,95960.34000000,96052.99000000,388.88122000
2025-11-15 20:00:00,96052.99000000,96152.98000000,95920.94000000,96012.01000000,191.69202000
2025-11-15 21:00:00,96012.01000000,96012.01000000,95119.94000000,95277.52000000,940.18711000
2025-11-15 22:00:00,95277.51000000,95672.00000000,95125.29000000,95279.99000000,458.06338000
2025-11-15 23:00:00,95280.00000000,95660.00000000,95225.78000000,95619.62000000,347.97795000
2025-11-16 00:00:00,95619.63000000,95694.01000000,95493.96000000,95596.24000000,239.76661000
2025-11-16 01:00:00,95596.23000000,95704.81000000,95205.74000000,95362.00000000,304.87252000
2025-11-16 02:00:00,95362.01000000,95493.97000000,94841.62000000,95276.62000000,713.63073000
2025-11-16 03:00:00,95276.61000000,95969.98000000,95094.31000000,95963.88000000,557.05695000
2025-11-16 04:00:00,95963.89000000,95979.79000000,95630.22000000,95825.02000000,321.10986000
2025-11-16 05:00:00,95825.02000000,95928.88000000,95650.72000000,95821.79000000,349.88402000
2025-11-16 06:00:00,95821.80000000,96192.00000000,95813.51000000,95881.82000000,391.55568000
2025-11-16 07:00:00,95881.83000000,96043.64000000,95754.00000000,95813.53000000,200.18257000
2025-11-16 08:00:00,95813.52000000,96100.00000000,95721.68000000,96099.99000000,337.71705000
2025-11-16 09:00:00,96099.98000000,96238.00000000,95859.35000000,96116.94000000,378.10619000
2025-11-16 10:00:00,96116.93000000,96635.11000000,95936.00000000,96629.75000000,611.90526000
2025-11-16 11:00:00,96629.74000000,96629.74000000,96375.05000000,96444.71000000,575.34123000
2025-11-16 12:00:00,96444.71000000,96446.94000000,95500.00000000,95627.13000000,1020.02786000
2025-11-16 13:00:00,95627.13000000,95900.00000000,95436.46000000,95743.90000000,547.95591000
2025-11-16 14:00:00,95743.90000000,95846.14000000,95117.48000000,95420.44000000,561.73436000
2025-11-16 15:00:00,95420.44000000,95673.90000000,95303.60000000,95531.13000000,396.85356000
2025-11-16 16:00:00,95531.13000000,95555.00000000,94368.24000000,94573.46000000,1039.77491000
2025-11-16 17:00:00,94573.46000000,94945.52000000,94022.89000000,94224.47000000,2545.47537000
2025-11-16 18:00:00,94224.47000000,94540.64000000,93770.48000000,94357.67000000,2214.01710000
2025-11-16 19:00:00,94357.66000000,95567.79000000,93775.81000000,94049.64000000,3256.09450000
2025-11-16 20:00:00,94049.63000000,94600.00000000,93941.00000000,94020.00000000,1029.66678000
2025-11-16 21:00:00,94020.49000000,94739.74000000,93951.40000000,94090.00000000,563.82548000
2025-11-16 22:00:00,94090.01000000,94212.78000000,93369.00000000,93505.22000000,1731.40126000
2025-11-16 23:00:00,93505.23000000,94500.00000000,93005.55000000,94183.36000000,1764.45299000
2025-11-17 00:00:00,94183.36000000,94540.00000000,93020.01000000,94261.44000000,2476.76296000
2025-11-17 01:00:00,94261.45000000,95375.60000000,93767.27000000,95290.01000000,1716.89838000
2025-11-17 02:00:00,95290.01000000,95487.80000000,94722.21000000,94768.02000000,912.36086000
2025-11-17 03:00:00,94768.02000000,95409.32000000,94707.82000000,94976.18000000,781.92776000
2025-11-17 04:00:00,94976.17000000,95559.99000000,94968.72000000,95496.77000000,713.35025000
2025-11-17 05:00:00,95496.77000000,95575.94000000,94849.37000000,95096.74000000,1622.50542000
2025-11-17 06:00:00,95096.73000000,95265.01000000,94900.00000000,95122.76000000,574.08695000
2025-11-17 07:00:00,95122.77000000,95333.99000000,94900.00000000,95282.36000000,495.05249000
2025-11-17 08:00:00,95282.37000000,95880.00000000,95203.80000000,95653.77000000,1148.20170000
2025-11-17 09:00:00,95653.78000000,96026.71000000,95532.02000000,95619.06000000,1082.17947000
2025-11-17 10:00:00,95619.07000000,95868.99000000,95309.68000000,95656.21000000,907.38215000
2025-11-17 11:00:00,95656.20000000,95891.59000000,95545.10000000,95651.70000000,499.57874000
2025-11-17 12:00:00,95651.70000000,95938.36000000,95369.98000000,95565.38000000,926.51906000
2025-11-17 13:00:00,95565.38000000,95571.30000000,95250.58000000,95312.23000000,545.81467000
2025-11-17 14:00:00,95312.24000000,95370.89000000,93571.30000000,93959.79000000,2495.70008000
2025-11-17 15:00:00,93959.78000000,96043.00000000,93755.22000000,94769.32000000,3177.03036000
2025-11-17 16:00:00,94769.33000000,95018.86000000,93806.37000000,93959.67000000,1867.09141000
2025-11-17 17:00:00,93959.68000000,94419.88000000,93051.71000000,94306.00000000,2847.04335000
2025-11-17 18:00:00,94306.01000000,94394.80000000,92658.82000000,92767.49000000,2184.47626000
2025-11-17 19:00:00,92767.48000000,93224.35000000,92413.31000000,92549.01000000,2978.32313000
2025-11-17 20:00:00,92549.02000000,92653.97000000,91588.00000000,91678.93000000,3690.73308000
2025-11-17 21:00:00,91678.93000000,92234.53000000,91292.00000000,91920.59000000,3249.24836000
2025-11-17 22:00:00,91914.01000000,92253.72000000,91500.00000000,91959.71000000,1866.20530000
2025-11-17 23:00:00,91959.72000000,92399.48000000,91220.00000000,92247.63000000,1469.82034000
2025-11-18 00:00:00,92247.64000000,92294.15000000,91793.90000000,92215.14000000,1467.06849000
2025-11-18 01:00:00,92215.14000000,92357.51000000,91200.00000000,92169.86000000,1831.22552000
2025-11-18 02:00:00,92169.86000000,92221.01000000,91624.50000000,91714.29000000,1663.24084000
2025-11-18 03:00:00,91714.29000000,91750.00000000,90687.42000000,90866.01000000,2546.69077000
2025-11-18 04:00:00,90866.01000000,90927.69000000,89700.00000000,90842.72000000,4606.07848000
2025-11-18 05:00:00,90842.72000000,90851.66000000,89253.78000000,90081.90000000,3350.00605000
2025-11-18 06:00:00,90081.90000000,90469.14000000,89719.63000000,90221.33000000,1575.65404000
2025-11-18 07:00:00,90221.33000000,90233.16000000,89371.12000000,89651.30000000,1335.95745000
2025-11-18 08:00:00,89651.29000000,90555.88000000,89337.39000000,90512.10000000,2766.44981000
2025-11-18 09:00:00,90512.10000000,91440.00000000,90509.79000000,91220.00000000,2225.79136000
2025-11-18 10:00:00,91219.99000000,91487.58000000,90889.93000000,91400.01000000,1441.96417000
2025-11-18 11:00:00,91400.01000000,91617.17000000,91256.80000000,91585.02000000,1087.06008000
2025-11-18 12:00:00,91585.01000000,91615.43000000,91247.56000000,91517.82000000,1022.64847000
2025-11-18 13:00:00,91517.83000000,91878.11000000,91110.00000000,91518.54000000,906.99249000
2025-11-18 14:00:00,91518.54000000,91659.94000000,90905.70000000,91476.56000000,1036.51569000
2025-11-18 15:00:00,91476.56000000,92450.23000000,91206.52000000,91359.29000000,2351.78391000
2025-11-18 16:00:00,91359.30000000,93049.91000000,91010.00000000,92910.10000000,2802.22354000
2025-11-18 17:00:00,92910.10000000,93836.01000000,92579.23000000,93499.16000000,2533.31280000
2025-11-18 18:00:00,93499.15000000,93657.15000000,92821.26000000,93256.92000000,1189.79384000
2025-11-18 19:00:00,93256.92000000,93766.00000000,93151.04000000,93331.08000000,692.11551000
2025-11-18 20:00:00,93331.09000000,93612.00000000,92994.88000000,93195.61000000,502.14706000
2025-11-18 21:00:00,93195.61000000,93298.00000000,92657.25000000,92783.36000000,539.00940000
2025-11-18 22:00:00,92783.36000000,93030.00000000,92462.72000000,92491.59000000,542.20850000
2025-11-18 23:00:00,92491.60000000,93423.74000000,92491.59000000,93160.00000000,439.15612000
2025-11-19 00:00:00,93159.99000000,93163.34000000,92727.27000000,92960.83000000,847.12179000
2025-11-19 01:00:00,92960.83000000,92980.22000000,91929.86000000,92416.51000000,875.05841000
2025-11-19 02:00:00,92416.52000000,92644.49000000,91935.03000000,92439.99000000,856.50507000
2025-11-19 03:00:00,92440.00000000,92865.24000000,92280.00000000,92569.12000000,531.42350000
2025-11-19 04:00:00,92569.12000000,92636.00000000,91660.49000000,91874.52000000,802.16678000
2025-11-19 05:00:00,91874.51000000,91976.12000000,91163.19000000,91163.20000000,1152.46121000
2025-11-19 06:00:00,91163.20000000,91267.73000000,90025.06000000,90459.99000000,1783.40843000
2025-11-19 07:00:00,90459.99000000,91104.00000000,90282.83000000,90990.87000000,1223.51965000
2025-11-19 08:00:00,90990.88000000,92028.92000000,90948.37000000,91863.64000000,1475.85023000
2025-11-19 09:00:00,91863.64000000,91950.00000000,91287.34000000,91470.44000000,803.83092000
2025-11-19 10:00:00,91470.44000000,91513.72000000,91072.41000000,91513.72000000,740.22178000
2025-11-19 11:00:00,91513.72000000,91700.55000000,91225.98000000,91314.75000000,580.50005000
2025-11-19 12:00:00,91314.74000000,91782.04000000,91312.00000000,91410.22000000,416.30964000
2025-11-19 13:00:00,91410.23000000,91879.85000000,91220.00000000,91780.00000000,604.31025000
2025-11-19 14:00:00,91780.00000000,91900.00000000,91228.82000000,91405.02000000,728.07490000
2025-11-19 15:00:00,91405.02000000,91857.30000000,91037.50000000,91713.44000000,1389.38336000
2025-11-19 16:00:00,91713.45000000,92384.61000000,89880.00000000,89951.70000000,3292.32346000
2025-11-19 17:00:00,89951.70000000,90232.56000000,89453.88000000,89905.78000000,2417.11812000
2025-11-19 18:00:00,89905.77000000,90133.33000000,88889.00000000,89500.01000000,2649.49867000
2025-11-19 19:00:00,89500.00000000,89744.51000000,88792.00000000,89237.83000000,2216.17894000
2025-11-19 20:00:00,89237.82000000,89384.27000000,88630.71000000,88884.56000000,1504.39912000
2025-11-19 21:00:00,88884.56000000,89704.39000000,88608.00000000,89516.91000000,1421.78591000
2025-11-19 22:00:00,89516.91000000,90850.00000000,89450.01000000,90600.68000000,2890.29056000
2025-11-19 23:00:00,90600.67000000,90635.58000000,90101.14000000,90480.56000000,768.25681000
2025-11-20 00:00:00,90480.56000000,91594.00000000,90480.56000000,91554.96000000,1163.76183000
2025-11-20 01:00:00,91554.96000000,92300.00000000,91185.26000000,91891.32000000,1045.70121000
2025-11-20 02:00:00,91891.32000000,92716.44000000,91820.01000000,92590.13000000,1058.92103000
2025-11-20 03:00:00,92590.13000000,92798.14000000,92322.04000000,92592.84000000,904.85403000
2025-11-20 04:00:00,92592.85000000,92717.52000000,92360.84000000,92440.32000000,919.58347000
2025-11-20 05:00:00,92440.33000000,92990.00000000,92124.00000000,92962.83000000,931.12356000
2025-11-20 06:00:00,92962.84000000,93160.00000000,92566.55000000,92616.20000000,878.19369000
2025-11-20 07:00:00,92616.21000000,92851.06000000,91687.07000000,91974.70000000,1324.95908000
2025-11-20 08:00:00,91974.69000000,92445.80000000,91798.24000000,92320.18000000,657.61367000
2025-11-20 09:00:00,92320.18000000,92400.94000000,92036.27000000,92128.22000000,621.86424000
2025-11-20 10:00:00,92128.22000000,92135.01000000,91440.55000000,91950.00000000,1187.17976000
2025-11-20 11:00:00,91950.01000000,92062.83000000,91603.84000000,91801.39000000,918.81997000
2025-11-20 12:00:00,91801.39000000,92029.64000000,91485.40000000,91934.00000000,472.97339000
2025-11-20 13:00:00,91934.01000000,91999.99000000,91688.00000000,91839.25000000,443.03933000
2025-11-20 14:00:00,91839.25000000,92541.92000000,91451.99000000,91529.36000000,1535.25700000
2025-11-20 15:00:00,91529.36000000,91682.60000000,90431.54000000,91103.19000000,2227.67187000
2025-11-20 16:00:00,91103.19000000,91171.78000000,89835.34000000,89869.88000000,1956.88604000
2025-11-20 17:00:00,89869.88000000,89911.73000000,87487.95000000,87878.10000000,5918.46185000
2025-11-20 18:00:00,87878.10000000,88158.49000000,86395.47000000,87233.81000000,5848.39149000
2025-11-20 19:00:00,87233.80000000,87769.23000000,86318.78000000,86486.27000000,3087.08206000
2025-11-20 20:00:00,86486.27000000,87146.29000000,86100.00000000,86921.28000000,2741.74748000
2025-11-20 21:00:00,86921.27000000,87131.07000000,86325.23000000,86462.97000000,1475.77763000
2025-11-20 22:00:00,86462.97000000,87674.23000000,86429.09000000,87282.60000000,1215.05710000
2025-11-20 23:00:00,87282.44000000,88250.00000000,87192.91000000,88065.97000000,1274.57142000
2025-11-21 00:00:00,88065.98000000,88173.09000000,86560.00000000,86637.23000000,1087.46036000
2025-11-21 01:00:00,86637.22000000,87498.94000000,86592.00000000,87285.24000000,845.00605000
2025-11-21 02:00:00,87285.24000000,87464.08000000,86834.81000000,87049.86000000,841.87222000
2025-11-21 03:00:00,87049.86000000,87067.52000000,85360.00000000,85444.93000000,3003.64405000
2025-11-21 04:00:00,85444.93000000,86135.58000000,85433.39000000,85821.34000000,1737.99681000
2025-11-21 05:00:00,85821.35000000,86119.19000000,85404.05000000,86053.09000000,1036.52858000
2025-11-21 06:00:00,86053.10000000,86459.53000000,85825.59000000,86195.08000000,1234.93355000
2025-11-21 07:00:00,86195.09000000,86255.02000000,85550.00000000,85581.30000000,1347.08347000
2025-11-21 08:00:00,85581.31000000,85769.86000000,82000.00000000,84049.39000000,10586.94545000
2025-11-21 09:00:00,84049.38000000,84709.89000000,83521.07000000,83643.45000000,4196.83535000
2025-11-21 10:00:00,83643.45000000,83988.40000000,82104.01000000,82207.84000000,4382.85302000
2025-11-21 11:00:00,82207.83000000,82911.99000000,81648.00000000,82703.61000000,5588.71507000
2025-11-21 12:00:00,82703.61000000,83340.72000000,82192.49000000,82309.66000000,2016.52315000
2025-11-21 13:00:00,82309.67000000,83618.13000000,80600.00000000,83285.35000000,9181.08228000
2025-11-21 14:00:00,83285.34000000,84427.79000000,83116.86000000,84115.28000000,4066.19195000
2025-11-21 15:00:00,84115.29000000,85496.00000000,83544.82000000,84850.00000000,5134.71956000
2025-11-21 16:00:00,84850.01000000,85103.42000000,82729.54000000,82932.47000000,4659.35985000
2025-11-21 17:00:00,82932.46000000,84919.60000000,82333.00000000,84919.59000000,2895.89154000
2025-11-21 18:00:00,84919.58000000,85572.82000000,84565.11000000,84877.07000000,2065.96878000
2025-11-21 19:00:00,84877.06000000,85083.31000000,83304.87000000,84577.11000000,2102.78190000
2025-11-21 20:00:00,84577.12000000,85025.71000000,84080.00000000,84209.30000000,1042.90060000
2025-11-21 21:00:00,84209.30000000,84650.00000000,83464.96000000,84571.20000000,1215.11568000
2025-11-21 22:00:00,84571.19000000,85416.66000000,84351.51000000,85182.14000000,1186.55255000
2025-11-21 23:00:00,85182.14000000,85404.24000000,84267.25000000,84284.42000000,887.57484000
2025-11-22 00:00:00,84284.43000000,85353.03000000,84121.38000000,85129.43000000,999.05049000
2025-11-22 01:00:00,85129.42000000,85620.00000000,84571.13000000,84739.93000000,982.89986000
2025-11-22 02:00:00,84739.92000000,85205.87000000,84588.75000000,85174.28000000,708.20070000
2025-11-22 03:00:00,85174.28000000,85205.87000000,84285.71000000,84528.99000000,623.12435000
2025-11-22 04:00:00,84529.00000000,84611.35000000,84212.39000000,84440.47000000,608.99066000
2025-11-22 05:00:00,84440.48000000,84548.30000000,83832.91000000,84246.88000000,757.03562000
2025-11-22 06:00:00,84246.89000000,84316.08000000,83868.53000000,84280.92000000,609.94979000
2025-11-22 07:00:00,84280.92000000,84799.54000000,84080.00000000,84636.00000000,514.75646000
2025-11-22 08:00:00,84636.00000000,84672.01000000,84400.00000000,84580.06000000,336.57657000
2025-11-22 09:00:00,84580.06000000,84586.62000000,83935.95000000,84016.77000000,579.11003000
2025-11-22 10:00:00,84016.77000000,84343.91000000,83666.00000000,83929.52000000,1402.34324000
2025-11-22 11:00:00,83929.53000000,84211.50000000,83500.00000000,83693.25000000,755.24683000
2025-11-22 12:00:00,83693.26000000,84343.91000000,83592.45000000,84098.94000000,605.75819000
2025-11-22 13:00:00,84098.94000000,84160.80000000,83620.16000000,83884.00000000,632.74648000
2025-11-22 14:00:00,83884.01000000,84132.09000000,83653.12000000,83947.89000000,450.38850000
2025-11-22 15:00:00,83947.89000000,84755.83000000,83935.12000000,84494.40000000,1054.86190000
2025-11-22 16:00:00,84494.40000000,84577.99000000,84014.39000000,84284.01000000,530.44756000
2025-11-22 17:00:00,84284.01000000,84899.00000000,84219.62000000,84694.66000000,525.46062000
2025-11-22 18:00:00,84694.65000000,84724.58000000,84423.98000000,84554.20000000,357.93738000
2025-11-22 19:00:00,84554.20000000,84678.38000000,84480.66000000,84659.79000000,243.98434000
2025-11-22 20:00:00,84659.80000000,84790.79000000,84510.53000000,84609.76000000,223.69917000
2025-11-22 21:00:00,84609.77000000,84808.22000000,84244.51000000,84474.41000000,274.86848000
2025-11-22 22:00:00,84474.41000000,84510.54000000,84237.70000000,84411.30000000,269.03241000
2025-11-22 23:00:00,84411.31000000,85260.00000000,84269.04000000,85072.88000000,648.28851000
2025-11-23 00:00:00,85072.87000000,85178.00000000,84670.56000000,84739.74000000,498.22498000
2025-11-23 01:00:00,84739.75000000,85325.94000000,84667.57000000,84971.74000000,789.42586000
2025-11-23 02:00:00,84971.74000000,86184.60000000,84950.97000000,85879.83000000,1247.13601000
2025-11-23 03:00:00,85879.83000000,86349.84000000,85689.36000000,86000.34000000,1316.75776000
2025-11-23 04:00:00,86000.34000000,86308.55000000,85820.68000000,86308.54000000,650.83168000
2025-11-23 05:00:00,86308.54000000,86860.00000000,86150.61000000,86548.20000000,1045.11387000
2025-11-23 06:00:00,86548.19000000,86593.68000000,86004.85000000,86358.28000000,592.93532000
2025-11-23 07:00:00,86358.27000000,86500.00000000,85864.68000000,85864.68000000,546.56485000
2025-11-23 08:00:00,85864.69000000,85911.72000000,85420.00000000,85782.19000000,728.39953000
2025-11-23 09:00:00,85782.18000000,86196.94000000,85768.22000000,86137.19000000,554.48769000
2025-11-23 10:00:00,86137.18000000,86465.24000000,86080.02000000,86393.02000000,427.24227000
2025-11-23 11:00:00,86393.03000000,86452.00000000,86058.96000000,86066.23000000,429.62501000
2025-11-23 12:00:00,86066.24000000,86421.00000000,85814.92000000,86331.28000000,676.04860000
2025-11-23 13:00:00,86331.28000000,86892.00000000,86271.10000000,86530.04000000,917.48707000
2025-11-23 14:00:00,86530.04000000,86934.00000000,86318.98000000,86928.31000000,646.33455000
2025-11-23 15:00:00,86928.30000000,87200.00000000,86482.98000000,86547.40000000,1148.29527000
2025-11-23 16:00:00,86547.40000000,87244.51000000,86451.90000000,87087.44000000,759.24987000
2025-11-23 17:00:00,87087.44000000,87500.00000000,86670.23000000,86685.60000000,1449.15860000
2025-11-23 18:00:00,86685.59000000,86957.45000000,86502.47000000,86746.51000000,752.54839000
2025-11-23 19:00:00,86746.52000000,87259.58000000,86724.78000000,86995.02000000,584.09609000
2025-11-23 20:00:00,86995.02000000,87689.47000000,86938.60000000,87325.01000000,926.15432000
2025-11-23 21:00:00,87325.01000000,87694.68000000,87233.63000000,87483.36000000,726.71996000
2025-11-23 22:00:00,87483.37000000,88000.00000000,87150.00000000,87992.02000000,647.97774000
2025-11-23 23:00:00,87992.03000000,88127.64000000,87554.23000000,88004.00000000,806.41047000
2025-11-24 00:00:00,88004.01000000,88086.96000000,86701.54000000,86830.00000000,1365.46340000
2025-11-24 01:00:00,86830.00000000,87211.33000000,85946.65000000,86740.64000000,1392.29093000
2025-11-24 02:00:00,86740.64000000,87091.31000000,86399.99000000,87068.51000000,958.30504000
2025-11-24 03:00:00,87068.51000000,88059.44000000,87025.01000000,87518.22000000,1290.41003000
2025-11-24 04:00:00,87518.23000000,87788.00000000,87200.69000000,87460.02000000,677.15494000
2025-11-24 05:00:00,87460.03000000,87600.00000000,86450.00000000,86738.37000000,878.95809000
2025-11-24 06:00:00,86738.36000000,87837.57000000,86675.82000000,87468.29000000,753.25217000
2025-11-24 07:00:00,87468.28000000,87518.06000000,86819.98000000,86910.78000000,801.38580000
2025-11-24 08:00:00,86910.77000000,87350.00000000,86700.00000000,87050.39000000,842.74354000
2025-11-24 09:00:00,87050.39000000,87050.39000000,86724.78000000,86961.51000000,563.07997000
2025-11-24 10:00:00,86961.50000000,86961.50000000,85825.84000000,85944.91000000,1224.17260000
2025-11-24 11:00:00,85944.91000000,86190.00000000,85696.56000000,86049.74000000,1106.37218000
2025-11-24 12:00:00,86049.74000000,86433.93000000,85840.00000000,86264.72000000,590.88464000
2025-11-24 13:00:00,86264.71000000,86318.00000000,85888.00000000,86003.00000000,776.50309000
2025-11-24 14:00:00,86003.00000000,86573.99000000,85947.91000000,86160.00000000,774.74433000
2025-11-24 15:00:00,86159.84000000,86660.01000000,85272.00000000,86171.14000000,1629.59791000
2025-11-24 16:00:00,86171.22000000,86741.50000000,85913.44000000,86616.44000000,1454.66429000
2025-11-24 17:00:00,86616.44000000,87700.00000000,86616.43000000,87174.50000000,1597.98070000
2025-11-24 18:00:00,87174.50000000,88550.68000000,86950.51000000,88369.91000000,1714.18113000
2025-11-24 19:00:00,88369.91000000,88732.25000000,88200.00000000,88715.31000000,1475.20510000
2025-11-24 20:00:00,88715.30000000,88834.62000000,88115.16000000,88327.29000000,1216.54554000
2025-11-24 21:00:00,88327.29000000,89228.00000000,88327.29000000,89089.06000000,1349.46746000
2025-11-24 22:00:00,89089.06000000,89132.00000000,88720.97000000,88766.15000000,601.72645000
2025-11-24 23:00:00,88766.15000000,89091.96000000,88598.00000000,88636.54000000,522.98122000
2025-11-25 00:00:00,88636.54000000,88690.00000000,88252.50000000,88300.01000000,470.52080000
2025-11-25 01:00:00,88300.01000000,88300.01000000,87864.63000000,88100.00000000,784.64286000
2025-11-25 02:00:00,88100.00000000,88223.85000000,87719.67000000,87732.83000000,590.37213000
2025-11-25 03:00:00,87732.84000000,87942.26000000,87457.53000000,87909.40000000,661.24658000
2025-11-25 04:00:00,87909.41000000,88048.78000000,87553.84000000,87822.12000000,470.13692000
2025-11-25 05:00:00,87822.12000000,88519.99000000,87790.17000000,88341.14000000,559.30233000
2025-11-25 06:00:00,88341.14000000,88341.14000000,87937.46000000,88120.82000000,385.97584000
2025-11-25 07:00:00,88120.83000000,88149.01000000,87802.09000000,88003.97000000,428.04120000
2025-11-25 08:00:00,88003.97000000,88069.96000000,87300.00000000,87384.81000000,1659.28548000
2025-11-25 09:00:00,87384.81000000,87606.57000000,86993.20000000,87009.82000000,1030.08593000
2025-11-25 10:00:00,87009.82000000,87243.57000000,86666.00000000,87231.76000000,1365.38754000
2025-11-25 11:00:00,87231.76000000,87430.00000000,86950.01000000,87411.01000000,529.77845000
2025-11-25 12:00:00,87411.00000000,87535.98000000,87310.00000000,87361.71000000,476.85969000
2025-11-25 13:00:00,87361.71000000,87792.20000000,87361.71000000,87509.99000000,719.39885000
2025-11-25 14:00:00,87510.00000000,87731.20000000,86870.50000000,87083.01000000,953.98515000
2025-11-25 15:00:00,87083.00000000,87298.35000000,86116.00000000,86741.55000000,1997.11968000
2025-11-25 16:00:00,86741.55000000,87300.00000000,86200.00000000,86988.94000000,1227.12482000
2025-11-25 17:00:00,86988.93000000,87291.00000000,86712.35000000,87121.31000000,678.88146000
2025-11-25 18:00:00,87121.31000000,88155.65000000,87046.09000000,87625.89000000,918.86754000
2025-11-25 19:00:00,87625.90000000,87830.00000000,87237.18000000,87239.29000000,604.25375000
2025-11-25 20:00:00,87239.29000000,87340.10000000,86182.49000000,86882.85000000,1026.34933000
2025-11-25 21:00:00,86882.84000000,87463.00000000,86706.28000000,87382.70000000,718.04092000
2025-11-25 22:00:00,87387.48000000,87449.73000000,86985.02000000,87032.37000000,660.28461000
2025-11-25 23:00:00,87032.36000000,87722.92000000,86565.48000000,87642.41000000,612.11039000
2025-11-26 00:00:00,87642.41000000,87889.38000000,87328.89000000,87369.96000000,509.50965000
2025-11-26 01:00:00,87369.97000000,87770.00000000,87344.34000000,87573.51000000,492.76345000
2025-11-26 02:00:00,87573.51000000,88224.00000000,87338.05000000,87921.94000000,625.50199000
2025-11-26 03:00:00,87921.94000000,88087.97000000,87662.24000000,87711.82000000,382.80732000
2025-11-26 04:00:00,87711.82000000,87892.82000000,87069.97000000,87119.92000000,734.20044000
2025-11-26 05:00:00,87119.93000000,87368.00000000,86909.99000000,87230.23000000,523.25398000
2025-11-26 06:00:00,87230.23000000,87741.50000000,87220.01000000,87519.53000000,391.28204000
2025-11-26 07:00:00,87519.54000000,87889.00000000,87409.78000000,87794.00000000,567.75553000
2025-11-26 08:00:00,87794.00000000,87970.00000000,87698.25000000,87935.05000000,346.36014000
2025-11-26 09:00:00,87935.05000000,87941.58000000,87416.44000000,87424.80000000,352.28266000
2025-11-26 10:00:00,87424.80000000,87453.47000000,86746.60000000,86825.27000000,1012.15795000
2025-11-26 11:00:00,86825.27000000,87078.59000000,86670.36000000,86955.17000000,469.69958000
2025-11-26 12:00:00,86955.17000000,87095.83000000,86844.01000000,87095.79000000,365.39116000
2025-11-26 13:00:00,87095.78000000,87175.99000000,86306.77000000,86643.08000000,790.16422000
2025-11-26 14:00:00,86643.07000000,87136.33000000,86568.85000000,87128.51000000,802.87416000
2025-11-26 15:00:00,87128.51000000,87693.21000000,86813.50000000,86899.73000000,1419.99793000
2025-11-26 16:00:00,86899.72000000,87349.41000000,86664.23000000,86978.00000000,1185.22598000
2025-11-26 17:00:00,86977.99000000,87946.00000000,86956.61000000,87820.01000000,1248.92414000
2025-11-26 18:00:00,87820.02000000,89962.90000000,87710.27000000,89830.79000000,2469.84113000
2025-11-26 19:00:00,89830.80000000,90418.39000000,89676.00000000,90145.69000000,2128.19073000
2025-11-26 20:00:00,90145.69000000,90197.83000000,89716.30000000,89957.36000000,1663.47818000
2025-11-26 21:00:00,89957.37000000,90114.67000000,89508.85000000,89866.82000000,1645.62012000
2025-11-26 22:00:00,89866.83000000,90491.28000000,89815.35000000,90195.99000000,803.11555000
2025-11-26 23:00:00,90195.98000000,90656.08000000,90127.88000000,90386.57000000,686.02397000
2025-11-27 00:00:00,90386.56000000,90600.00000000,90312.25000000,90484.02000000,568.91004000
2025-11-27 01:00:00,90484.01000000,90597.32000000,90089.91000000,90485.85000000,863.56359000
2025-11-27 02:00:00,90485.85000000,91236.00000000,90385.50000000,91145.78000000,1123.33988000
2025-11-27 03:00:00,91145.78000000,91950.00000000,90879.76000000,91389.21000000,2941.82170000
2025-11-27 04:00:00,91389.73000000,91615.60000000,91044.14000000,91091.68000000,815.09214000
2025-11-27 05:00:00,91091.68000000,91353.85000000,91057.77000000,91277.06000000,509.22057000
2025-11-27 06:00:00,91277.06000000,91554.49000000,90889.11000000,90967.54000000,724.51309000
2025-11-27 07:00:00,90967.53000000,91445.30000000,90967.53000000,91244.58000000,600.26335000
2025-11-27 08:00:00,91244.59000000,91496.63000000,91135.88000000,91408.34000000,609.78648000
2025-11-27 09:00:00,91408.34000000,91520.24000000,91221.17000000,91492.02000000,626.37500000
2025-11-27 10:00:00,91492.01000000,91940.18000000,91475.39000000,91561.67000000,875.30832000
2025-11-27 11:00:00,91561.67000000,91747.29000000,91347.02000000,91613.51000000,526.00515000
2025-11-27 12:00:00,91613.52000000,91619.36000000,91307.69000000,91371.88000000,326.30294000
2025-11-27 13:00:00,91371.87000000,91457.36000000,90950.00000000,90986.56000000,641.34239000
2025-11-27 14:00:00,90986.56000000,91075.99000000,90438.43000000,90852.78000000,1344.11260000
2025-11-27 15:00:00,90852.79000000,90978.49000000,90579.77000000,90789.68000000,539.81726000
2025-11-27 16:00:00,90789.68000000,90988.00000000,90629.98000000,90958.30000000,396.23776000
2025-11-27 17:00:00,90958.29000000,91562.00000000,90850.77000000,91467.13000000,778.41704000
2025-11-27 18:00:00,91467.12000000,91635.79000000,91299.06000000,91479.30000000,704.33875000
2025-11-27 19:00:00,91479.30000000,91843.59000000,91347.21000000,91791.99000000,433.08181000
2025-11-27 20:00:00,91791.99000000,91791.99000000,91506.94000000,91528.21000000,363.77786000
2025-11-27 21:00:00,91528.22000000,91596.76000000,91400.00000000,91433.17000000,259.27901000
2025-11-27 22:00:00,91433.18000000,91600.00000000,91217.17000000,91416.99000000,272.08151000
2025-11-27 23:00:00,91416.99000000,91590.00000000,91114.52000000,91317.65000000,289.90354000
2025-11-28 00:00:00,91317.66000000,91566.00000000,91213.79000000,91333.95000000,269.52758000
2025-11-28 01:00:00,91333.94000000,91417.99000000,91072.30000000,91207.34000000,405.71832000
2025-11-28 02:00:00,91207.34000000,91209.82000000,90800.30000000,90804.56000000,495.69936000
2025-11-28 03:00:00,90804.56000000,91135.69000000,90652.55000000,91083.08000000,665.69948000
2025-11-28 04:00:00,91083.08000000,91306.63000000,91000.88000000,91208.85000000,362.93677000
2025-11-28 05:00:00,91208.85000000,91486.29000000,91130.00000000,91424.02000000,286.91882000
2025-11-28 06:00:00,91424.02000000,91707.79000000,91304.28000000,91612.09000000,444.39646000
2025-11-28 07:00:00,91612.09000000,91612.09000000,91156.24000000,91300.69000000,441.82209000
2025-11-28 08:00:00,91300.69000000,91568.98000000,90867.43000000,90910.87000000,700.78640000
2025-11-28 09:00:00,90910.87000000,91717.00000000,90907.98000000,91690.00000000,899.46359000
2025-11-28 10:00:00,91689.99000000,91850.00000000,91439.34000000,91599.99000000,578.77610000
2025-11-28 11:00:00,91600.00000000,91874.86000000,91480.28000000,91850.49000000,786.48217000
2025-11-28 12:00:00,91850.49000000,92030.00000000,91065.13000000,91437.64000000,910.59811000
2025-11-28 13:00:00,91437.64000000,91692.30000000,91405.69000000,91513.40000000,360.31623000
2025-11-28 14:00:00,91513.40000000,92635.00000000,91380.94000000,92377.01000000,1231.35483000
2025-11-28 15:00:00,92377.00000000,93092.00000000,91818.35000000,92250.01000000,2337.42844000
2025-11-28 16:00:00,92250.00000000,92796.00000000,91976.59000000,92362.49000000,1117.51350000
2025-11-28 17:00:00,92362.50000000,92376.00000000,90880.00000000,90936.23000000,1386.76661000
2025-11-28 18:00:00,90936.24000000,91208.43000000,90180.63000000,90663.98000000,3368.69380000
2025-11-28 19:00:00,90661.57000000,90958.57000000,90421.88000000,90830.57000000,663.11655000
2025-11-28 20:00:00,90830.57000000,91202.55000000,90821.60000000,91157.44000000,360.61967000
2025-11-28 21:00:00,91157.44000000,91225.45000000,90867.89000000,91201.10000000,310.35586000
2025-11-28 22:00:00,91201.09000000,91247.16000000,90888.00000000,90888.01000000,223.95974000
2025-11-28 23:00:00,90888.01000000,91159.89000000,90705.57000000,91122.00000000,276.05655000
2025-11-29 00:00:00,91122.00000000,91195.68000000,90890.70000000,90890.70000000,215.38067000
2025-11-29 01:00:00,90890.71000000,90968.00000000,90768.13000000,90884.01000000,186.84042000
2025-11-29 02:00:00,90884.01000000,91119.99000000,90797.36000000,90881.20000000,189.90490000
2025-11-29 03:00:00,90881.20000000,90926.90000000,90546.36000000,90798.89000000,360.30420000
2025-11-29 04:00:00,90798.90000000,90874.03000000,90661.12000000,90680.26000000,203.76865000
2025-11-29 05:00:00,90680.26000000,90911.36000000,90551.12000000,90901.56000000,194.82906000
2025-11-29 06:00:00,90901.55000000,90931.56000000,90733.22000000,90747.16000000,201.02788000
2025-11-29 07:00:00,90747.16000000,90832.57000000,90311.92000000,90565.29000000,551.99620000
2025-11-29 08:00:00,90565.30000000,90666.00000000,90375.01000000,90567.67000000,281.69639000
2025-11-29 09:00:00,90567.66000000,90738.17000000,90477.44000000,90629.67000000,209.42959000
2025-11-29 10:00:00,90629.67000000,90665.37000000,90500.00000000,90560.08000000,255.33197000
2025-11-29 11:00:00,90560.08000000,90647.98000000,90376.37000000,90552.47000000,287.88192000
2025-11-29 12:00:00,90552.47000000,90682.33000000,90458.17000000,90673.19000000,204.80457000
2025-11-29 13:00:00,90673.20000000,90810.45000000,90530.93000000,90616.01000000,253.50149000
2025-11-29 14:00:00,90616.01000000,90805.99000000,90591.35000000,90783.17000000,243.41960000
2025-11-29 15:00:00,90783.16000000,90783.17000000,90610.41000000,90621.72000000,231.55273000
2025-11-29 16:00:00,90621.73000000,91110.36000000,90621.72000000,91063.50000000,419.55316000
2025-11-29 17:00:00,91063.50000000,91165.65000000,90862.22000000,91004.03000000,256.29667000
2025-11-29 18:00:00,91004.03000000,91019.00000000,90421.21000000,90421.21000000,800.09236000
2025-11-29 19:00:00,90421.21000000,90719.16000000,90155.47000000,90690.84000000,837.40131000
2025-11-29 20:00:00,90690.85000000,90850.83000000,90600.10000000,90640.78000000,298.72853000
2025-11-29 21:00:00,90640.77000000,91035.27000000,90400.21000000,90963.29000000,336.13338000
2025-11-29 22:00:00,90963.29000000,91051.87000000,90814.02000000,91008.68000000,179.69384000
2025-11-29 23:00:00,91008.68000000,91008.69000000,90700.65000000,90753.02000000,311.96344000
2025-11-30 00:00:00,90753.03000000,90896.97000000,90690.23000000,90802.44000000,133.73065000
2025-11-30 01:00:00,90802.44000000,90945.59000000,90765.12000000,90893.94000000,127.74315000
2025-11-30 02:00:00,90893.94000000,91055.50000000,90863.05000000,90913.31000000,246.89699000
2025-11-30 03:00:00,90913.30000000,91032.18000000,90749.90000000,90795.51000000,321.82107000
2025-11-30 04:00:00,90795.52000000,90917.96000000,90471.00000000,90909.35000000,418.70941000
2025-11-30 05:00:00,90909.35000000,90970.36000000,90799.91000000,90858.00000000,98.98576000
2025-11-30 06:00:00,90857.99000000,90857.99000000,90670.40000000,90783.75000000,146.33614000
2025-11-30 07:00:00,90783.76000000,90937.50000000,90717.51000000,90898.68000000,134.34933000
2025-11-30 08:00:00,90898.69000000,91037.72000000,90860.01000000,90968.16000000,170.24658000
2025-11-30 09:00:00,90968.16000000,91438.99000000,90927.16000000,91184.45000000,999.62290000
2025-11-30 10:00:00,91184.45000000,91632.00000000,91138.65000000,91413.07000000,857.09997000
2025-11-30 11:00:00,91413.07000000,91467.36000000,91200.00000000,91234.31000000,215.61141000
2025-11-30 12:00:00,91234.31000000,91397.33000000,90998.34000000,91048.78000000,443.35776000
2025-11-30 13:00:00,91048.79000000,91535.10000000,91009.00000000,91469.51000000,391.37581000
2025-11-30 14:00:00,91469.51000000,92000.01000000,91398.69000000,91769.99000000,1268.05794000
2025-11-30 15:00:00,91770.00000000,91779.94000000,91256.88000000,91499.99000000,479.45512000
2025-11-30 16:00:00,91499.98000000,91612.83000000,91326.59000000,91435.31000000,490.26099000
2025-11-30 17:00:00,91435.31000000,91850.00000000,91406.97000000,91825.18000000,328.17239000
2025-11-30 18:00:00,91825.18000000,91825.18000000,91313.26000000,91488.19000000,322.55187000
2025-11-30 19:00:00,91488.20000000,91488.20000000,91159.42000000,91459.90000000,239.73146000
2025-11-30 20:00:00,91459.91000000,91500.00000000,91298.40000000,91460.79000000,158.56074000
2025-11-30 21:00:00,91460.79000000,91626.75000000,91178.00000000,91315.60000000,260.58782000
2025-11-30 22:00:00,91315.59000000,91332.18000000,90888.48000000,91174.22000000,497.10764000
2025-11-30 23:00:00,91174.23000000,91351.61000000,91049.22000000,91225.28000000,263.92188000
2025-12-01 00:00:00,91225.28000000,91256.36000000,90336.90000000,90360.00000000,807.17762000
2025-12-01 01:00:00,90360.01000000,90417.00000000,86959.99000000,87000.00000000,4607.45526000
2025-12-01 02:00:00,87000.00000000,87749.99000000,86941.40000000,87168.91000000,1588.04096000
2025-12-01 03:00:00,87168.90000000,87500.00000000,86474.34000000,86722.29000000,2052.19788000
2025-12-01 04:00:00,86722.30000000,86800.00000000,86161.61000000,86346.13000000,2001.96556000
2025-12-01 05:00:00,86346.13000000,86350.01000000,85695.44000000,85801.03000000,1863.01351000
2025-12-01 06:00:00,85801.03000000,86006.85000000,85604.00000000,86001.08000000,749.36259000
2025-12-01 07:00:00,86001.08000000,86357.43000000,85974.66000000,86234.16000000,931.60740000
2025-12-01 08:00:00,86234.17000000,86578.06000000,86049.90000000,86550.30000000,1393.18357000
2025-12-01 09:00:00,86550.30000000,86890.77000000,86390.25000000,86869.51000000,948.06769000
2025-12-01 10:00:00,86869.50000000,86938.01000000,86518.18000000,86704.86000000,866.92667000
2025-12-01 11:00:00,86704.85000000,86814.00000000,86552.00000000,86647.73000000,366.02338000
2025-12-01 12:00:00,86647.73000000,86699.99000000,86131.01000000,86149.15000000,824.75013000
2025-12-01 13:00:00,86146.59000000,86231.52000000,84756.00000000,85430.64000000,2098.18769000
2025-12-01 14:00:00,85430.64000000,86166.43000000,85350.00000000,85986.85000000,1097.45554000
2025-12-01 15:00:00,85986.85000000,86674.00000000,85868.00000000,86067.90000000,1654.56841000
2025-12-01 16:00:00,86067.90000000,86137.17000000,83822.76000000,84677.87000000,3274.16077000
2025-12-01 17:00:00,84677.87000000,85463.12000000,84030.95000000,84571.80000000,2152.34019000
2025-12-01 18:00:00,84571.80000000,85265.66000000,84442.75000000,84920.30000000,917.46569000
2025-12-01 19:00:00,84925.01000000,85555.00000000,84723.83000000,85199.48000000,911.27586000
2025-12-01 20:00:00,85199.48000000,85299.14000000,84603.97000000,85024.50000000,617.02121000
2025-12-01 21:00:00,85024.50000000,85833.01000000,85007.69000000,85518.00000000,1007.05350000
2025-12-01 22:00:00,85518.01000000,86507.30000000,85499.99000000,86436.65000000,1202.40704000
2025-12-01 23:00:00,86436.64000000,86860.00000000,86300.00000000,86572.65000000,780.37442000
2025-12-02 00:00:00,86572.65000000,86833.55000000,86249.80000000,86286.01000000,604.10735000
2025-12-02 01:00:00,86286.01000000,86674.53000000,86184.39000000,86513.33000000,887.97566000
2025-12-02 02:00:00,86513.33000000,87350.00000000,86394.00000000,86454.93000000,1192.01967000
2025-12-02 03:00:00,86454.93000000,86857.79000000,86272.55000000,86554.47000000,522.02975000
2025-12-02 04:00:00,86554.46000000,87106.62000000,86214.99000000,86976.99000000,643.79096000
2025-12-02 05:00:00,86977.00000000,87288.48000000,86900.79000000,86970.28000000,689.46639000
2025-12-02 06:00:00,86970.28000000,87125.36000000,86818.14000000,87008.20000000,320.12167000
2025-12-02 07:00:00,87008.20000000,87179.22000000,86870.00000000,87090.46000000,385.60175000
2025-12-02 08:00:00,87090.46000000,87117.18000000,86882.23000000,87012.65000000,338.04553000
2025-12-02 09:00:00,87012.64000000,87058.41000000,86296.21000000,86471.89000000,1046.58604000
2025-12-02 10:00:00,86471.88000000,86999.00000000,86450.60000000,86769.87000000,806.33465000
2025-12-02 11:00:00,86769.88000000,87628.78000000,86760.01000000,87272.44000000,661.40198000
2025-12-02 12:00:00,87272.44000000,87602.47000000,86985.51000000,87368.92000000,846.71300000
2025-12-02 13:00:00,87368.92000000,87560.77000000,87208.68000000,87264.20000000,839.51657000
2025-12-02 14:00:00,87264.20000000,87883.43000000,87032.75000000,87731.41000000,1559.34030000
2025-12-02 15:00:00,87731.41000000,89275.54000000,87600.00000000,89271.99000000,2529.97385000
2025-12-02 16:00:00,89271.99000000,91200.00000000,89263.06000000,90850.01000000,4371.66947000
2025-12-02 17:00:00,90850.01000000,91296.72000000,90201.00000000,90759.15000000,2014.14601000
2025-12-02 18:00:00,90759.15000000,91990.00000000,90736.05000000,91458.40000000,1594.71699000
2025-12-02 19:00:00,91458.40000000,92237.15000000,91326.22000000,91954.49000000,1650.85803000
2025-12-02 20:00:00,91954.49000000,92307.65000000,91850.00000000,91903.39000000,892.95903000
2025-12-02 21:00:00,91903.38000000,91930.09000000,90720.87000000,91026.67000000,1812.81861000
2025-12-02 22:00:00,91026.66000000,91631.49000000,90965.02000000,91562.43000000,750.79479000
2025-12-02 23:00:00,91562.42000000,92000.00000000,91510.60000000,91981.91000000,1005.03850000
2025-12-03 00:00:00,91981.91000000,91981.91000000,91269.38000000,91277.88000000,848.30812000
2025-12-03 01:00:00,91277.88000000,91747.99000000,90990.23000000,91660.12000000,1282.57519000
2025-12-03 02:00:00,91660.13000000,92482.02000000,91468.21000000,92251.63000000,1105.16296000
2025-12-03 03:00:00,92251.64000000,93051.64000000,92158.00000000,92817.92000000,1322.86837000
2025-12-03 04:00:00,92817.93000000,93087.09000000,92597.26000000,92628.91000000,714.46982000
2025-12-03 05:00:00,92628.91000000,93482.87000000,92625.00000000,93362.21000000,1228.95814000
2025-12-03 06:00:00,93362.21000000,93660.00000000,93116.02000000,93642.92000000,1042.55272000
2025-12-03 07:00:00,93642.92000000,93958.58000000,93146.26000000,93431.80000000,1068.27612000
2025-12-03 08:00:00,93431.81000000,93468.43000000,92871.03000000,92999.99000000,1206.67241000
2025-12-03 09:00:00,93000.00000000,93173.93000000,92682.10000000,92765.65000000,908.28425000
2025-12-03 10:00:00,92765.64000000,93217.52000000,92709.41000000,93178.46000000,651.04477000
2025-12-03 11:00:00,93178.45000000,93389.62000000,92861.88000000,92939.40000000,644.12113000
2025-12-03 12:00:00,92939.40000000,93054.93000000,92666.00000000,93005.68000000,566.65244000
2025-12-03 13:00:00,93005.68000000,93112.10000000,92672.55000000,92937.39000000,609.37614000
2025-12-03 14:00:00,92937.39000000,93258.53000000,92886.59000000,93130.88000000,653.22336000
2025-12-03 15:00:00,93130.89000000,93700.00000000,91697.00000000,92357.54000000,3444.53920000
2025-12-03 16:00:00,92357.54000000,92993.98000000,91922.21000000,92373.30000000,1816.10102000
2025-12-03 17:00:00,92373.30000000,92739.09000000,91786.99000000,92242.24000000,1045.70106000
2025-12-03 18:00:00,92242.24000000,93040.00000000,92199.72000000,92956.22000000,952.33734000
2025-12-03 19:00:00,92956.22000000,93500.00000000,92383.05000000,92623.86000000,1065.25501000
2025-12-03 20:00:00,92623.85000000,93099.47000000,92528.75000000,93024.99000000,561.39144000
2025-12-03 21:00:00,93025.00000000,93400.00000000,92825.56000000,92980.43000000,993.99987000
2025-12-03 22:00:00,92981.45000000,93769.23000000,92860.00000000,93700.00000000,961.39093000
2025-12-03 23:00:00,93700.01000000,94150.00000000,93301.87000000,93781.01000000,1201.71927000
2025-12-04 00:00:00,93781.01000000,94091.71000000,93377.58000000,93429.95000000,665.85289000
2025-12-04 01:00:00,93429.95000000,93480.00000000,92669.82000000,93054.86000000,1095.83853000
2025-12-04 02:00:00,93054.87000000,93750.73000000,92981.35000000,93195.07000000,1304.15700000
2025-12-04 03:00:00,93195.07000000,94070.70000000,93117.80000000,93943.24000000,944.67997000
2025-12-04 04:00:00,93943.24000000,94080.00000000,93402.38000000,93543.04000000,500.02470000
2025-12-04 05:00:00,93543.03000000,93588.48000000,93231.56000000,93360.58000000,388.95379000
2025-12-04 06:00:00,93360.58000000,93380.39000000,92775.00000000,92979.25000000,931.22487000
2025-12-04 07:00:00,92979.25000000,93371.12000000,92824.32000000,93140.74000000,1076.30029000
2025-12-04 08:00:00,93140.75000000,93413.39000000,92888.00000000,93397.67000000,674.02891000
2025-12-04 09:00:00,93397.67000000,93600.00000000,93044.41000000,93260.63000000,411.88207000
2025-12-04 10:00:00,93260.64000000,93621.31000000,93235.50000000,93454.70000000,402.88554000
2025-12-04 11:00:00,93454.71000000,93553.69000000,93156.42000000,93260.00000000,373.45816000
2025-12-04 12:00:00,93260.00000000,93318.17000000,92736.90000000,92948.31000000,728.79798000
2025-12-04 13:00:00,92948.32000000,93200.00000000,92782.48000000,92990.18000000,474.71729000
2025-12-04 14:00:00,92990.18000000,93060.63000000,92424.00000000,92516.38000000,997.53962000
2025-12-04 15:00:00,92516.38000000,92821.26000000,91801.00000000,91894.01000000,1176.07323000
2025-12-04 16:00:00,91894.00000000,93257.00000000,91886.55000000,92971.49000000,1647.82775000
2025-12-04 17:00:00,92971.49000000,93174.55000000,92268.76000000,92431.72000000,1073.45255000
2025-12-04 18:00:00,92431.71000000,92536.00000000,91756.57000000,92426.76000000,1204.88261000
2025-12-04 19:00:00,92426.77000000,92550.86000000,91890.32000000,92127.52000000,605.69240000
2025-12-04 20:00:00,92127.53000000,92174.91000000,90889.00000000,91975.44000000,1976.68364000
2025-12-04 21:00:00,91975.43000000,92532.42000000,91688.92000000,92476.25000000,812.83088000
2025-12-04 22:00:00,92476.25000000,92718.53000000,92086.00000000,92158.23000000,581.65983000
2025-12-04 23:00:00,92158.24000000,92497.25000000,92151.79000000,92348.78000000,231.66801000
2025-12-05 00:00:00,92348.78000000,92461.03000000,92076.66000000,92078.06000000,188.68097000
2025-12-05 01:00:00,92078.06000000,92474.00000000,92058.82000000,92299.08000000,300.89002000
2025-12-05 02:00:00,92299.09000000,92600.00000000,92227.44000000,92358.03000000,512.17408000
2025-12-05 03:00:00,92358.03000000,92692.36000000,92252.66000000,92518.40000000,403.18655000
2025-12-05 04:00:00,92518.40000000,92665.56000000,91959.92000000,92142.75000000,535.04122000
2025-12-05 05:00:00,92142.75000000,92386.31000000,91813.37000000,92028.14000000,507.97714000
2025-12-05 06:00:00,92028.15000000,92204.69000000,91880.13000000,91932.85000000,239.31127000
2025-12-05 07:00:00,91932.85000000,92286.77000000,91905.83000000,92275.26000000,277.29503000
2025-12-05 08:00:00,92275.27000000,92497.51000000,92203.34000000,92258.65000000,362.60812000
2025-12-05 09:00:00,92258.64000000,92258.65000000,91892.86000000,92112.04000000,447.11606000
2025-12-05 10:00:00,92112.04000000,92112.04000000,90956.25000000,91128.56000000,1077.36085000
2025-12-05 11:00:00,91128.55000000,91488.00000000,91083.87000000,91272.85000000,493.57021000
2025-12-05 12:00:00,91272.85000000,91563.70000000,91128.40000000,91351.43000000,413.65104000
2025-12-05 13:00:00,91351.44000000,91432.69000000,91081.57000000,91242.40000000,357.37789000
2025-12-05 14:00:00,91242.40000000,91352.56000000,90215.51000000,90465.14000000,1524.52886000
2025-12-05 15:00:00,90465.14000000,90744.24000000,89874.70000000,90287.67000000,1551.13670000
2025-12-05 16:00:00,90287.67000000,91478.67000000,90258.24000000,90459.35000000,1911.11908000
2025-12-05 17:00:00,90459.34000000,90498.59000000,88056.00000000,88810.89000000,3451.73023000
2025-12-05 18:00:00,88810.88000000,89540.71000000,88607.25000000,89336.13000000,1157.12551000
2025-12-05 19:00:00,89335.53000000,89795.59000000,88908.53000000,88936.04000000,857.04766000
2025-12-05 20:00:00,88936.04000000,89800.00000000,88814.88000000,89629.26000000,1041.63454000
2025-12-05 21:00:00,89629.27000000,89745.37000000,89181.91000000,89301.75000000,1024.68482000
2025-12-05 22:00:00,89301.75000000,89484.00000000,89075.91000000,89177.68000000,695.18131000
2025-12-05 23:00:00,89177.68000000,89376.03000000,88901.60000000,89232.47000000,401.94285000
2025-12-06 00:00:00,89232.48000000,89383.46000000,88940.20000000,89330.04000000,249.28114000
2025-12-06 01:00:00,89330.04000000,89466.34000000,89030.67000000,89422.25000000,286.14614000
2025-12-06 02:00:00,89422.25000000,89500.00000000,89205.03000000,89333.83000000,226.80640000
2025-12-06 03:00:00,89333.84000000,89404.00000000,89175.00000000,89390.90000000,233.24940000
2025-12-06 04:00:00,89390.90000000,89806.43000000,89390.90000000,89688.35000000,784.83107000
2025-12-06 05:00:00,89688.35000000,89721.76000000,89521.12000000,89659.01000000,185.11807000
2025-12-06 06:00:00,89659.00000000,89740.00000000,89524.03000000,89604.98000000,147.31042000
2025-12-06 07:00:00,89604.97000000,89764.19000000,89527.26000000,89688.65000000,140.21424000
2025-12-06 08:00:00,89688.65000000,89720.00000000,89459.19000000,89597.13000000,296.88077000
2025-12-06 09:00:00,89597.14000000,89647.12000000,89217.59000000,89277.14000000,423.86292000
2025-12-06 10:00:00,89277.14000000,89669.13000000,89264.74000000,89574.12000000,336.18462000
2025-12-06 11:00:00,89574.12000000,89687.86000000,89462.00000000,89506.00000000,175.95561000
2025-12-06 12:00:00,89506.01000000,89750.01000000,89500.00000000,89631.28000000,568.70187000
2025-12-06 13:00:00,89631.29000000,89648.96000000,89566.00000000,89581.19000000,256.02717000
2025-12-06 14:00:00,89581.19000000,89788.56000000,89581.19000000,89673.73000000,252.86068000
2025-12-06 15:00:00,89673.73000000,90289.97000000,89659.00000000,90004.76000000,1068.00125000
2025-12-06 16:00:00,90004.76000000,90042.54000000,89490.98000000,89758.77000000,475.19156000
2025-12-06 17:00:00,89758.77000000,89981.20000000,89680.34000000,89707.80000000,304.47551000
2025-12-06 18:00:00,89707.80000000,89846.98000000,89615.38000000,89712.85000000,310.78613000
2025-12-06 19:00:00,89712.85000000,89787.99000000,89529.90000000,89646.71000000,180.17034000
2025-12-06 20:00:00,89646.70000000,89744.62000000,89077.60000000,89405.64000000,688.16416000
2025-12-06 21:00:00,89405.65000000,89553.82000000,89311.99000000,89548.88000000,135.59159000
2025-12-06 22:00:00,89548.88000000,89615.34000000,89390.01000000,89420.28000000,217.83026000
2025-12-06 23:00:00,89420.29000000,89523.37000000,89257.48000000,89285.94000000,165.36534000
2025-12-07 00:00:00,89285.93000000,89329.38000000,88908.01000000,89236.79000000,549.77464000
2025-12-07 01:00:00,89236.80000000,89553.82000000,89176.52000000,89392.39000000,248.83948000
2025-12-07 02:00:00,89392.39000000,89588.23000000,89300.00000000,89300.00000000,132.20570000
2025-12-07 03:00:00,89300.00000000,89695.65000000,89300.00000000,89621.96000000,175.80697000
2025-12-07 04:00:00,89621.95000000,89749.59000000,89553.81000000,89722.37000000,155.63502000
2025-12-07 05:00:00,89722.37000000,89799.96000000,89487.41000000,89535.95000000,280.51949000
2025-12-07 06:00:00,89535.94000000,89564.55000000,89427.00000000,89515.01000000,130.12741000
2025-12-07 07:00:00,89515.01000000,89710.00000000,89488.28000000,89709.99000000,107.62861000
2025-12-07 08:00:00,89710.00000000,89733.33000000,89200.00000000,89379.72000000,220.78651000
2025-12-07 09:00:00,89379.73000000,89538.70000000,89190.97000000,89316.61000000,173.05781000
2025-12-07 10:00:00,89316.61000000,89395.65000000,89050.01000000,89104.23000000,229.27162000
2025-12-07 11:00:00,89104.23000000,89388.00000000,89103.97000000,89240.18000000,200.63018000
2025-12-07 12:00:00,89240.18000000,89277.59000000,89141.87000000,89149.18000000,183.64055000
2025-12-07 13:00:00,89149.18000000,89585.12000000,89111.40000000,89475.90000000,246.12366000
2025-12-07 14:00:00,89475.90000000,89519.10000000,88652.00000000,89053.74000000,519.89031000
2025-12-07 15:00:00,89053.74000000,89106.00000000,87719.28000000,88220.53000000,1908.61044000
2025-12-07 16:00:00,88220.53000000,89707.54000000,88169.08000000,89554.52000000,1242.29675000
2025-12-07 17:00:00,89554.52000000,89908.17000000,89115.85000000,89893.38000000,675.40594000
2025-12-07 18:00:00,89893.39000000,91271.77000000,89624.00000000,90945.17000000,1918.39408000
2025-12-07 19:00:00,90945.18000000,91760.00000000,90945.17000000,91363.78000000,996.37071000
2025-12-07 20:00:00,91363.79000000,91545.95000000,91213.37000000,91425.52000000,248.14000000
2025-12-07 21:00:00,91425.51000000,91510.40000000,91308.82000000,91439.04000000,186.94503000
2025-12-07 22:00:00,91439.05000000,91439.05000000,89871.00000000,90231.32000000,807.41124000
2025-12-07 23:00:00,90231.31000000,90241.80000000,88995.33000000,89597.03000000,1508.70162000
2025-12-08 00:00:00,89597.03000000,90471.66000000,89522.08000000,90395.31000000,524.67272000
2025-12-08 01:00:00,90395.32000000,90627.11000000,89860.00000000,90346.70000000,491.62319000
2025-12-08 02:00:00,90346.70000000,91700.00000000,90301.86000000,90910.70000000,968.78312000
2025-12-08 03:00:00,90910.70000000,91436.94000000,90811.25000000,91364.18000000,597.40749000
2025-12-08 04:00:00,91364.18000000,91420.00000000,90988.91000000,91068.29000000,395.79035000
2025-12-08 05:00:00,91068.30000000,91470.58000000,91023.06000000,91291.33000000,255.62144000
2025-12-08 06:00:00,91291.33000000,91444.00000000,91037.43000000,91334.03000000,299.94508000
2025-12-08 07:00:00,91334.04000000,91649.87000000,91241.27000000,91464.54000000,485.82587000
2025-12-08 08:00:00,91464.54000000,91868.76000000,91360.00000000,91565.46000000,551.09583000
2025-12-08 09:00:00,91565.46000000,91938.67000000,91486.46000000,91833.90000000,393.73282000
2025-12-08 10:00:00,91833.89000000,92287.15000000,91792.38000000,91912.02000000,790.37467000
2025-12-08 11:00:00,91912.02000000,92222.00000000,91808.09000000,92133.40000000,425.18961000
2025-12-08 12:00:00,92133.39000000,92188.31000000,91851.08000000,91968.29000000,343.75755000
2025-12-08 13:00:00,91968.29000000,91992.30000000,91653.94000000,91768.96000000,573.34646000
2025-12-08 14:00:00,91768.97000000,92122.08000000,91301.45000000,91467.82000000,804.38449000
2025-12-08 15:00:00,91467.83000000,91777.00000000,90790.00000000,90852.56000000,1807.88526000
2025-12-08 16:00:00,90852.57000000,90998.95000000,89612.00000000,89961.37000000,2037.53824000
2025-12-08 17:00:00,89961.36000000,90499.99000000,89679.79000000,89978.48000000,1042.18438000
2025-12-08 18:00:00,89978.47000000,90339.36000000,89694.24000000,90257.98000000,645.64705000
2025-12-08 19:00:00,90257.98000000,90527.30000000,89724.72000000,89921.68000000,559.47994000
2025-12-08 20:00:00,89921.68000000,90366.39000000,89860.07000000,90124.48000000,342.53116000
2025-12-08 21:00:00,90124.49000000,90917.23000000,90124.49000000,90799.92000000,565.06678000
2025-12-08 22:00:00,90799.92000000,91374.00000000,90675.00000000,91316.01000000,579.83297000
2025-12-08 23:00:00,91316.00000000,91373.69000000,90726.40000000,90833.86000000,391.90576000
2025-12-09 00:00:00,90833.85000000,91026.52000000,90490.76000000,90634.34000000,444.68936000
2025-12-09 01:00:00,90634.35000000,90846.26000000,90355.00000000,90396.73000000,288.37623000
2025-12-09 02:00:00,90396.72000000,90569.98000000,89966.00000000,90055.80000000,537.66391000
2025-12-09 03:00:00,90055.80000000,90368.00000000,89979.21000000,90068.20000000,312.17000000
2025-12-09 04:00:00,90068.21000000,90442.77000000,89795.84000000,90405.01000000,1217.20174000
2025-12-09 05:00:00,90405.02000000,90500.00000000,89737.47000000,89917.53000000,488.51951000
2025-12-09 06:00:00,89917.52000000,90209.96000000,89500.00000000,89899.35000000,650.65388000
2025-12-09 07:00:00,89899.35000000,90232.76000000,89775.67000000,90166.84000000,321.30432000
2025-12-09 08:00:00,90166.85000000,90528.67000000,90091.56000000,90496.80000000,407.14103000
2025-12-09 09:00:00,90496.80000000,90600.00000000,90366.35000000,90498.72000000,400.27808000
2025-12-09 10:00:00,90498.72000000,90498.72000000,90129.21000000,90131.59000000,285.35023000
2025-12-09 11:00:00,90131.60000000,90345.39000000,89912.48000000,90298.45000000,489.74956000
2025-12-09 12:00:00,90298.44000000,90396.01000000,90140.02000000,90384.55000000,387.10655000
2025-12-09 13:00:00,90384.54000000,90690.35000000,90331.00000000,90580.00000000,401.62507000
2025-12-09 14:00:00,90580.01000000,90850.00000000,90174.66000000,90431.03000000,643.67225000
2025-12-09 15:00:00,90431.02000000,90644.02000000,90004.73000000,90357.59000000,710.07225000
2025-12-09 16:00:00,90357.60000000,92876.92000000,90288.10000000,92707.51000000,3162.30439000
2025-12-09 17:00:00,92707.50000000,94488.64000000,92693.50000000,94187.81000000,4040.15610000
2025-12-09 18:00:00,94187.81000000,94588.99000000,93538.93000000,93917.99000000,1823.80002000
2025-12-09 19:00:00,93918.00000000,94178.31000000,93661.45000000,93920.48000000,704.49653000
2025-12-09 20:00:00,93920.48000000,94225.00000000,93651.68000000,93800.83000000,735.99959000
2025-12-09 21:00:00,93800.83000000,93857.47000000,92767.71000000,93116.76000000,1097.12749000
2025-12-09 22:00:00,93116.76000000,93243.12000000,92254.92000000,92640.00000000,879.12299000
2025-12-09 23:00:00,92640.01000000,93045.89000000,92506.67000000,92884.00000000,731.02631000
2025-12-10 00:00:00,92884.00000000,92977.98000000,92550.00000000,92678.80000000,525.51211000
2025-12-10 01:00:00,92678.81000000,92786.35000000,92061.00000000,92130.81000000,598.49502000
2025-12-10 02:00:00,92130.82000000,92400.00000000,91976.00000000,92316.36000000,529.89686000
2025-12-10 03:00:00,92316.35000000,92570.54000000,92027.89000000,92495.68000000,611.21334000
2025-12-10 04:00:00,92495.89000000,92553.23000000,92348.66000000,92410.62000000,257.39408000
2025-12-10 05:00:00,92410.62000000,92659.99000000,92386.83000000,92552.62000000,310.96334000
2025-12-10 06:00:00,92552.63000000,92725.00000000,92517.53000000,92556.28000000,373.62942000
2025-12-10 07:00:00,92556.28000000,92757.58000000,92396.24000000,92700.00000000,314.97149000
2025-12-10 08:00:00,92700.01000000,92782.92000000,92500.00000000,92782.91000000,364.28563000
2025-12-10 09:00:00,92782.91000000,92790.00000000,92549.81000000,92605.00000000,321.85602000
2025-12-10 10:00:00,92604.99000000,92972.07000000,92439.40000000,92920.01000000,472.03746000
2025-12-10 11:00:00,92920.00000000,93291.50000000,92135.09000000,92272.66000000,859.47741000
2025-12-10 12:00:00,92272.66000000,92438.98000000,91763.69000000,92120.45000000,969.68906000
2025-12-10 13:00:00,92120.45000000,92216.55000000,91815.35000000,91987.22000000,467.90168000
2025-12-10 14:00:00,91987.22000000,92226.00000000,91939.42000000,92093.66000000,432.08812000
2025-12-10 15:00:00,92093.65000000,92112.57000000,91600.81000000,91831.24000000,883.60779000
2025-12-10 16:00:00,91831.24000000,92149.06000000,91563.15000000,92063.69000000,739.55204000
2025-12-10 17:00:00,92063.69000000,92595.11000000,91899.10000000,92174.11000000,785.95701000
2025-12-10 18:00:00,92174.11000000,92515.82000000,92102.44000000,92396.23000000,598.06235000
2025-12-10 19:00:00,92396.23000000,93056.00000000,92000.00000000,92503.48000000,870.70118000
2025-12-10 20:00:00,92503.49000000,93243.59000000,91684.39000000,92957.67000000,3165.76426000
2025-12-10 21:00:00,92957.67000000,94476.00000000,92259.25000000,92453.89000000,3153.97141000
2025-12-10 22:00:00,92453.89000000,92777.34000000,91878.00000000,92356.38000000,1001.00392000
2025-12-10 23:00:00,92356.39000000,92695.31000000,91954.54000000,92509.94000000,585.06287000
2025-12-11 00:00:00,92509.94000000,92593.96000000,91942.56000000,92015.37000000,331.09907000
2025-12-11 01:00:00,92015.38000000,92080.32000000,91051.00000000,91386.17000000,916.87916000
2025-12-11 02:00:00,91386.17000000,91407.04000000,90658.24000000,90674.74000000,818.48242000
2025-12-11 03:00:00,90674.75000000,90674.75000000,89876.81000000,90074.00000000,1250.21688000
2025-12-11 04:00:00,90073.99000000,90074.01000000,89389.63000000,89880.01000000,1095.56844000
2025-12-11 05:00:00,89880.00000000,90480.14000000,89694.81000000,90436.55000000,943.40562000
2025-12-11 06:00:00,90436.55000000,90436.56000000,90048.20000000,90316.72000000,404.63689000
2025-12-11 07:00:00,90316.72000000,90450.97000000,89975.89000000,90301.35000000,525.01502000
2025-12-11 08:00:00,90301.35000000,90333.49000000,90088.00000000,90272.75000000,372.27346000
2025-12-11 09:00:00,90272.76000000,90272.76000000,89971.11000000,90183.71000000,511.95493000
2025-12-11 10:00:00,90183.71000000,90504.19000000,90123.01000000,90234.19000000,439.70575000
2025-12-11 11:00:00,90234.19000000,90352.59000000,90172.61000000,90320.15000000,273.39760000
2025-12-11 12:00:00,90320.15000000,90417.30000000,90210.44000000,90242.35000000,278.90060000
2025-12-11 13:00:00,90242.36000000,90377.63000000,90006.01000000,90032.31000000,428.00948000
2025-12-11 14:00:00,90032.31000000,90169.26000000,89870.00000000,90103.53000000,567.79082000
2025-12-11 15:00:00,90103.53000000,90482.01000000,89260.63000000,89545.24000000,1363.14038000
2025-12-11 16:00:00,89545.23000000,90653.33000000,89406.79000000,89872.51000000,1182.11834000
2025-12-11 17:00:00,89872.51000000,90178.04000000,89333.00000000,89737.11000000,842.22519000
2025-12-11 18:00:00,89737.11000000,90260.00000000,89627.74000000,89983.23000000,670.94481000
2025-12-11 19:00:00,89983.23000000,91197.70000000,89891.87000000,90710.50000000,1286.99073000
2025-12-11 20:00:00,90710.50000000,91538.26000000,90592.14000000,90839.81000000,843.83016000
2025-12-11 21:00:00,90839.81000000,91831.20000000,90797.76000000,91792.99000000,787.89331000
2025-12-11 22:00:00,91792.98000000,93555.00000000,91706.06000000,92858.39000000,2439.34782000
2025-12-11 23:00:00,92858.40000000,93195.84000000,92068.90000000,92352.00000000,976.14915000
2025-12-12 00:00:00,92352.00000000,92800.00000000,92337.91000000,92513.38000000,753.71062000
2025-12-12 01:00:00,92513.38000000,92651.93000000,91448.31000000,91573.88000000,787.76417000
2025-12-12 02:00:00,91573.88000000,92314.69000000,91532.16000000,92170.00000000,490.58557000
2025-12-12 03:00:00,92170.00000000,92748.98000000,91927.27000000,92588.79000000,586.94037000
2025-12-12 04:00:00,92588.79000000,92754.00000000,92178.37000000,92283.40000000,299.42318000
2025-12-12 05:00:00,92283.40000000,92462.02000000,92114.99000000,92396.69000000,511.34339000
2025-12-12 06:00:00,92396.69000000,92500.00000000,92078.91000000,92444.42000000,312.09266000
2025-12-12 07:00:00,92444.41000000,92720.00000000,92400.00000000,92513.34000000,346.60354000
2025-12-12 08:00:00,92513.34000000,92565.83000000,92257.80000000,92425.34000000,324.16244000
2025-12-12 09:00:00,92425.33000000,92487.25000000,92044.80000000,92342.39000000,626.20872000
2025-12-12 10:00:00,92342.38000000,92553.33000000,92094.00000000,92520.56000000,361.00119000
2025-12-12 11:00:00,92520.56000000,92650.01000000,92408.33000000,92492.32000000,429.06609000
2025-12-12 12:00:00,92492.32000000,92492.33000000,92275.86000000,92418.19000000,207.72939000
2025-12-12 13:00:00,92418.19000000,92420.00000000,92070.55000000,92419.99000000,537.64944000
2025-12-12 14:00:00,92420.00000000,92531.38000000,92240.14000000,92302.79000000,478.10614000
2025-12-12 15:00:00,92302.79000000,92660.74000000,91903.34000000,92444.00000000,1038.44620000
2025-12-12 16:00:00,92444.00000000,92445.94000000,89780.00000000,89935.14000000,3505.93103000
2025-12-12 17:00:00,89935.13000000,90441.17000000,89480.00000000,90046.54000000,2093.36319000
2025-12-12 18:00:00,90046.53000000,90623.72000000,89826.75000000,90083.09000000,1168.98586000
2025-12-12 19:00:00,90083.09000000,90666.00000000,90044.93000000,90372.00000000,894.36594000
2025-12-12 20:00:00,90372.00000000,90399.99000000,90017.05000000,90198.22000000,502.61326000
2025-12-12 21:00:00,90198.23000000,90334.77000000,89898.61000000,90214.08000000,503.97114000
2025-12-12 22:00:00,90214.08000000,90345.94000000,90100.00000000,90193.94000000,320.83820000
2025-12-12 23:00:00,90193.94000000,90395.53000000,90184.92000000,90335.92000000,184.26184000
2025-12-13 00:00:00,90335.93000000,90404.13000000,90233.16000000,90268.42000000,167.73874000
2025-12-13 01:00:00,90268.43000000,90444.28000000,90207.20000000,90323.01000000,184.81820000
2025-12-13 02:00:00,90323.01000000,90359.32000000,90120.00000000,90229.91000000,171.54055000
2025-12-13 03:00:00,90229.92000000,90318.00000000,90221.98000000,90232.77000000,158.12998000
2025-12-13 04:00:00,90232.77000000,90469.71000000,90205.52000000,90345.54000000,134.27456000
2025-12-13 05:00:00,90345.55000000,90410.50000000,90268.91000000,90371.81000000,120.09938000
2025-12-13 06:00:00,90371.81000000,90387.51000000,90269.00000000,90342.91000000,103.66062000
2025-12-13 07:00:00,90342.92000000,90380.00000000,90270.65000000,90351.45000000,106.97274000
2025-12-13 08:00:00,90351.45000000,90400.00000000,90318.56000000,90329.97000000,120.80251000
2025-12-13 09:00:00,90329.98000000,90575.28000000,90318.67000000,90458.19000000,326.23501000
2025-12-13 10:00:00,90458.20000000,90513.53000000,90387.99000000,90422.57000000,164.09529000
2025-12-13 11:00:00,90422.57000000,90634.55000000,90418.49000000,90595.13000000,395.80418000
2025-12-13 12:00:00,90595.14000000,90612.32000000,90290.00000000,90330.36000000,639.73871000
2025-12-13 13:00:00,90330.36000000,90470.30000000,90276.13000000,90341.05000000,491.58704000
2025-12-13 14:00:00,90341.05000000,90450.00000000,90194.34000000,90245.87000000,344.68696000
2025-12-13 15:00:00,90245.88000000,90331.74000000,89932.99000000,90079.70000000,600.45706000
2025-12-13 16:00:00,90079.71000000,90289.60000000,90031.38000000,90092.16000000,470.25787000
2025-12-13 17:00:00,90092.17000000,90268.13000000,90025.65000000,90087.28000000,226.25798000
2025-12-13 18:00:00,90087.28000000,90102.08000000,89981.00000000,90052.61000000,193.07435000
2025-12-13 19:00:00,90052.61000000,90184.34000000,90047.40000000,90119.89000000,145.63725000
2025-12-13 20:00:00,90119.90000000,90224.80000000,90109.62000000,90178.16000000,110.26780000
2025-12-13 21:00:00,90178.17000000,90209.56000000,90037.57000000,90088.31000000,107.22878000
2025-12-13 22:00:00,90088.31000000,90184.59000000,89766.39000000,90175.97000000,284.30101000
2025-12-13 23:00:00,90175.97000000,90250.00000000,89997.14000000,90140.10000000,154.46161000
2025-12-14 00:00:00,90140.10000000,90280.76000000,90051.02000000,90240.01000000,141.31844000
2025-12-14 01:00:00,90240.00000000,90472.40000000,90117.05000000,90340.00000000,291.19891000
2025-12-14 02:00:00,90340.00000000,90442.00000000,90208.00000000,90293.29000000,137.11035000
2025-12-14 03:00:00,90293.29000000,90384.00000000,90240.01000000,90290.17000000,156.14118000
2025-12-14 04:00:00,90290.18000000,90303.08000000,90245.60000000,90258.98000000,126.49087000
2025-12-14 05:00:00,90258.99000000,90329.24000000,90127.99000000,90201.50000000,114.76912000
2025-12-14 06:00:00,90201.50000000,90228.66000000,90050.74000000,90199.06000000,171.78190000
2025-12-14 07:00:00,90199.06000000,90245.34000000,90092.86000000,90145.26000000,269.90290000
2025-12-14 08:00:00,90145.27000000,90279.42000000,90072.97000000,90245.60000000,133.38192000
2025-12-14 09:00:00,90245.60000000,90280.01000000,90108.27000000,90108.28000000,116.07960000
2025-12-14 10:00:00,90108.28000000,90151.02000000,90001.10000000,90020.06000000,187.97686000
2025-12-14 11:00:00,90020.07000000,90136.22000000,89785.00000000,89853.69000000,322.19368000
2025-12-14 12:00:00,89853.69000000,89853.70000000,88687.27000000,89360.00000000,1409.87783000
2025-12-14 13:00:00,89360.01000000,89666.00000000,89101.00000000,89431.65000000,410.39848000
2025-12-14 14:00:00,89431.66000000,89500.00000000,89088.00000000,89489.50000000,410.01233000
2025-12-14 15:00:00,89489.51000000,89556.83000000,88884.26000000,89118.04000000,568.79065000
2025-12-14 16:00:00,89118.04000000,89176.69000000,88882.66000000,89022.91000000,340.50491000
2025-12-14 17:00:00,89022.92000000,89398.71000000,88531.34000000,88836.98000000,723.59164000
2025-12-14 18:00:00,88836.99000000,89032.39000000,88606.73000000,88810.67000000,407.92480000
2025-12-14 19:00:00,88810.67000000,89073.18000000,88722.19000000,88997.28000000,248.72689000
2025-12-14 20:00:00,88997.27000000,88997.28000000,88497.02000000,88644.88000000,304.96489000
2025-12-14 21:00:00,88644.88000000,88827.71000000,88356.90000000,88558.97000000,585.18797000
2025-12-14 22:00:00,88558.97000000,88714.66000000,88345.94000000,88443.85000000,309.77088000
2025-12-14 23:00:00,88443.85000000,88605.06000000,88017.00000000,88415.29000000,614.71972000
2025-12-15 00:00:00,88415.29000000,88609.22000000,87577.36000000,88172.17000000,1055.44176000
2025-12-15 01:00:00,88172.16000000,88692.30000000,88074.37000000,88465.90000000,626.14158000
2025-12-15 02:00:00,88465.90000000,89338.01000000,88428.07000000,89242.32000000,767.16149000
2025-12-15 03:00:00,89242.33000000,90052.64000000,89235.72000000,89321.85000000,985.65880000
2025-12-15 04:00:00,89321.85000000,89543.88000000,89225.91000000,89282.60000000,320.69878000
2025-12-15 05:00:00,89282.60000000,89786.89000000,89272.88000000,89667.64000000,408.51835000
2025-12-15 06:00:00,89667.64000000,89749.47000000,89492.00000000,89615.24000000,221.82498000
2025-12-15 07:00:00,89615.25000000,89918.48000000,89476.98000000,89735.88000000,262.41654000
2025-12-15 08:00:00,89735.89000000,89824.47000000,89516.00000000,89753.42000000,424.17802000
2025-12-15 09:00:00,89753.43000000,89900.00000000,89655.52000000,89770.01000000,250.02319000
2025-12-15 10:00:00,89770.00000000,89986.68000000,89770.00000000,89865.12000000,310.45690000
2025-12-15 11:00:00,89865.13000000,89981.64000000,89717.34000000,89858.95000000,470.70514000
2025-12-15 12:00:00,89858.96000000,89900.00000000,89572.05000000,89641.28000000,493.20463000
2025-12-15 13:00:00,89641.28000000,89762.56000000,89431.52000000,89695.75000000,392.24774000
2025-12-15 14:00:00,89695.76000000,89736.90000000,89274.44000000,89432.00000000,415.38225000
2025-12-15 15:00:00,89432.01000000,89876.42000000,87840.00000000,88050.01000000,1787.73645000
2025-12-15 16:00:00,88050.00000000,88184.28000000,86621.91000000,87033.22000000,3292.66278000
2025-12-15 17:00:00,87033.21000000,87220.00000000,86062.67000000,86400.01000000,1613.22350000
2025-12-15 18:00:00,86400.00000000,86496.89000000,85599.99000000,85762.87000000,1557.38170000
2025-12-15 19:00:00,85762.86000000,86272.23000000,85146.64000000,86185.39000000,1482.06005000
2025-12-15 20:00:00,86185.40000000,86560.40000000,85880.00000000,86149.96000000,1136.56389000
2025-12-15 21:00:00,86149.96000000,86199.63000000,85610.88000000,85787.04000000,692.94245000
2025-12-15 22:00:00,85787.04000000,86307.36000000,85530.01000000,86243.78000000,691.57648000
2025-12-15 23:00:00,86243.77000000,86259.32000000,85827.98000000,86259.31000000,440.84932000
2025-12-16 00:00:00,86259.32000000,86472.70000000,86103.67000000,86432.08000000,735.07689000
2025-12-16 01:00:00,86432.08000000,86535.22000000,85836.60000000,85865.48000000,556.05003000
2025-12-16 02:00:00,85865.49000000,86169.62000000,85651.92000000,85891.02000000,527.35929000
2025-12-16 03:00:00,85891.02000000,86227.99000000,85800.00000000,85944.01000000,492.40216000
2025-12-16 04:00:00,85944.01000000,86019.76000000,85386.00000000,85875.92000000,697.04602000
2025-12-16 05:00:00,85875.91000000,85925.77000000,85266.00000000,85838.51000000,611.35109000
2025-12-16 06:00:00,85838.50000000,86200.00000000,85812.61000000,86028.11000000,355.99172000
2025-12-16 07:00:00,86028.12000000,86611.69000000,86028.12000000,86508.00000000,522.68260000
2025-12-16 08:00:00,86508.01000000,86615.38000000,85850.00000000,86021.51000000,943.04227000
2025-12-16 09:00:00,86021.51000000,86380.00000000,85930.97000000,86281.18000000,426.54563000
2025-12-16 10:00:00,86281.17000000,86426.07000000,86201.10000000,86350.00000000,366.58293000
2025-12-16 11:00:00,86350.00000000,87327.70000000,86275.06000000,86980.01000000,956.84103000
2025-12-16 12:00:00,86980.01000000,87330.00000000,86820.00000000,87261.45000000,667.27630000
2025-12-16 13:00:00,87261.46000000,87480.00000000,87077.41000000,87212.98000000,861.57452000
2025-12-16 14:00:00,87212.98000000,87786.88000000,86410.01000000,86443.02000000,2144.73917000
2025-12-16 15:00:00,86443.02000000,87763.92000000,86107.43000000,87297.99000000,1799.42456000
2025-12-16 16:00:00,87298.00000000,88175.98000000,86839.35000000,87977.43000000,1924.39377000
2025-12-16 17:00:00,87977.44000000,88050.17000000,87333.08000000,87588.26000000,1300.81662000
2025-12-16 18:00:00,87588.26000000,87844.01000000,87093.79000000,87131.99000000,779.27901000
2025-12-16 19:00:00,87132.00000000,88019.88000000,87061.23000000,87781.35000000,863.99314000
2025-12-16 20:00:00,87781.35000000,87800.00000000,87294.11000000,87585.77000000,553.66943000
2025-12-16 21:00:00,87585.76000000,87836.47000000,87343.75000000,87573.23000000,378.71665000
2025-12-16 22:00:00,87573.22000000,87906.29000000,87496.05000000,87768.59000000,268.86536000
2025-12-16 23:00:00,87768.60000000,87931.48000000,87636.37000000,87783.34000000,255.64480000
2025-12-17 00:00:00,87783.35000000,87874.66000000,87602.34000000,87863.42000000,201.76207000
2025-12-17 01:00:00,87863.43000000,87863.43000000,87426.06000000,87537.21000000,344.84512000
2025-12-17 02:00:00,87537.22000000,87950.00000000,87489.12000000,87552.30000000,293.20917000
2025-12-17 03:00:00,87552.30000000,87587.14000000,87188.37000000,87483.04000000,275.84035000
2025-12-17 04:00:00,87483.04000000,87615.27000000,87150.01000000,87213.59000000,265.75670000
2025-12-17 05:00:00,87213.60000000,87398.54000000,86721.86000000,86752.26000000,378.79516000
2025-12-17 06:00:00,86752.27000000,86756.74000000,86209.11000000,86626.39000000,634.29318000
2025-12-17 07:00:00,86626.40000000,87005.27000000,86587.82000000,86777.98000000,454.66393000
2025-12-17 08:00:00,86777.98000000,87169.37000000,86593.55000000,87045.59000000,627.05868000
2025-12-17 09:00:00,87045.59000000,87045.59000000,86326.80000000,86395.66000000,456.87442000
2025-12-17 10:00:00,86395.67000000,86615.38000000,86262.85000000,86417.46000000,334.04163000
2025-12-17 11:00:00,86417.45000000,86837.63000000,86238.91000000,86624.49000000,386.26358000
2025-12-17 12:00:00,86624.50000000,87137.42000000,86565.23000000,86983.26000000,504.05307000
2025-12-17 13:00:00,86983.26000000,87215.97000000,86828.00000000,87029.55000000,620.91109000
2025-12-17 14:00:00,87029.56000000,87860.00000000,86817.27000000,87631.37000000,984.05009000
2025-12-17 15:00:00,87631.37000000,89685.17000000,87161.39000000,89675.85000000,2426.70710000
2025-12-17 16:00:00,89675.85000000,90365.85000000,87136.97000000,87233.44000000,4100.60903000
2025-12-17 17:00:00,87233.44000000,87769.23000000,86166.66000000,86986.51000000,2213.28706000
2025-12-17 18:00:00,86986.50000000,87103.44000000,86265.15000000,86427.12000000,812.72770000
2025-12-17 19:00:00,86427.12000000,86850.64000000,85662.46000000,85829.22000000,910.41728000
2025-12-17 20:00:00,85829.25000000,86195.38000000,85314.00000000,86018.53000000,1109.18442000
2025-12-17 21:00:00,86018.53000000,86252.16000000,85644.09000000,85891.18000000,709.05939000
2025-12-17 22:00:00,85890.36000000,86049.17000000,85700.00000000,85982.88000000,262.46393000
2025-12-17 23:00:00,85982.88000000,86431.14000000,85888.20000000,86339.09000000,477.50595000
2025-12-18 00:00:00,86339.10000000,86340.60000000,85950.00000000,86243.22000000,251.49926000
2025-12-18 01:00:00,86243.23000000,86313.71000000,86056.56000000,86230.74000000,267.87743000
2025-12-18 02:00:00,86230.74000000,86242.15000000,85863.93000000,86119.21000000,322.24363000
2025-12-18 03:00:00,86119.27000000,86863.75000000,86011.20000000,86699.64000000,501.47272000
2025-12-18 04:00:00,86699.64000000,86699.64000000,86270.59000000,86618.34000000,624.40718000
2025-12-18 05:00:00,86618.35000000,86901.40000000,86607.34000000,86765.43000000,404.83110000
2025-12-18 06:00:00,86765.44000000,86768.78000000,86384.61000000,86440.90000000,380.26204000
2025-12-18 07:00:00,86440.90000000,86660.61000000,86411.62000000,86645.93000000,241.79517000
2025-12-18 08:00:00,86645.93000000,86863.75000000,86593.07000000,86833.84000000,524.31368000
2025-12-18 09:00:00,86833.83000000,87126.22000000,86685.14000000,86978.98000000,699.07640000
2025-12-18 10:00:00,86978.98000000,87392.43000000,86803.06000000,87280.95000000,575.12681000
2025-12-18 11:00:00,87280.95000000,87453.63000000,87213.27000000,87341.95000000,387.02725000
2025-12-18 12:00:00,87342.00000000,87356.81000000,87067.26000000,87300.74000000,233.58665000
2025-12-18 13:00:00,87300.50000000,87428.00000000,87109.76000000,87259.99000000,364.92164000
2025-12-18 14:00:00,87259.99000000,89203.23000000,87259.99000000,88851.70000000,2595.36979000
2025-12-18 15:00:00,88851.70000000,89477.61000000,87727.25000000,88345.20000000,2494.91228000
2025-12-18 16:00:00,88345.19000000,89362.79000000,87966.24000000,88513.44000000,1859.88413000
2025-12-18 17:00:00,88513.43000000,88533.61000000,87852.00000000,88014.00000000,962.80719000
2025-12-18 18:00:00,88014.00000000,88022.63000000,85481.22000000,86483.56000000,2784.29449000
2025-12-18 19:00:00,86483.56000000,86889.04000000,85720.00000000,85970.00000000,1482.84371000
2025-12-18 20:00:00,85970.00000000,86010.00000000,84481.31000000,84483.79000000,4102.16356000
2025-12-18 21:00:00,84483.80000000,85268.41000000,84450.01000000,84582.65000000,1888.57496000
2025-12-18 22:00:00,84582.64000000,85835.90000000,84559.21000000,85630.95000000,999.89541000
2025-12-18 23:00:00,85630.96000000,85750.85000000,85288.01000000,85582.88000000,409.43501000
2025-12-19 00:00:00,85582.89000000,85619.99000000,85322.07000000,85516.41000000,298.29540000
2025-12-19 01:00:00,85516.41000000,85604.88000000,85295.20000000,85604.88000000,318.70597000
2025-12-19 02:00:00,85604.88000000,85604.88000000,85110.24000000,85320.43000000,357.58384000
2025-12-19 03:00:00,85320.42000000,85929.06000000,85135.39000000,85643.44000000,554.49887000
2025-12-19 04:00:00,85643.44000000,87568.99000000,85610.47000000,86891.39000000,2080.88033000
2025-12-19 05:00:00,86891.39000000,87380.00000000,86846.15000000,87103.34000000,691.06624000
2025-12-19 06:00:00,87103.34000000,87223.98000000,86647.51000000,87139.95000000,797.75888000
2025-12-19 07:00:00,87139.95000000,87484.00000000,86907.80000000,87483.41000000,424.48329000
2025-12-19 08:00:00,87483.41000000,88449.06000000,87473.53000000,87953.40000000,1800.28697000
2025-12-19 09:00:00,87953.39000000,88222.00000000,87742.60000000,88102.78000000,559.50769000
2025-12-19 10:00:00,88102.78000000,88165.27000000,87898.36000000,88105.03000000,362.43771000
2025-12-19 11:00:00,88105.03000000,88341.29000000,87921.41000000,88267.09000000,527.07869000
2025-12-19 12:00:00,88267.09000000,88385.06000000,88138.51000000,88198.70000000,348.79773000
2025-12-19 13:00:00,88198.70000000,88280.06000000,87846.03000000,87855.92000000,788.49881000
2025-12-19 14:00:00,87855.92000000,88220.41000000,87825.19000000,87997.14000000,815.39060000
2025-12-19 15:00:00,87997.13000000,88552.17000000,87514.59000000,88180.01000000,1848.73686000
2025-12-19 16:00:00,88180.00000000,89399.97000000,87692.77000000,87951.87000000,2536.09207000
2025-12-19 17:00:00,87951.86000000,88882.55000000,87872.91000000,87983.25000000,1009.42568000
2025-12-19 18:00:00,87983.24000000,88346.96000000,86873.14000000,86943.25000000,1787.60684000
2025-12-19 19:00:00,86943.26000000,87466.09000000,86846.16000000,87155.44000000,656.70102000
2025-12-19 20:00:00,87155.43000000,88125.67000000,87134.60000000,87845.92000000,1130.87692000
2025-12-19 21:00:00,87845.92000000,88416.00000000,87614.79000000,88099.60000000,970.95933000
2025-12-19 22:00:00,88099.59000000,88099.60000000,87800.00000000,87839.40000000,343.56863000
2025-12-19 23:00:00,87839.39000000,88426.85000000,87839.39000000,88344.78000000,328.59939000
2025-12-20 00:00:00,88344.77000000,88360.00000000,88133.85000000,88136.94000000,217.10768000
2025-12-20 01:00:00,88136.95000000,88188.00000000,87961.60000000,88005.63000000,238.63486000
2025-12-20 02:00:00,88005.63000000,88165.27000000,88005.62000000,88075.89000000,236.74301000
2025-12-20 03:00:00,88075.89000000,88311.87000000,87988.67000000,88204.04000000,365.01084000
2025-12-20 04:00:00,88204.03000000,88339.27000000,88176.45000000,88214.98000000,144.05844000
2025-12-20 05:00:00,88214.98000000,88338.31000000,88123.07000000,88295.37000000,198.26731000
2025-12-20 06:00:00,88295.38000000,88573.07000000,88275.19000000,88295.31000000,306.24924000
2025-12-20 07:00:00,88295.31000000,88444.54000000,88275.92000000,88305.81000000,99.47233000
2025-12-20 08:00:00,88305.81000000,88328.84000000,88189.67000000,88275.41000000,193.88304000
2025-12-20 09:00:00,88275.41000000,88428.00000000,88257.21000000,88257.21000000,190.13912000
2025-12-20 10:00:00,88257.21000000,88339.05000000,88220.61000000,88224.00000000,171.15417000
2025-12-20 11:00:00,88224.00000000,88288.21000000,88129.27000000,88163.99000000,255.88825000
2025-12-20 12:00:00,88163.99000000,88313.20000000,88107.35000000,88277.66000000,204.54149000
2025-12-20 13:00:00,88277.66000000,88335.00000000,88195.51000000,88256.08000000,140.78522000
2025-12-20 14:00:00,88256.07000000,88343.73000000,87795.76000000,88270.39000000,491.51954000
2025-12-20 15:00:00,88270.39000000,88287.84000000,88012.00000000,88260.88000000,329.36375000
2025-12-20 16:00:00,88260.89000000,88267.10000000,88025.96000000,88178.71000000,354.00686000
2025-12-20 17:00:00,88178.72000000,88242.55000000,88133.65000000,88149.72000000,141.45563000
2025-12-20 18:00:00,88149.72000000,88258.22000000,88103.54000000,88181.80000000,145.06220000
2025-12-20 19:00:00,88181.80000000,88418.73000000,88151.97000000,88313.21000000,203.88068000
2025-12-20 20:00:00,88313.22000000,88329.03000000,88201.14000000,88232.92000000,83.70640000
2025-12-20 21:00:00,88232.92000000,88312.72000000,88211.17000000,88271.60000000,128.50977000
2025-12-20 22:00:00,88271.60000000,88443.44000000,88184.96000000,88208.73000000,169.66114000
2025-12-20 23:00:00,88208.74000000,88339.99000000,88154.06000000,88279.35000000,182.03760000
2025-12-21 00:00:00,88279.34000000,88423.31000000,88252.78000000,88360.90000000,149.10105000
2025-12-21 01:00:00,88360.91000000,88433.64000000,88306.00000000,88387.92000000,134.46825000
2025-12-21 02:00:00,88387.93000000,88387.93000000,88011.83000000,88011.83000000,279.93502000
2025-12-21 03:00:00,88011.84000000,88149.99000000,87869.35000000,87943.76000000,392.18461000
2025-12-21 04:00:00,87943.76000000,88150.00000000,87934.48000000,88070.64000000,184.82899000
2025-12-21 05:00:00,88070.64000000,88149.13000000,88050.00000000,88065.83000000,180.33962000
2025-12-21 06:00:00,88065.83000000,88150.01000000,88054.05000000,88138.95000000,67.73322000
2025-12-21 07:00:00,88138.95000000,88201.59000000,88068.36000000,88090.72000000,107.24070000
2025-12-21 08:00:00,88090.73000000,88174.79000000,88054.61000000,88174.79000000,100.25965000
2025-12-21 09:00:00,88174.79000000,88767.20000000,88141.87000000,88537.87000000,426.66802000
2025-12-21 10:00:00,88537.88000000,89081.77000000,88500.30000000,88892.82000000,535.95501000
2025-12-21 11:00:00,88892.82000000,88979.94000000,88580.52000000,88669.78000000,321.68195000
2025-12-21 12:00:00,88669.78000000,88750.00000000,88588.11000000,88601.57000000,155.51107000
2025-12-21 13:00:00,88601.57000000,88920.01000000,88463.78000000,88638.01000000,273.81982000
2025-12-21 14:00:00,88638.01000000,88694.32000000,87600.04000000,87670.10000000,1029.34323000
2025-12-21 15:00:00,87670.10000000,88148.34000000,87615.07000000,88065.18000000,535.83684000
2025-12-21 16:00:00,88065.19000000,88272.34000000,87813.00000000,88067.95000000,367.50892000
2025-12-21 17:00:00,88067.96000000,88369.00000000,87985.11000000,88359.18000000,434.13180000
2025-12-21 18:00:00,88359.18000000,88494.97000000,88280.67000000,88324.14000000,292.57922000
2025-12-21 19:00:00,88324.14000000,88451.84000000,87950.00000000,88445.09000000,223.91956000
2025-12-21 20:00:00,88445.08000000,88600.00000000,88201.58000000,88484.01000000,289.83713000
2025-12-21 21:00:00,88484.01000000,88500.00000000,88230.76000000,88230.96000000,127.78210000
2025-12-21 22:00:00,88230.97000000,88368.83000000,88091.96000000,88162.86000000,151.57667000
2025-12-21 23:00:00,88162.86000000,88494.99000000,88120.99000000,88483.63000000,176.80431000
2025-12-22 00:00:00,88483.64000000,88823.52000000,88374.74000000,88658.86000000,342.92687000
2025-12-22 01:00:00,88658.87000000,89627.24000000,88613.87000000,88622.40000000,1109.80548000
2025-12-22 02:00:00,88622.40000000,89279.31000000,88516.00000000,88626.31000000,593.85875000
2025-12-22 03:00:00,88626.31000000,88658.22000000,87900.00000000,88458.27000000,639.02818000
2025-12-22 04:00:00,88458.27000000,88850.00000000,88283.40000000,88774.12000000,277.28751000
2025-12-22 05:00:00,88774.13000000,89034.44000000,88712.11000000,88904.99000000,316.78715000
2025-12-22 06:00:00,88905.00000000,89000.00000000,88762.43000000,88831.34000000,260.18369000
2025-12-22 07:00:00,88831.34000000,89008.00000000,88730.07000000,88909.26000000,222.60970000
2025-12-22 08:00:00,88909.26000000,89200.00000000,88891.63000000,89170.10000000,491.12288000
2025-12-22 09:00:00,89170.10000000,89908.71000000,89093.44000000,89334.20000000,921.73946000
2025-12-22 10:00:00,89334.21000000,89836.89000000,89301.00000000,89829.60000000,441.59532000
2025-12-22 11:00:00,89829.60000000,89868.00000000,89615.38000000,89778.94000000,435.91534000
2025-12-22 12:00:00,89778.95000000,90118.00000000,89656.38000000,89945.43000000,823.65187000
2025-12-22 13:00:00,89945.43000000,90588.23000000,89866.00000000,90208.48000000,1081.30015000
2025-12-22 14:00:00,90208.49000000,90319.98000000,89731.72000000,89912.37000000,614.87382000
2025-12-22 15:00:00,89912.38000000,90293.28000000,89440.50000000,90126.43000000,1047.85448000
2025-12-22 16:00:00,90126.44000000,90454.74000000,89196.42000000,89726.92000000,1198.69370000
2025-12-22 17:00:00,89726.93000000,90127.00000000,89523.22000000,89550.00000000,654.12884000
2025-12-22 18:00:00,89550.01000000,89579.81000000,89092.09000000,89308.92000000,588.68917000
2025-12-22 19:00:00,89308.91000000,89523.23000000,89140.00000000,89150.04000000,385.95267000
2025-12-22 20:00:00,89150.04000000,89150.04000000,87965.76000000,88052.43000000,980.77862000
2025-12-22 21:00:00,88052.42000000,88486.12000000,87911.79000000,88351.03000000,544.44938000
2025-12-22 22:00:00,88351.03000000,88619.13000000,88235.09000000,88275.06000000,405.03635000
2025-12-22 23:00:00,88275.05000000,88833.33000000,88150.00000000,88660.07000000,389.08575000
2025-12-23 00:00:00,88660.07000000,88700.00000000,88430.43000000,88620.79000000,248.79144000
2025-12-23 01:00:00,88620.79000000,88940.00000000,88504.78000000,88770.47000000,270.13686000
2025-12-23 02:00:00,88770.47000000,88889.76000000,88430.00000000,88513.71000000,241.89286000
2025-12-23 03:00:00,88513.72000000,88755.24000000,88091.21000000,88206.80000000,579.81965000
2025-12-23 04:00:00,88206.80000000,88355.56000000,87800.00000000,88170.00000000,413.85546000
2025-12-23 05:00:00,88170.00000000,88368.10000000,87930.99000000,87930.99000000,308.91036000
2025-12-23 06:00:00,87931.00000000,88025.71000000,87614.79000000,87765.01000000,482.98475000
2025-12-23 07:00:00,87765.01000000,87780.00000000,87051.52000000,87400.01000000,787.33301000
2025-12-23 08:00:00,87400.01000000,87698.82000000,87373.22000000,87574.79000000,417.20250000
2025-12-23 09:00:00,87574.78000000,87699.99000000,87433.20000000,87477.15000000,347.82336000
2025-12-23 10:00:00,87477.14000000,87630.76000000,87297.69000000,87531.85000000,429.48493000
2025-12-23 11:00:00,87531.85000000,87659.90000000,87510.60000000,87615.93000000,241.30517000
2025-12-23 12:00:00,87615.92000000,87890.00000000,87564.29000000,87856.65000000,413.76507000
2025-12-23 13:00:00,87856.66000000,87963.03000000,87600.00000000,87789.18000000,403.03862000
2025-12-23 14:00:00,87789.18000000,87902.00000000,87426.70000000,87616.67000000,558.41583000
2025-12-23 15:00:00,87616.66000000,87829.20000000,86601.90000000,86874.00000000,1406.81005000
2025-12-23 16:00:00,86873.99000000,87550.00000000,86720.00000000,87443.45000000,1039.72862000
2025-12-23 17:00:00,87443.45000000,88189.64000000,87325.40000000,88003.63000000,1214.11389000
2025-12-23 18:00:00,88003.63000000,88275.40000000,87180.00000000,87180.01000000,705.26293000
2025-12-23 19:00:00,87180.00000000,88177.98000000,87162.39000000,87975.01000000,814.37143000
2025-12-23 20:00:00,87975.02000000,88043.94000000,87650.00000000,87752.87000000,487.08154000
2025-12-23 21:00:00,87752.88000000,88372.35000000,87524.58000000,87691.50000000,807.56489000
2025-12-23 22:00:00,87691.51000000,87856.37000000,87540.87000000,87722.89000000,406.59734000
2025-12-23 23:00:00,87722.90000000,87779.25000000,87250.00000000,87399.45000000,627.85138000
2025-12-24 00:00:00,87399.45000000,87520.87000000,87180.00000000,87486.00000000,504.97854000
2025-12-24 01:00:00,87486.00000000,87672.26000000,87264.00000000,87660.47000000,394.43819000
2025-12-24 02:00:00,87660.47000000,87839.66000000,87500.00000000,87632.51000000,313.39351000
2025-12-24 03:00:00,87632.51000000,87658.07000000,86940.76000000,87134.39000000,587.21641000
2025-12-24 04:00:00,87134.39000000,87392.61000000,86863.88000000,87336.23000000,303.84075000
2025-12-24 05:00:00,87336.23000000,87458.54000000,87083.50000000,87147.65000000,288.59994000
2025-12-24 06:00:00,87147.64000000,87248.79000000,86796.65000000,86957.90000000,344.84105000
2025-12-24 07:00:00,86957.89000000,87071.64000000,86802.03000000,87019.21000000,370.38507000
2025-12-24 08:00:00,87019.21000000,87184.57000000,86911.52000000,86911.53000000,345.81136000
2025-12-24 09:00:00,86911.53000000,87077.67000000,86769.32000000,86795.56000000,315.09263000
2025-12-24 10:00:00,86795.56000000,86903.17000000,86724.05000000,86812.80000000,230.63616000
2025-12-24 11:00:00,86812.80000000,87196.00000000,86812.79000000,87077.66000000,292.48243000
2025-12-24 12:00:00,87077.66000000,87359.59000000,87077.66000000,87203.94000000,350.15883000
2025-12-24 13:00:00,87203.94000000,87478.59000000,87129.47000000,87428.51000000,308.22922000
2025-12-24 14:00:00,87428.50000000,87440.24000000,87038.44000000,87286.90000000,403.57201000
2025-12-24 15:00:00,87286.90000000,87448.49000000,86420.00000000,86994.70000000,906.39237000
2025-12-24 16:00:00,86994.70000000,87218.69000000,86580.00000000,87049.99000000,682.33537000
2025-12-24 17:00:00,87050.00000000,87670.00000000,86917.25000000,87283.23000000,859.06821000
2025-12-24 18:00:00,87283.23000000,87576.68000000,87255.06000000,87322.77000000,412.56130000
2025-12-24 19:00:00,87322.77000000,87500.67000000,87233.93000000,87470.65000000,257.68600000
2025-12-24 20:00:00,87470.64000000,87578.81000000,87329.90000000,87566.06000000,217.13377000
2025-12-24 21:00:00,87566.07000000,87679.05000000,87516.77000000,87556.20000000,186.42889000
2025-12-24 22:00:00,87556.21000000,87795.65000000,87556.20000000,87696.33000000,184.56137000
2025-12-24 23:00:00,87696.34000000,88049.89000000,87696.33000000,88009.81000000,324.48249000
2025-12-25 00:00:00,88009.82000000,88023.57000000,87599.14000000,87669.45000000,261.49587000
2025-12-25 01:00:00,87669.44000000,87749.00000000,87508.52000000,87568.37000000,172.91056000
2025-12-25 02:00:00,87568.37000000,87748.78000000,87567.42000000,87699.99000000,127.73475000
2025-12-25 03:00:00,87700.00000000,87967.50000000,87563.87000000,87892.66000000,207.01020000
2025-12-25 04:00:00,87892.66000000,87925.08000000,87767.84000000,87840.42000000,145.20674000
2025-12-25 05:00:00,87840.42000000,87843.38000000,87743.00000000,87773.33000000,132.58221000
2025-12-25 06:00:00,87773.34000000,87787.92000000,87661.17000000,87750.55000000,171.99245000
2025-12-25 07:00:00,87750.56000000,87842.53000000,87692.67000000,87836.42000000,122.21291000
2025-12-25 08:00:00,87836.43000000,87862.20000000,87755.94000000,87837.59000000,141.89666000
2025-12-25 09:00:00,87837.59000000,87888.00000000,87351.96000000,87584.65000000,461.19047000
2025-12-25 10:00:00,87584.65000000,87603.78000000,87450.01000000,87526.48000000,318.47286000
2025-12-25 11:00:00,87526.47000000,87533.36000000,87251.60000000,87414.14000000,276.87514000
2025-12-25 12:00:00,87414.15000000,87591.32000000,87414.14000000,87519.44000000,147.21369000
2025-12-25 13:00:00,87519.45000000,87586.92000000,87476.49000000,87566.00000000,142.98872000
2025-12-25 14:00:00,87566.00000000,87683.87000000,87398.78000000,87638.25000000,370.11784000
2025-12-25 15:00:00,87638.25000000,87759.33000000,87550.00000000,87718.21000000,282.91916000
2025-12-25 16:00:00,87718.22000000,88592.74000000,87714.00000000,88371.27000000,1137.44680000
2025-12-25 17:00:00,88371.27000000,88478.00000000,87993.21000000,88086.72000000,533.77153000
2025-12-25 18:00:00,88086.73000000,88211.18000000,88000.32000000,88139.08000000,203.97629000
2025-12-25 19:00:00,88139.07000000,88314.37000000,88139.07000000,88241.26000000,193.54871000
2025-12-25 20:00:00,88241.26000000,88249.51000000,88075.99000000,88151.18000000,108.25003000
2025-12-25 21:00:00,88151.19000000,88167.65000000,87650.00000000,87892.69000000,287.61054000
2025-12-25 22:00:00,87892.69000000,87982.98000000,87820.00000000,87901.21000000,144.90662000
2025-12-25 23:00:00,87901.22000000,87915.10000000,87311.00000000,87650.00000000,459.19007000
2025-12-26 00:00:00,87649.99000000,87771.01000000,86934.72000000,87225.27000000,806.55740000
2025-12-26 01:00:00,87225.27000000,87320.10000000,86891.70000000,87120.00000000,573.22847000
2025-12-26 02:00:00,87119.99000000,87500.00000000,87119.99000000,87432.26000000,232.74740000
2025-12-26 03:00:00,87432.26000000,89440.00000000,87416.04000000,89199.99000000,2823.54617000
2025-12-26 04:00:00,89200.00000000,89289.99000000,88714.36000000,88844.87000000,1335.10374000
2025-12-26 05:00:00,88844.88000000,89153.17000000,88516.73000000,88969.24000000,561.23440000
2025-12-26 06:00:00,88969.24000000,89045.71000000,88828.06000000,88996.58000000,281.22768000
2025-12-26 07:00:00,88996.58000000,89250.00000000,88996.58000000,89124.24000000,512.77497000
2025-12-26 08:00:00,89124.24000000,89567.75000000,88347.45000000,88470.75000000,1799.23903000
2025-12-26 09:00:00,88470.75000000,88886.00000000,88414.81000000,88742.28000000,449.86032000
2025-12-26 10:00:00,88742.28000000,88918.59000000,88649.63000000,88811.76000000,363.34862000
2025-12-26 11:00:00,88811.77000000,88882.01000000,88680.00000000,88748.34000000,245.05773000
2025-12-26 12:00:00,88748.35000000,88754.69000000,88532.00000000,88533.42000000,192.05882000
2025-12-26 13:00:00,88533.43000000,88761.45000000,88533.42000000,88678.90000000,338.36189000
2025-12-26 14:00:00,88678.89000000,89050.00000000,88618.14000000,88992.88000000,360.81787000
2025-12-26 15:00:00,88992.88000000,89049.88000000,87345.88000000,87380.43000000,1728.76389000
2025-12-26 16:00:00,87380.44000000,87381.00000000,86655.08000000,87137.81000000,3504.43069000
2025-12-26 17:00:00,87137.81000000,87380.00000000,86850.38000000,86855.82000000,711.31648000
2025-12-26 18:00:00,86855.83000000,87463.77000000,86818.18000000,87331.91000000,460.45969000
2025-12-26 19:00:00,87331.91000000,87380.00000000,87117.11000000,87277.77000000,386.97537000
2025-12-26 20:00:00,87277.78000000,87580.29000000,87246.00000000,87501.83000000,382.01197000
2025-12-26 21:00:00,87501.83000000,87792.70000000,87399.71000000,87585.77000000,275.03600000
2025-12-26 22:00:00,87585.76000000,87697.81000000,87460.57000000,87470.59000000,309.65661000
2025-12-26 23:00:00,87470.59000000,87592.67000000,87321.40000000,87550.00000000,304.71430000
2025-12-27 00:00:00,87549.99000000,87550.09000000,87331.85000000,87369.56000000,212.64294000
2025-12-27 01:00:00,87369.56000000,87414.26000000,87253.05000000,87401.07000000,201.59724000
2025-12-27 02:00:00,87401.08000000,87492.66000000,87333.00000000,87475.03000000,129.68193000
2025-12-27 03:00:00,87475.03000000,87492.66000000,87392.64000000,87446.02000000,170.01720000
2025-12-27 04:00:00,87446.01000000,87532.00000000,87386.97000000,87514.22000000,174.05379000
2025-12-27 05:00:00,87514.23000000,87516.84000000,87463.32000000,87470.19000000,106.03892000
2025-12-27 06:00:00,87470.19000000,87512.80000000,87446.19000000,87506.00000000,107.21243000
2025-12-27 07:00:00,87506.01000000,87566.00000000,87417.93000000,87469.02000000,148.91554000
2025-12-27 08:00:00,87469.02000000,87702.00000000,87469.01000000,87539.26000000,153.18664000
2025-12-27 09:00:00,87539.26000000,87677.00000000,87539.25000000,87593.00000000,113.75997000
2025-12-27 10:00:00,87593.01000000,87665.62000000,87533.84000000,87618.91000000,478.79096000
2025-12-27 11:00:00,87618.90000000,87627.67000000,87370.73000000,87503.01000000,293.11984000
2025-12-27 12:00:00,87503.02000000,87549.97000000,87442.15000000,87475.98000000,192.08386000
2025-12-27 13:00:00,87475.99000000,87515.21000000,87422.41000000,87474.28000000,86.49536000
2025-12-27 14:00:00,87474.28000000,87478.37000000,87308.05000000,87452.78000000,204.72599000
2025-12-27 15:00:00,87452.79000000,87544.91000000,87390.16000000,87544.90000000,306.42504000
2025-12-27 16:00:00,87544.89000000,87589.99000000,87484.71000000,87551.25000000,151.74415000
2025-12-27 17:00:00,87551.26000000,87583.47000000,87442.08000000,87498.41000000,152.77888000
2025-12-27 18:00:00,87498.42000000,87562.79000000,87467.33000000,87562.58000000,129.16436000
2025-12-27 19:00:00,87562.57000000,87572.41000000,87463.76000000,87500.01000000,152.40591000
2025-12-27 20:00:00,87500.01000000,87591.00000000,87500.00000000,87569.39000000,132.24207000
2025-12-27 21:00:00,87569.39000000,87635.77000000,87523.78000000,87555.92000000,113.31975000
2025-12-27 22:00:00,87555.92000000,87668.23000000,87555.91000000,87668.22000000,95.93035000
2025-12-27 23:00:00,87668.23000000,87955.00000000,87499.99000000,87565.99000000,386.61743000
2025-12-28 00:00:00,87566.00000000,87984.00000000,87565.99000000,87877.01000000,289.24395000
2025-12-28 01:00:00,87877.00000000,87961.37000000,87705.97000000,87854.96000000,205.17782000
2025-12-28 02:00:00,87854.97000000,87945.39000000,87739.06000000,87785.96000000,153.21984000
2025-12-28 03:00:00,87785.97000000,87872.67000000,87755.80000000,87810.78000000,104.97363000
2025-12-28 04:00:00,87810.79000000,87845.45000000,87725.47000000,87740.01000000,208.71524000
2025-12-28 05:00:00,87740.00000000,87837.99000000,87693.00000000,87724.87000000,151.07627000
2025-12-28 06:00:00,87724.86000000,87724.87000000,87614.79000000,87657.93000000,115.90545000
2025-12-28 07:00:00,87657.94000000,87784.20000000,87647.42000000,87732.00000000,93.33462000
2025-12-28 08:00:00,87732.01000000,87734.98000000,87675.87000000,87730.85000000,81.91388000
2025-12-28 09:00:00,87730.86000000,87972.95000000,87730.86000000,87805.00000000,172.52967000
2025-12-28 10:00:00,87805.00000000,87900.00000000,87720.00000000,87800.00000000,198.63592000
2025-12-28 11:00:00,87800.00000000,88010.00000000,87799.99000000,87856.91000000,246.43833000
2025-12-28 12:00:00,87856.91000000,87923.50000000,87818.58000000,87883.25000000,142.43984000
2025-12-28 13:00:00,87883.25000000,87891.32000000,87794.86000000,87850.60000000,130.62309000
2025-12-28 14:00:00,87850.59000000,87962.45000000,87820.00000000,87896.59000000,171.73272000
2025-12-28 15:00:00,87896.60000000,88088.75000000,87896.59000000,87910.00000000,249.63472000
2025-12-28 16:00:00,87910.00000000,88006.00000000,87824.18000000,87836.27000000,269.26609000
2025-12-28 17:00:00,87836.27000000,87898.42000000,87740.00000000,87814.04000000,180.88996000
2025-12-28 18:00:00,87814.04000000,87931.59000000,87760.00000000,87760.00000000,91.89130000
2025-12-28 19:00:00,87760.01000000,87768.79000000,87500.26000000,87598.49000000,404.22039000
2025-12-28 20:00:00,87598.49000000,87698.30000000,87511.27000000,87520.75000000,204.83537000
2025-12-28 21:00:00,87520.75000000,87655.28000000,87446.73000000,87514.76000000,144.33445000
2025-12-28 22:00:00,87514.75000000,87592.67000000,87435.00000000,87588.37000000,122.38811000
2025-12-28 23:00:00,87588.37000000,87992.70000000,87481.55000000,87900.09000000,295.38221000
2025-12-29 00:00:00,87900.09000000,88049.53000000,87634.92000000,87952.71000000,306.73393000
2025-12-29 01:00:00,87952.71000000,88444.19000000,87813.17000000,88295.69000000,572.37767000
2025-12-29 02:00:00,88295.68000000,88480.00000000,87849.42000000,88445.57000000,562.88296000
2025-12-29 03:00:00,88445.57000000,89383.74000000,88445.57000000,89163.25000000,1796.47871000
2025-12-29 04:00:00,89163.25000000,90169.06000000,89101.79000000,90123.55000000,1827.31757000
2025-12-29 05:00:00,90123.55000000,90406.08000000,89952.81000000,90143.06000000,1199.95690000
2025-12-29 06:00:00,90143.07000000,90300.07000000,89931.37000000,89984.00000000,828.28612000
2025-12-29 07:00:00,89984.00000000,90121.21000000,89749.87000000,89777.26000000,503.12838000
2025-12-29 08:00:00,89777.25000000,89846.71000000,89507.03000000,89617.71000000,971.61551000
2025-12-29 09:00:00,89617.71000000,89825.01000000,89444.47000000,89555.10000000,990.67432000
2025-12-29 10:00:00,89555.10000000,89618.22000000,87770.10000000,88100.05000000,2360.59949000
2025-12-29 11:00:00,88100.50000000,88270.02000000,87653.69000000,87780.01000000,807.41906000
2025-12-29 12:00:00,87780.00000000,87793.27000000,87567.65000000,87567.66000000,450.07731000
2025-12-29 13:00:00,87567.65000000,87636.34000000,86806.50000000,87397.00000000,1590.97728000
2025-12-29 14:00:00,87396.99000000,87537.23000000,87165.04000000,87387.71000000,611.51720000
2025-12-29 15:00:00,87387.70000000,88190.71000000,87259.30000000,87429.96000000,985.69910000
2025-12-29 16:00:00,87429.97000000,87918.69000000,87222.41000000,87691.62000000,990.15708000
2025-12-29 17:00:00,87691.62000000,87840.08000000,87439.03000000,87627.11000000,372.34157000
2025-12-29 18:00:00,87627.11000000,87850.00000000,87350.00000000,87849.99000000,322.83525000
2025-12-29 19:00:00,87850.00000000,87996.22000000,87361.53000000,87464.77000000,459.75861000
2025-12-29 20:00:00,87464.78000000,87668.23000000,87312.34000000,87366.23000000,302.74790000
2025-12-29 21:00:00,87366.23000000,87597.59000000,87085.80000000,87212.01000000,665.46040000
2025-12-29 22:00:00,87212.01000000,87371.62000000,87173.31000000,87337.85000000,221.04149000
2025-12-29 23:00:00,87337.85000000,87404.29000000,87071.49000000,87351.05000000,310.53727000
2025-12-30 00:00:00,87351.05000000,87395.07000000,87188.00000000,87237.13000000,191.09860000
2025-12-30 01:00:00,87237.13000000,87359.40000000,87105.09000000,87250.23000000,230.51064000
2025-12-30 02:00:00,87250.22000000,87356.62000000,87117.87000000,87308.23000000,239.57935000
2025-12-30 03:00:00,87308.23000000,87347.70000000,86986.82000000,87111.00000000,471.28819000
2025-12-30 04:00:00,87110.99000000,87423.65000000,86845.66000000,87379.00000000,579.19187000
2025-12-30 05:00:00,87378.99000000,87492.66000000,87294.67000000,87300.00000000,292.49013000
2025-12-30 06:00:00,87300.01000000,87359.43000000,87157.07000000,87255.97000000,140.45208000
2025-12-30 07:00:00,87255.98000000,87527.42000000,87241.91000000,87443.17000000,234.42509000
2025-12-30 08:00:00,87443.17000000,87600.00000000,87369.98000000,87502.85000000,410.22407000
2025-12-30 09:00:00,87502.85000000,88224.76000000,87502.84000000,87872.68000000,1026.69682000
2025-12-30 10:00:00,87872.68000000,88046.37000000,87657.44000000,87992.70000000,436.16992000
2025-12-30 11:00:00,87992.70000000,88179.38000000,87906.94000000,87949.51000000,416.39591000
2025-12-30 12:00:00,87949.52000000,88026.36000000,87735.09000000,87903.89000000,588.98774000
2025-12-30 13:00:00,87903.89000000,88090.79000000,87901.70000000,88023.54000000,497.15542000
2025-12-30 14:00:00,88023.53000000,88136.00000000,87918.60000000,88110.02000000,448.15717000
2025-12-30 15:00:00,88110.02000000,89010.12000000,87834.01000000,88875.83000000,1626.18161000
2025-12-30 16:00:00,88875.82000000,89159.52000000,88204.14000000,89016.35000000,1310.95153000
2025-12-30 17:00:00,89016.36000000,89400.00000000,88577.42000000,88742.63000000,1418.95930000
2025-12-30 18:00:00,88742.63000000,88900.72000000,88129.91000000,88371.34000000,713.60336000
2025-12-30 19:00:00,88371.34000000,88493.62000000,88132.59000000,88304.00000000,434.34765000
2025-12-30 20:00:00,88304.01000000,88422.22000000,87960.20000000,88226.16000000,345.47514000
2025-12-30 21:00:00,88226.15000000,88226.15000000,87886.46000000,87947.15000000,439.95021000
2025-12-30 22:00:00,87947.15000000,88330.13000000,87891.15000000,88287.27000000,253.18432000
2025-12-30 23:00:00,88287.28000000,88470.00000000,88287.28000000,88430.19000000,280.86597000
2025-12-31 00:00:00,88430.18000000,88573.65000000,88371.33000000,88485.49000000,270.66652000
2025-12-31 01:00:00,88485.50000000,88485.50000000,88251.93000000,88255.54000000,243.94750000
2025-12-31 02:00:00,88255.54000000,88784.00000000,88172.15000000,88649.33000000,355.75740000
2025-12-31 03:00:00,88649.32000000,88742.00000000,88521.84000000,88673.60000000,258.23398000
2025-12-31 04:00:00,88673.61000000,88819.80000000,88379.09000000,88453.04000000,274.04184000
2025-12-31 05:00:00,88453.04000000,88549.50000000,88325.06000000,88325.06000000,158.17484000
2025-12-31 06:00:00,88325.07000000,88526.06000000,88325.07000000,88463.09000000,296.57164000
2025-12-31 07:00:00,88463.10000000,88561.69000000,88463.09000000,88512.92000000,212.68538000
2025-12-31 08:00:00,88512.93000000,88638.76000000,88431.08000000,88613.12000000,304.98001000
2025-12-31 09:00:00,88613.11000000,88733.33000000,88393.52000000,88434.65000000,277.76782000
2025-12-31 10:00:00,88434.66000000,88715.27000000,88434.65000000,88660.10000000,315.83327000
2025-12-31 11:00:00,88660.10000000,88897.99000000,88660.09000000,88847.26000000,482.82711000
2025-12-31 12:00:00,88847.27000000,89046.60000000,88802.97000000,89011.52000000,598.23924000
2025-12-31 13:00:00,89011.51000000,89044.74000000,88677.32000000,88775.96000000,545.96390000
2025-12-31 14:00:00,88775.96000000,89045.98000000,88741.54000000,88991.88000000,300.73941000
2025-12-31 15:00:00,88991.88000000,89200.00000000,88278.35000000,88479.99000000,1133.76043000
2025-12-31 16:00:00,88479.99000000,88487.68000000,87766.59000000,87953.97000000,1281.39241000
2025-12-31 17:00:00,87953.97000000,88053.49000000,87400.41000000,87656.98000000,1249.28961000
2025-12-31 18:00:00,87656.99000000,87741.99000000,87489.59000000,87620.82000000,629.77671000
2025-12-31 19:00:00,87620.82000000,87980.00000000,87574.12000000,87684.07000000,434.88825000
2025-12-31 20:00:00,87684.08000000,87870.02000000,87516.70000000,87541.85000000,622.18859000
2025-12-31 21:00:00,87541.85000000,87712.13000000,87250.00000000,87662.01000000,770.32743000
2025-12-31 22:00:00,87662.01000000,87879.04000000,87662.01000000,87799.97000000,383.85550000
2025-12-31 23:00:00,87799.97000000,87879.04000000,87656.19000000,87728.29000000,236.18697000
2026-01-01 00:00:00,87728.30000000,87728.30000000,87619.67000000,87648.22000000,191.19123000
2026-01-01 01:00:00,87648.21000000,87849.26000000,87632.74000000,87809.23000000,233.66036000
2026-01-01 02:00:00,87809.24000000,88050.00000000,87809.23000000,87960.00000000,241.44162000
2026-01-01 03:00:00,87960.01000000,88088.10000000,87895.37000000,87914.00000000,209.55860000
2026-01-01 04:00:00,87914.00000000,88015.70000000,87832.09000000,87846.02000000,149.08354000
2026-01-01 05:00:00,87846.01000000,87854.81000000,87550.43000000,87590.40000000,476.17901000
2026-01-01 06:00:00,87590.41000000,87749.34000000,87590.40000000,87704.39000000,283.17436000
2026-01-01 07:00:00,87704.39000000,87704.39000000,87636.29000000,87658.00000000,123.89656000
2026-01-01 08:00:00,87658.01000000,87673.01000000,87596.00000000,87631.88000000,225.27492000
2026-01-01 09:00:00,87631.88000000,87811.13000000,87631.87000000,87770.90000000,285.21745000
2026-01-01 10:00:00,87770.89000000,87965.25000000,87751.82000000,87877.99000000,210.22963000
2026-01-01 11:00:00,87877.99000000,87883.80000000,87799.17000000,87863.76000000,128.07380000
2026-01-01 12:00:00,87863.75000000,88024.64000000,87859.36000000,88024.64000000,196.30405000
2026-01-01 13:00:00,88024.64000000,88036.42000000,87925.28000000,87950.00000000,200.13556000
2026-01-01 14:00:00,87950.00000000,88019.82000000,87860.66000000,87922.64000000,155.72883000
2026-01-01 15:00:00,87922.63000000,87970.59000000,87810.66000000,87967.05000000,390.01531000
2026-01-01 16:00:00,87967.05000000,88113.45000000,87916.39000000,88032.18000000,260.01234000
2026-01-01 17:00:00,88032.17000000,88048.70000000,87879.03000000,87988.76000000,189.99476000
2026-01-01 18:00:00,87988.77000000,88500.00000000,87976.00000000,88316.37000000,476.08554000
2026-01-01 19:00:00,88316.38000000,88364.00000000,88105.08000000,88193.94000000,257.59166000
2026-01-01 20:00:00,88193.94000000,88431.23000000,88062.32000000,88391.15000000,216.66303000
2026-01-01 21:00:00,88391.16000000,88391.16000000,88240.00000000,88258.12000000,135.39527000
2026-01-01 22:00:00,88258.12000000,88447.84000000,88254.08000000,88377.67000000,168.57205000
2026-01-01 23:00:00,88377.67000000,88699.99000000,88377.67000000,88645.57000000,474.23054000
2026-01-02 00:00:00,88645.57000000,88919.45000000,88474.63000000,88839.04000000,593.05254000
2026-01-02 01:00:00,88839.05000000,88890.09000000,88594.39000000,88833.97000000,448.72758000
2026-01-02 02:00:00,88833.96000000,88877.12000000,88525.73000000,88639.89000000,242.38673000
2026-01-02 03:00:00,88639.89000000,88665.10000000,88379.88000000,88637.03000000,253.81052000
2026-01-02 04:00:00,88637.02000000,89120.01000000,88573.64000000,88950.65000000,670.13653000
2026-01-02 05:00:00,88950.64000000,88992.00000000,88629.00000000,88637.64000000,287.46487000
2026-01-02 06:00:00,88637.64000000,88787.56000000,88576.56000000,88765.20000000,223.91609000
2026-01-02 07:00:00,88765.21000000,89079.44000000,88715.44000000,88935.04000000,291.36506000
2026-01-02 08:00:00,88935.05000000,89068.62000000,88794.01000000,88857.61000000,387.57118000
2026-01-02 09:00:00,88857.60000000,89200.00000000,88758.94000000,89178.13000000,436.78167000
2026-01-02 10:00:00,89178.13000000,89484.06000000,89106.34000000,89467.32000000,885.84196000
2026-01-02 11:00:00,89467.32000000,89942.44000000,89451.34000000,89666.29000000,1401.67184000
2026-01-02 12:00:00,89666.30000000,89682.04000000,89360.00000000,89502.95000000,610.27074000
2026-01-02 13:00:00,89502.94000000,89593.17000000,89387.01000000,89400.00000000,388.55376000
2026-01-02 14:00:00,89400.00000000,89688.60000000,89309.94000000,89348.68000000,481.02676000
2026-01-02 15:00:00,89348.67000000,90135.00000000,88459.96000000,89580.00000000,2152.74387000
2026-01-02 16:00:00,89580.01000000,89888.00000000,88800.00000000,89418.11000000,1551.51931000
2026-01-02 17:00:00,89418.10000000,90800.00000000,89205.92000000,90376.05000000,2486.21857000
2026-01-02 18:00:00,90376.05000000,90961.81000000,90185.43000000,90370.52000000,1336.49207000
2026-01-02 19:00:00,90370.52000000,90555.99000000,89552.18000000,89773.10000000,847.22983000
2026-01-02 20:00:00,89773.10000000,90157.03000000,89650.00000000,89897.23000000,485.53154000
2026-01-02 21:00:00,89897.23000000,90075.00000000,89636.77000000,89740.00000000,538.07124000
2026-01-02 22:00:00,89740.01000000,90175.01000000,89728.37000000,90065.80000000,330.88507000
2026-01-02 23:00:00,90065.80000000,90400.00000000,90026.54000000,90195.37000000,409.68756000
2026-01-03 00:00:00,90195.37000000,90201.67000000,89902.16000000,89995.13000000,249.06866000
2026-01-03 01:00:00,89995.14000000,90195.77000000,89966.48000000,90156.19000000,298.52212000
2026-01-03 02:00:00,90156.19000000,90292.87000000,90077.69000000,90282.69000000,236.37769000
2026-01-03 03:00:00,90282.68000000,90418.32000000,90129.53000000,90340.00000000,305.59164000
2026-01-03 04:00:00,90340.01000000,90376.49000000,90200.00000000,90321.22000000,185.70264000
2026-01-03 05:00:00,90321.23000000,90480.62000000,90053.53000000,90170.00000000,411.08569000
2026-01-03 06:00:00,90170.01000000,90198.00000000,89924.48000000,90031.10000000,222.72398000
2026-01-03 07:00:00,90031.10000000,90134.60000000,89850.10000000,89871.05000000,273.68226000
2026-01-03 08:00:00,89871.04000000,89950.88000000,89314.01000000,89577.13000000,869.92487000
2026-01-03 09:00:00,89577.13000000,89831.90000000,89420.75000000,89670.51000000,458.16930000
2026-01-03 10:00:00,89670.51000000,89982.11000000,89634.95000000,89791.99000000,409.91195000
2026-01-03 11:00:00,89792.00000000,89881.10000000,89715.21000000,89754.47000000,270.67124000
2026-01-03 12:00:00,89754.48000000,89782.81000000,89679.14000000,89752.74000000,162.35671000
2026-01-03 13:00:00,89752.75000000,90046.00000000,89664.93000000,90039.13000000,374.21001000
2026-01-03 14:00:00,90039.12000000,90065.74000000,89920.01000000,90004.96000000,287.30479000
2026-01-03 15:00:00,90004.97000000,90249.99000000,89960.00000000,90126.02000000,298.26434000
2026-01-03 16:00:00,90126.02000000,90126.02000000,89968.00000000,89969.31000000,155.37202000
2026-01-03 17:00:00,89969.31000000,90219.67000000,89918.59000000,90105.24000000,200.27276000
2026-01-03 18:00:00,90105.24000000,90123.77000000,90026.93000000,90093.99000000,83.86507000
2026-01-03 19:00:00,90094.00000000,90197.88000000,90035.52000000,90138.87000000,141.85601000
2026-01-03 20:00:00,90138.87000000,90156.19000000,90060.00000000,90123.77000000,90.08443000
2026-01-03 21:00:00,90123.76000000,90372.40000000,90017.23000000,90372.39000000,179.02196000
2026-01-03 22:00:00,90372.40000000,90741.16000000,90318.29000000,90564.31000000,398.89642000
2026-01-03 23:00:00,90564.32000000,90738.99000000,90497.52000000,90590.04000000,433.49380000
2026-01-04 00:00:00,90590.04000000,90700.00000000,90469.39000000,90628.01000000,310.10546000
2026-01-04 01:00:00,90628.01000000,91610.17000000,90628.00000000,91341.47000000,1737.64298000
2026-01-04 02:00:00,91341.48000000,91475.52000000,91005.37000000,91235.37000000,375.26249000
2026-01-04 03:00:00,91235.37000000,91292.00000000,91080.06000000,91124.00000000,278.28940000
2026-01-04 04:00:00,91124.00000000,91350.00000000,91080.06000000,91236.78000000,328.23931000
2026-01-04 05:00:00,91236.78000000,91587.72000000,91183.15000000,91400.00000000,457.69348000
2026-01-04 06:00:00,91400.01000000,91490.68000000,91348.31000000,91480.04000000,172.44443000
2026-01-04 07:00:00,91480.04000000,91810.00000000,91237.54000000,91237.55000000,747.06543000
2026-01-04 08:00:00,91237.54000000,91546.31000000,91211.25000000,91532.00000000,456.46078000
2026-01-04 09:00:00,91532.00000000,91536.00000000,91174.46000000,91374.99000000,620.80815000
2026-01-04 10:00:00,91374.99000000,91485.21000000,91244.29000000,91468.28000000,941.08164000
2026-01-04 11:00:00,91468.28000000,91620.50000000,91422.67000000,91600.62000000,665.01473000
2026-01-04 12:00:00,91600.62000000,91600.62000000,91236.19000000,91300.00000000,369.35457000
2026-01-04 13:00:00,91300.01000000,91360.00000000,91084.00000000,91150.98000000,454.56858000
2026-01-04 14:00:00,91150.99000000,91276.94000000,91014.10000000,91264.00000000,272.68922000
2026-01-04 15:00:00,91264.00000000,91419.22000000,91146.86000000,91336.39000000,272.07953000
2026-01-04 16:00:00,91336.39000000,91381.60000000,91096.27000000,91334.94000000,316.98098000
2026-01-04 17:00:00,91334.94000000,91455.90000000,91244.60000000,91321.00000000,326.44422000
2026-01-04 18:00:00,91321.00000000,91436.21000000,91306.77000000,91335.73000000,137.11227000
2026-01-04 19:00:00,91335.72000000,91335.73000000,91000.00000000,91205.39000000,304.66859000
2026-01-04 20:00:00,91205.38000000,91205.39000000,90863.47000000,91138.07000000,372.30446000
2026-01-04 21:00:00,91138.06000000,91349.38000000,91132.00000000,91313.94000000,147.52188000
2026-01-04 22:00:00,91313.93000000,91421.96000000,91182.71000000,91279.99000000,135.33795000
2026-01-04 23:00:00,91279.99000000,91401.98000000,91150.47000000,91220.01000000,149.03275000
2026-01-05 00:00:00,91220.00000000,91590.00000000,91220.00000000,91529.73000000,388.43188000
2026-01-05 01:00:00,91529.74000000,92426.82000000,91514.81000000,92405.46000000,2061.87264000
2026-01-05 02:00:00,92405.46000000,93388.00000000,92280.69000000,92967.28000000,1977.50385000
2026-01-05 03:00:00,92967.29000000,93157.99000000,92724.98000000,93033.11000000,913.68581000
2026-01-05 04:00:00,93033.11000000,93204.70000000,92871.26000000,92878.22000000,595.50021000
2026-01-05 05:00:00,92878.22000000,92947.87000000,92330.46000000,92595.07000000,588.83873000
2026-01-05 06:00:00,92595.07000000,92720.73000000,92340.39000000,92359.99000000,400.53800000
2026-01-05 07:00:00,92359.99000000,92500.00000000,92155.00000000,92491.81000000,320.70875000
2026-01-05 08:00:00,92491.82000000,92644.31000000,92484.72000000,92520.63000000,528.78142000
2026-01-05 09:00:00,92520.63000000,92774.28000000,92446.00000000,92467.53000000,603.26757000
2026-01-05 10:00:00,92467.54000000,92845.53000000,92320.17000000,92688.60000000,645.33375000
2026-01-05 11:00:00,92688.61000000,93151.00000000,92679.12000000,93080.00000000,681.83063000
2026-01-05 12:00:00,93080.00000000,93151.00000000,92883.03000000,93134.26000000,567.75651000
2026-01-05 13:00:00,93134.25000000,93206.20000000,92752.60000000,92874.28000000,453.58870000
2026-01-05 14:00:00,92874.28000000,93020.00000000,92535.41000000,92742.74000000,486.24906000
2026-01-05 15:00:00,92742.73000000,93666.00000000,92407.13000000,93428.00000000,1355.05943000
2026-01-05 16:00:00,93428.00000000,94000.00000000,93170.95000000,93957.73000000,1929.19905000
2026-01-05 17:00:00,93957.74000000,94076.35000000,93586.65000000,93701.31000000,1298.79178000
2026-01-05 18:00:00,93701.30000000,94477.69000000,93250.00000000,94317.84000000,1154.31910000
2026-01-05 19:00:00,94317.84000000,94500.00000000,93920.00000000,94449.62000000,974.95833000
2026-01-05 20:00:00,94449.61000000,94500.00000000,94131.44000000,94303.40000000,762.31290000
2026-01-05 21:00:00,94303.40000000,94789.08000000,94038.00000000,94177.99000000,1133.04005000
2026-01-05 22:00:00,94178.00000000,94227.40000000,93800.00000000,94095.78000000,474.75745000
2026-01-05 23:00:00,94095.78000000,94406.00000000,94012.30000000,94171.22000000,370.72137000
2026-01-06 00:00:00,94171.21000000,94194.01000000,93859.70000000,93859.71000000,394.98075000
2026-01-06 01:00:00,93859.71000000,93993.07000000,93555.93000000,93816.70000000,522.32093000
2026-01-06 02:00:00,93816.70000000,94161.86000000,93739.37000000,93771.82000000,384.14412000
2026-01-06 03:00:00,93771.82000000,93870.66000000,93529.18000000,93620.60000000,336.13865000
2026-01-06 04:00:00,93620.60000000,93943.88000000,93601.96000000,93769.24000000,285.34343000
2026-01-06 05:00:00,93769.25000000,94000.00000000,93734.25000000,93801.07000000,231.47521000
2026-01-06 06:00:00,93801.07000000,93816.00000000,93572.11000000,93599.99000000,407.00036000
2026-01-06 07:00:00,93599.99000000,93951.07000000,93538.83000000,93780.01000000,538.64562000
2026-01-06 08:00:00,93780.01000000,93782.60000000,93137.98000000,93255.08000000,860.27324000
2026-01-06 09:00:00,93255.08000000,93420.11000000,93167.29000000,93240.17000000,355.74138000
2026-01-06 10:00:00,93240.18000000,93569.61000000,93229.37000000,93462.72000000,327.55172000
2026-01-06 11:00:00,93462.72000000,93654.49000000,93413.20000000,93579.56000000,273.28705000
2026-01-06 12:00:00,93579.56000000,93895.00000000,93571.43000000,93840.00000000,403.66589000
2026-01-06 13:00:00,93839.99000000,93981.10000000,93784.30000000,93872.16000000,338.69848000
2026-01-06 14:00:00,93872.17000000,93872.17000000,93636.75000000,93716.53000000,315.19532000
2026-01-06 15:00:00,93716.53000000,94444.44000000,93531.28000000,93836.81000000,1676.33623000
2026-01-06 16:00:00,93836.81000000,94311.22000000,93352.01000000,93648.99000000,1417.41756000
2026-01-06 17:00:00,93649.00000000,93775.60000000,92336.00000000,92692.32000000,2208.46324000
2026-01-06 18:00:00,92692.32000000,92773.05000000,91539.68000000,91589.24000000,1784.74974000
2026-01-06 19:00:00,91589.23000000,92221.52000000,91262.94000000,92034.09000000,1427.50922000
2026-01-06 20:00:00,92034.09000000,92361.82000000,91902.00000000,92104.50000000,733.78195000
2026-01-06 21:00:00,92104.49000000,92698.04000000,92098.29000000,92505.32000000,775.34743000
2026-01-06 22:00:00,92505.31000000,93845.03000000,92372.40000000,93258.05000000,1874.69965000
2026-01-06 23:00:00,93258.04000000,93533.78000000,92966.75000000,93362.68000000,713.98511000
2026-01-07 00:00:00,93362.67000000,93792.17000000,93333.32000000,93747.97000000,354.64676000
2026-01-07 01:00:00,93747.97000000,93747.97000000,92626.31000000,92709.52000000,843.19542000
2026-01-07 02:00:00,92709.36000000,92902.52000000,92330.33000000,92435.35000000,936.69400000
2026-01-07 03:00:00,92435.36000000,93060.00000000,92236.07000000,92949.77000000,598.87784000
2026-01-07 04:00:00,92949.77000000,93108.69000000,92747.12000000,92815.83000000,294.44853000
2026-01-07 05:00:00,92815.83000000,92930.35000000,92610.00000000,92670.29000000,319.36155000
2026-01-07 06:00:00,92670.30000000,92847.16000000,92500.00000000,92529.54000000,227.33033000
2026-01-07 07:00:00,92529.53000000,92899.57000000,92523.75000000,92614.84000000,240.63686000
2026-01-07 08:00:00,92614.84000000,92895.56000000,92614.83000000,92879.13000000,256.24423000
2026-01-07 09:00:00,92879.14000000,92961.53000000,92698.09000000,92718.90000000,263.50620000
2026-01-07 10:00:00,92718.90000000,92718.91000000,91600.00000000,91716.14000000,1258.05952000
2026-01-07 11:00:00,91716.14000000,92000.00000000,91600.00000000,91975.31000000,538.05487000
2026-01-07 12:00:00,91975.31000000,92253.16000000,91928.21000000,92087.21000000,542.17686000
2026-01-07 13:00:00,92087.21000000,92176.98000000,91977.73000000,91997.86000000,317.95554000
2026-01-07 14:00:00,91997.85000000,92299.40000000,91864.52000000,92044.67000000,443.04448000
2026-01-07 15:00:00,92044.67000000,92135.10000000,91353.39000000,91959.04000000,1427.59818000
2026-01-07 16:00:00,91959.05000000,92000.00000000,91024.00000000,91349.96000000,1434.72957000
2026-01-07 17:00:00,91349.95000000,91790.00000000,91150.00000000,91264.54000000,677.82559000
2026-01-07 18:00:00,91264.55000000,91698.15000000,91026.01000000,91252.14000000,548.07377000
2026-01-07 19:00:00,91252.13000000,91441.35000000,90733.14000000,90901.39000000,816.16719000
2026-01-07 20:00:00,90901.38000000,91280.07000000,90675.52000000,91186.07000000,611.74260000
2026-01-07 21:00:00,91186.07000000,91300.75000000,90778.32000000,91047.49000000,438.79062000
2026-01-07 22:00:00,91047.49000000,91231.90000000,91035.77000000,91089.50000000,245.38775000
2026-01-07 23:00:00,91089.50000000,91383.14000000,90873.08000000,91180.85000000,362.92780000
2026-01-08 00:00:00,91180.85000000,91489.60000000,91004.10000000,91364.16000000,633.66095000
2026-01-08 01:00:00,91364.16000000,91529.72000000,91072.16000000,91394.71000000,369.48198000
2026-01-08 02:00:00,91394.70000000,91687.99000000,91300.00000000,91428.40000000,306.46699000
2026-01-08 03:00:00,91428.39000000,91473.00000000,90764.00000000,90956.49000000,571.10105000
2026-01-08 04:00:00,90956.50000000,91142.51000000,90616.36000000,90813.40000000,547.79189000
2026-01-08 05:00:00,90813.40000000,91168.00000000,90700.00000000,91022.75000000,357.33917000
2026-01-08 06:00:00,91022.74000000,91188.00000000,90786.14000000,90829.58000000,295.83835000
2026-01-08 07:00:00,90829.58000000,90872.00000000,89897.01000000,89898.01000000,1360.25581000
2026-01-08 08:00:00,89898.00000000,90588.00000000,89641.84000000,90548.02000000,1094.34311000
2026-01-08 09:00:00,90548.02000000,90917.22000000,90155.05000000,90227.25000000,841.98085000
2026-01-08 10:00:00,90227.25000000,90374.78000000,89956.00000000,90010.00000000,514.04982000
2026-01-08 11:00:00,90009.99000000,90493.18000000,89777.25000000,90410.10000000,526.53398000
2026-01-08 12:00:00,90409.61000000,90487.31000000,90022.26000000,90226.77000000,548.71612000
2026-01-08 13:00:00,90226.77000000,90240.85000000,89781.96000000,89989.21000000,992.96975000
2026-01-08 14:00:00,89989.20000000,90105.08000000,89861.59000000,89962.14000000,441.44929000
2026-01-08 15:00:00,89962.14000000,90171.00000000,89311.00000000,90024.01000000,1521.76403000
2026-01-08 16:00:00,90024.00000000,90847.52000000,89820.89000000,90781.57000000,1428.07575000
2026-01-08 17:00:00,90781.57000000,90926.84000000,90312.89000000,90926.84000000,855.68064000
2026-01-08 18:00:00,90926.84000000,91440.00000000,90842.00000000,91366.39000000,874.20589000
2026-01-08 19:00:00,91366.39000000,91469.00000000,90952.00000000,91117.35000000,517.40477000
2026-01-08 20:00:00,91117.35000000,91333.00000000,90812.98000000,90937.41000000,409.29800000
2026-01-08 21:00:00,90937.42000000,90996.02000000,90568.11000000,90927.62000000,476.53275000
2026-01-08 22:00:00,90927.63000000,91336.63000000,90917.70000000,91272.96000000,629.96765000
2026-01-08 23:00:00,91272.96000000,91493.00000000,91033.11000000,91231.90000000,417.67218000
2026-01-09 00:00:00,91231.89000000,91336.63000000,91046.87000000,91099.99000000,233.87135000
2026-01-09 01:00:00,91100.00000000,91307.72000000,91058.70000000,91290.33000000,179.40576000
2026-01-09 02:00:00,91290.34000000,91632.10000000,90850.00000000,91056.19000000,545.56598000
2026-01-09 03:00:00,91056.20000000,91481.19000000,91023.00000000,91038.38000000,431.10210000
2026-01-09 04:00:00,91038.39000000,91271.73000000,90941.44000000,91220.23000000,417.79460000
2026-01-09 05:00:00,91220.24000000,91236.72000000,90933.30000000,91012.80000000,322.36121000
2026-01-09 06:00:00,91012.81000000,91119.81000000,90882.71000000,91091.82000000,292.21625000
2026-01-09 07:00:00,91091.82000000,91146.47000000,90989.29000000,91137.58000000,209.50276000
2026-01-09 08:00:00,91137.58000000,91137.58000000,90738.34000000,90741.84000000,669.47590000
2026-01-09 09:00:00,90741.85000000,90843.77000000,89694.66000000,90033.52000000,1141.88324000
2026-01-09 10:00:00,90033.52000000,90481.20000000,90014.60000000,90338.46000000,507.45187000
2026-01-09 11:00:00,90338.47000000,90558.01000000,90283.47000000,90485.87000000,396.79277000
2026-01-09 12:00:00,90485.87000000,90691.32000000,90404.21000000,90463.11000000,540.59585000
2026-01-09 13:00:00,90463.12000000,90603.53000000,90235.13000000,90449.23000000,690.17113000
2026-01-09 14:00:00,90449.22000000,90938.62000000,90405.15000000,90607.66000000,722.68305000
2026-01-09 15:00:00,90607.66000000,90666.91000000,89940.00000000,90150.00000000,840.37741000
2026-01-09 16:00:00,90150.01000000,92082.55000000,89850.00000000,91176.47000000,3441.12901000
2026-01-09 17:00:00,91176.48000000,91783.32000000,91175.79000000,91623.89000000,1143.47636000
2026-01-09 18:00:00,91623.89000000,91680.41000000,91012.00000000,91422.23000000,688.89123000
2026-01-09 19:00:00,91422.23000000,91507.82000000,90340.00000000,90820.31000000,551.14415000
2026-01-09 20:00:00,90820.30000000,90820.30000000,90190.00000000,90332.15000000,578.57871000
2026-01-09 21:00:00,90332.14000000,90580.62000000,90235.00000000,90303.36000000,313.31668000
2026-01-09 22:00:00,90303.37000000,90643.81000000,90113.87000000,90541.97000000,207.05117000
2026-01-09 23:00:00,90541.98000000,90723.06000000,90353.91000000,90630.08000000,575.52178000
2026-01-10 00:00:00,90630.08000000,90732.01000000,90604.58000000,90641.28000000,183.79042000
2026-01-10 01:00:00,90641.27000000,90693.89000000,90527.99000000,90600.00000000,151.21516000
2026-01-10 02:00:00,90600.00000000,90732.20000000,90587.00000000,90688.00000000,113.18366000
2026-01-10 03:00:00,90688.00000000,90782.23000000,90607.02000000,90697.17000000,139.70054000
2026-01-10 04:00:00,90697.17000000,90697.18000000,90554.26000000,90626.14000000,124.89032000
2026-01-10 05:00:00,90626.15000000,90649.99000000,90408.23000000,90448.30000000,164.87324000
2026-01-10 06:00:00,90448.30000000,90617.62000000,90431.45000000,90603.52000000,84.41081000
2026-01-10 07:00:00,90603.52000000,90603.53000000,90474.35000000,90505.47000000,74.15884000
2026-01-10 08:00:00,90505.48000000,90682.70000000,90505.47000000,90678.50000000,168.18359000
2026-01-10 09:00:00,90678.50000000,90773.33000000,90618.28000000,90661.95000000,288.33994000
2026-01-10 10:00:00,90661.94000000,90768.97000000,90630.09000000,90768.96000000,158.69299000
2026-01-10 11:00:00,90768.97000000,90832.00000000,90728.45000000,90828.00000000,126.67512000
2026-01-10 12:00:00,90828.00000000,90828.00000000,90708.25000000,90723.86000000,73.68827000
2026-01-10 13:00:00,90723.87000000,90788.78000000,90665.75000000,90733.71000000,94.62022000
2026-01-10 14:00:00,90733.71000000,90772.78000000,90633.86000000,90656.51000000,82.99160000
2026-01-10 15:00:00,90656.52000000,90658.69000000,90538.46000000,90591.01000000,144.35468000
2026-01-10 16:00:00,90591.01000000,90665.76000000,90584.17000000,90665.75000000,92.51513000
2026-01-10 17:00:00,90665.76000000,90725.74000000,90609.56000000,90676.66000000,142.80125000
2026-01-10 18:00:00,90676.66000000,90746.00000000,90544.96000000,90544.96000000,152.86625000
2026-01-10 19:00:00,90544.96000000,90595.63000000,90504.55000000,90595.62000000,158.53961000
2026-01-10 20:00:00,90595.62000000,90631.37000000,90580.61000000,90626.54000000,75.94050000
2026-01-10 21:00:00,90626.54000000,90659.03000000,90571.00000000,90572.86000000,99.38243000
2026-01-10 22:00:00,90572.86000000,90572.86000000,90500.38000000,90510.74000000,144.94285000
2026-01-10 23:00:00,90510.75000000,90600.00000000,90404.00000000,90427.76000000,161.64189000
2026-01-11 00:00:00,90427.76000000,90567.15000000,90427.75000000,90504.70000000,85.50833000
2026-01-11 01:00:00,90504.70000000,90650.75000000,90451.10000000,90640.44000000,114.36360000
2026-01-11 02:00:00,90640.44000000,90675.53000000,90558.95000000,90628.23000000,83.46973000
2026-01-11 03:00:00,90628.24000000,90731.90000000,90615.34000000,90699.00000000,123.06702000
2026-01-11 04:00:00,90699.00000000,90737.95000000,90631.64000000,90733.50000000,142.98004000
2026-01-11 05:00:00,90733.49000000,90785.48000000,90661.53000000,90785.48000000,141.85581000
2026-01-11 06:00:00,90785.48000000,90850.00000000,90740.00000000,90774.43000000,128.06651000
2026-01-11 07:00:00,90774.42000000,90796.83000000,90585.34000000,90744.00000000,169.88277000
2026-01-11 08:00:00,90744.00000000,90749.00000000,90675.52000000,90710.79000000,107.03833000
2026-01-11 09:00:00,90710.80000000,90816.00000000,90610.27000000,90790.01000000,261.70108000
2026-01-11 10:00:00,90790.01000000,90815.44000000,90675.60000000,90740.02000000,180.86038000
2026-01-11 11:00:00,90740.01000000,90740.02000000,90692.79000000,90736.67000000,123.08314000
2026-01-11 12:00:00,90736.66000000,90756.00000000,90695.05000000,90754.99000000,128.73157000
2026-01-11 13:00:00,90754.99000000,91020.00000000,90720.21000000,90938.13000000,211.42505000
2026-01-11 14:00:00,90938.12000000,90972.33000000,90821.47000000,90849.45000000,154.00693000
2026-01-11 15:00:00,90849.45000000,91191.50000000,90849.45000000,91127.16000000,282.45011000
2026-01-11 16:00:00,91127.17000000,91153.99000000,90708.25000000,90875.79000000,496.14604000
2026-01-11 17:00:00,90875.79000000,91283.89000000,90875.79000000,91039.15000000,389.24788000
2026-01-11 18:00:00,91039.14000000,91147.82000000,90904.07000000,90986.68000000,234.85682000
2026-01-11 19:00:00,90986.68000000,90986.69000000,90793.43000000,90886.68000000,177.99755000
2026-01-11 20:00:00,90886.68000000,90922.08000000,90673.30000000,90690.80000000,159.30510000
2026-01-11 21:00:00,90690.81000000,90743.72000000,90370.85000000,90708.26000000,497.31755000
2026-01-11 22:00:00,90708.25000000,90838.69000000,90590.61000000,90757.06000000,217.97309000
2026-01-11 23:00:00,90757.07000000,90757.07000000,90453.36000000,90526.02000000,255.60666000
2026-01-12 00:00:00,90526.01000000,91041.79000000,90236.00000000,91013.65000000,695.70318000
2026-01-12 01:00:00,91013.66000000,91258.66000000,90700.29000000,91258.65000000,740.61830000
2026-01-12 02:00:00,91258.66000000,91799.00000000,91086.00000000,91412.44000000,973.78286000
2026-01-12 03:00:00,91412.44000000,92384.40000000,91374.00000000,92203.56000000,1103.07593000
2026-01-12 04:00:00,92203.56000000,92519.95000000,91808.11000000,91808.12000000,968.99203000
2026-01-12 05:00:00,91808.12000000,92290.81000000,91741.82000000,92175.78000000,651.26560000
2026-01-12 06:00:00,92175.79000000,92267.66000000,92037.51000000,92111.86000000,274.66206000
2026-01-12 07:00:00,92111.87000000,92207.01000000,91805.43000000,91836.34000000,279.64865000
2026-01-12 08:00:00,91836.35000000,91970.00000000,91381.36000000,91408.09000000,500.65720000
2026-01-12 09:00:00,91408.09000000,91630.13000000,90388.89000000,90752.27000000,1298.94335000
2026-01-12 10:00:00,90752.28000000,90942.85000000,90648.15000000,90685.64000000,605.22242000
2026-01-12 11:00:00,90685.65000000,90793.18000000,90370.00000000,90433.46000000,399.68146000
2026-01-12 12:00:00,90433.45000000,90824.86000000,90425.36000000,90620.96000000,457.29481000
2026-01-12 13:00:00,90620.95000000,90863.74000000,90615.66000000,90789.37000000,244.81991000
2026-01-12 14:00:00,90789.37000000,90829.73000000,90538.00000000,90636.01000000,327.61952000
2026-01-12 15:00:00,90636.00000000,91131.39000000,90128.44000000,90908.95000000,1300.15719000
2026-01-12 16:00:00,90908.95000000,91665.00000000,90705.91000000,91665.00000000,1031.47333000
2026-01-12 17:00:00,91664.99000000,92332.00000000,91567.81000000,92123.52000000,1578.09092000
2026-01-12 18:00:00,92123.51000000,92306.62000000,91000.53000000,91522.83000000,1208.45838000
2026-01-12 19:00:00,91522.83000000,91943.26000000,91411.79000000,91691.80000000,505.47425000
2026-01-12 20:00:00,91691.80000000,91880.00000000,91434.80000000,91861.27000000,337.94969000
2026-01-12 21:00:00,91861.27000000,92046.23000000,91417.99000000,91484.86000000,374.00813000
2026-01-12 22:00:00,91484.87000000,91502.37000000,90938.20000000,91055.17000000,398.88227000
2026-01-12 23:00:00,91055.17000000,91441.34000000,91052.21000000,91244.99000000,313.86446000
2026-01-13 00:00:00,91244.99000000,91311.68000000,91059.88000000,91296.20000000,313.43996000
2026-01-13 01:00:00,91296.20000000,91546.08000000,91249.00000000,91482.74000000,334.56358000
2026-01-13 02:00:00,91482.74000000,91546.08000000,91042.66000000,91185.35000000,442.20574000
2026-01-13 03:00:00,91185.34000000,91382.82000000,91097.80000000,91118.30000000,271.94314000
2026-01-13 04:00:00,91118.30000000,91453.45000000,91118.29000000,91408.91000000,263.81213000
2026-01-13 05:00:00,91408.90000000,91650.81000000,91350.71000000,91515.16000000,272.26771000
2026-01-13 06:00:00,91515.17000000,92255.94000000,91472.36000000,91920.99000000,991.25943000
2026-01-13 07:00:00,91921.00000000,92275.38000000,91806.19000000,92184.36000000,600.50125000
2026-01-13 08:00:00,92184.37000000,92212.48000000,91905.33000000,91942.00000000,704.56170000
2026-01-13 09:00:00,91941.99000000,92250.66000000,91924.27000000,92165.90000000,528.98890000
2026-01-13 10:00:00,92165.89000000,92672.11000000,91950.00000000,92269.42000000,1215.58278000
2026-01-13 11:00:00,92269.42000000,92350.03000000,92021.15000000,92128.62000000,394.76711000
2026-01-13 12:00:00,92128.63000000,92261.04000000,91972.44000000,92000.74000000,405.87783000
2026-01-13 13:00:00,92000.73000000,92153.84000000,91910.25000000,92109.35000000,280.96679000
2026-01-13 14:00:00,92109.35000000,92606.42000000,91978.66000000,92076.12000000,1336.20170000
2026-01-13 15:00:00,92076.11000000,92915.12000000,91787.61000000,92462.03000000,1289.79234000
2026-01-13 16:00:00,92462.03000000,93450.00000000,92132.66000000,93449.99000000,1429.93474000
2026-01-13 17:00:00,93449.99000000,93760.00000000,93078.31000000,93389.63000000,1920.24440000
2026-01-13 18:00:00,93389.63000000,93498.72000000,93100.00000000,93241.99000000,796.01222000
2026-01-13 19:00:00,93241.99000000,93871.29000000,93198.09000000,93633.71000000,950.82758000
2026-01-13 20:00:00,93633.71000000,94231.82000000,93475.07000000,94226.84000000,1085.51387000
2026-01-13 21:00:00,94226.85000000,94500.00000000,94113.13000000,94408.70000000,1604.35758000
2026-01-13 22:00:00,94408.70000000,94507.99000000,94062.00000000,94087.23000000,1173.77039000
2026-01-13 23:00:00,94087.23000000,96495.00000000,94087.23000000,95757.21000000,3452.31954000
2026-01-14 00:00:00,95757.19000000,96107.97000000,95055.01000000,95414.00000000,1275.24237000
2026-01-14 01:00:00,95413.99000000,95647.91000000,95154.04000000,95236.84000000,662.80362000
2026-01-14 02:00:00,95236.84000000,95582.00000000,95116.03000000,95245.60000000,749.06956000
2026-01-14 03:00:00,95245.61000000,95562.00000000,95190.06000000,95347.46000000,588.58584000
2026-01-14 04:00:00,95347.47000000,95722.01000000,95285.50000000,95720.99000000,381.44090000
2026-01-14 05:00:00,95720.99000000,95799.22000000,95224.44000000,95245.16000000,460.39311000
2026-01-14 06:00:00,95245.17000000,95270.25000000,94972.00000000,95005.00000000,669.59606000
2026-01-14 07:00:00,95005.01000000,95028.88000000,94559.28000000,95028.87000000,859.31999000
2026-01-14 08:00:00,95028.88000000,95233.99000000,94850.00000000,95205.10000000,884.32504000
2026-01-14 09:00:00,95205.11000000,95315.15000000,94900.00000000,94900.01000000,380.43239000
2026-01-14 10:00:00,94900.01000000,95186.51000000,94870.01000000,95088.24000000,468.07232000
2026-01-14 11:00:00,95088.24000000,95291.98000000,94888.00000000,95091.75000000,526.44388000
2026-01-14 12:00:00,95091.49000000,95091.49000000,94737.95000000,94792.99000000,381.08629000
2026-01-14 13:00:00,94793.00000000,95154.78000000,94680.67000000,95077.56000000,424.37035000
2026-01-14 14:00:00,95077.56000000,95241.70000000,94890.68000000,94998.19000000,454.30020000
2026-01-14 15:00:00,94998.20000000,96827.00000000,94982.56000000,96493.15000000,2348.26402000
2026-01-14 16:00:00,96493.14000000,97084.68000000,96188.25000000,96764.57000000,2804.69067000
2026-01-14 17:00:00,96764.57000000,97693.66000000,96730.77000000,97293.24000000,2448.97546000
2026-01-14 18:00:00,97293.23000000,97777.00000000,96800.00000000,96956.07000000,2017.29615000
2026-01-14 19:00:00,96956.07000000,97110.00000000,96246.56000000,96806.55000000,1150.91366000
2026-01-14 20:00:00,96806.54000000,97640.68000000,96688.36000000,97267.42000000,1063.44638000
2026-01-14 21:00:00,97267.42000000,97924.49000000,97209.25000000,97655.28000000,1157.33493000
2026-01-14 22:00:00,97655.27000000,97717.72000000,97390.00000000,97564.00000000,494.72849000
2026-01-14 23:00:00,97563.99000000,97587.34000000,96772.02000000,96878.34000000,1038.79474000
2026-01-15 00:00:00,96878.34000000,97371.33000000,96865.34000000,96951.78000000,437.21023000
2026-01-15 01:00:00,96951.78000000,97000.00000000,96500.00000000,96658.03000000,798.45682000
2026-01-15 02:00:00,96658.03000000,96959.09000000,96297.32000000,96445.31000000,701.30226000
2026-01-15 03:00:00,96445.32000000,96617.06000000,96095.80000000,96339.91000000,530.33501000
2026-01-15 04:00:00,96339.92000000,96393.58000000,95777.00000000,95985.10000000,791.58790000
2026-01-15 05:00:00,95985.11000000,96387.42000000,95952.89000000,96316.27000000,483.75975000
2026-01-15 06:00:00,96316.27000000,96510.57000000,96247.64000000,96429.71000000,419.70339000
2026-01-15 07:00:00,96429.71000000,96588.45000000,96172.41000000,96243.78000000,473.63021000
2026-01-15 08:00:00,96243.79000000,96760.15000000,96191.79000000,96630.48000000,679.19921000
2026-01-15 09:00:00,96630.47000000,96662.00000000,96289.98000000,96643.00000000,760.49437000
2026-01-15 10:00:00,96643.01000000,97193.34000000,96559.19000000,97040.75000000,1029.77719000
2026-01-15 11:00:00,97040.75000000,97070.39000000,96750.00000000,96818.68000000,414.89635000
2026-01-15 12:00:00,96818.68000000,96935.39000000,96580.03000000,96581.08000000,588.17595000
2026-01-15 13:00:00,96581.07000000,96994.65000000,96525.24000000,96981.65000000,332.67430000
2026-01-15 14:00:00,96981.66000000,97032.99000000,96620.12000000,96846.75000000,496.85903000
2026-01-15 15:00:00,96846.74000000,97165.03000000,95592.69000000,96063.43000000,1629.09421000
2026-01-15 16:00:00,96063.43000000,96791.67000000,95435.91000000,96737.04000000,2359.55410000
2026-01-15 17:00:00,96737.04000000,96969.99000000,96272.72000000,96738.51000000,1973.14331000
2026-01-15 18:00:00,96738.50000000,97163.00000000,96426.18000000,96636.35000000,2398.07402000
2026-01-15 19:00:00,96636.35000000,96650.51000000,95745.25000000,95835.00000000,2117.40598000
2026-01-15 20:00:00,95835.01000000,95920.31000000,95183.13000000,95516.01000000,1380.26708000
2026-01-15 21:00:00,95516.01000000,95660.00000000,95134.48000000,95260.67000000,524.36978000
2026-01-15 22:00:00,95260.68000000,95631.08000000,95196.00000000,95584.35000000,297.62442000
2026-01-15 23:00:00,95584.36000000,95871.00000000,95488.91000000,95583.87000000,269.05055000
2026-01-16 00:00:00,95583.87000000,95718.31000000,95378.58000000,95604.80000000,276.37850000
2026-01-16 01:00:00,95604.81000000,95828.01000000,95570.96000000,95633.50000000,207.12295000
2026-01-16 02:00:00,95633.50000000,95855.12000000,95420.75000000,95664.18000000,401.56495000
2026-01-16 03:00:00,95664.17000000,95687.47000000,95393.90000000,95504.40000000,384.29986000
2026-01-16 04:00:00,95504.40000000,95586.60000000,95321.58000000,95354.69000000,214.15334000
2026-01-16 05:00:00,95354.69000000,95582.41000000,95133.03000000,95261.29000000,700.90747000
2026-01-16 06:00:00,95261.30000000,95676.73000000,95242.18000000,95660.37000000,746.76630000
2026-01-16 07:00:00,95660.38000000,95816.83000000,95534.00000000,95741.21000000,443.54681000
2026-01-16 08:00:00,95741.22000000,95788.34000000,95489.60000000,95653.16000000,403.70542000
2026-01-16 09:00:00,95653.16000000,95871.47000000,95570.68000000,95676.00000000,594.74259000
2026-01-16 10:00:00,95676.01000000,95788.17000000,95601.50000000,95613.53000000,177.27273000
2026-01-16 11:00:00,95613.53000000,95637.00000000,95280.51000000,95307.35000000,538.64006000
2026-01-16 12:00:00,95307.35000000,95470.00000000,95261.43000000,95429.09000000,303.73259000
2026-01-16 13:00:00,95429.09000000,95569.00000000,95353.50000000,95458.55000000,289.70117000
2026-01-16 14:00:00,95458.55000000,95579.00000000,95288.05000000,95448.87000000,277.92918000
2026-01-16 15:00:00,95448.86000000,95809.08000000,95192.35000000,95192.36000000,624.83754000
2026-01-16 16:00:00,95192.36000000,95663.15000000,94293.46000000,94585.98000000,1821.66491000
2026-01-16 17:00:00,94585.99000000,94990.73000000,94508.00000000,94872.55000000,811.28371000
2026-01-16 18:00:00,94872.55000000,95130.49000000,94555.88000000,95076.08000000,513.23212000
2026-01-16 19:00:00,95076.09000000,95215.74000000,94960.04000000,95001.19000000,353.51337000
2026-01-16 20:00:00,95001.19000000,95055.31000000,94841.31000000,95002.09000000,176.56522000
2026-01-16 21:00:00,95002.09000000,95561.50000000,94682.00000000,95553.60000000,414.87593000
2026-01-16 22:00:00,95553.61000000,95600.00000000,95359.69000000,95523.52000000,341.14068000
2026-01-16 23:00:00,95523.52000000,95574.00000000,95260.64000000,95514.00000000,283.10566000
2026-01-17 00:00:00,95513.99000000,95577.89000000,95433.83000000,95550.94000000,143.41004000
2026-01-17 01:00:00,95550.94000000,95578.20000000,95433.94000000,95465.97000000,129.13356000
2026-01-17 02:00:00,95465.97000000,95530.00000000,95384.86000000,95399.93000000,104.26658000
2026-01-17 03:00:00,95399.94000000,95412.86000000,95200.00000000,95371.35000000,155.12882000
2026-01-17 04:00:00,95371.36000000,95384.87000000,95270.79000000,95372.95000000,132.45240000
2026-01-17 05:00:00,95372.94000000,95372.95000000,95260.64000000,95303.64000000,131.52683000
2026-01-17 06:00:00,95303.63000000,95373.64000000,95275.05000000,95323.67000000,103.95781000
2026-01-17 07:00:00,95323.68000000,95347.89000000,95186.29000000,95240.07000000,125.70578000
2026-01-17 08:00:00,95240.08000000,95240.08000000,95041.70000000,95101.67000000,197.34545000
2026-01-17 09:00:00,95101.67000000,95260.65000000,95021.67000000,95247.51000000,164.49559000
2026-01-17 10:00:00,95247.51000000,95290.08000000,95176.90000000,95260.65000000,104.24877000
2026-01-17 11:00:00,95260.65000000,95271.21000000,95116.47000000,95116.48000000,127.24070000
2026-01-17 12:00:00,95116.48000000,95323.86000000,95073.57000000,95323.86000000,218.85009000
2026-01-17 13:00:00,95323.85000000,95412.84000000,95243.63000000,95251.15000000,215.62364000
2026-01-17 14:00:00,95251.15000000,95438.33000000,95198.81000000,95438.32000000,227.83624000
2026-01-17 15:00:00,95438.32000000,95544.07000000,95357.02000000,95471.18000000,259.56584000
2026-01-17 16:00:00,95471.17000000,95639.45000000,95433.81000000,95573.64000000,747.96943000
2026-01-17 17:00:00,95573.65000000,95576.14000000,95212.25000000,95315.23000000,330.67135000
2026-01-17 18:00:00,95315.23000000,95440.80000000,95295.17000000,95357.24000000,141.20490000
2026-01-17 19:00:00,95357.23000000,95465.98000000,95346.00000000,95428.25000000,100.50730000
2026-01-17 20:00:00,95428.25000000,95428.25000000,95290.70000000,95291.38000000,64.10708000
2026-01-17 21:00:00,95291.37000000,95383.84000000,95291.36000000,95378.18000000,65.25873000
2026-01-17 22:00:00,95378.19000000,95412.86000000,95283.99000000,95302.94000000,114.01955000
2026-01-17 23:00:00,95302.94000000,95302.94000000,95050.00000000,95170.97000000,209.18455000
2026-01-18 00:00:00,95170.98000000,95208.96000000,95123.79000000,95147.77000000,110.50038000
2026-01-18 01:00:00,95147.77000000,95250.00000000,95067.83000000,95112.47000000,179.02691000
2026-01-18 02:00:00,95112.48000000,95112.48000000,94876.33000000,94966.90000000,243.72080000
2026-01-18 03:00:00,94966.89000000,95069.07000000,94880.53000000,95022.01000000,148.46070000
2026-01-18 04:00:00,95022.01000000,95205.74000000,95022.01000000,95200.29000000,149.82604000
2026-01-18 05:00:00,95200.29000000,95200.30000000,95075.30000000,95095.68000000,90.87843000
2026-01-18 06:00:00,95095.68000000,95260.00000000,95059.27000000,95188.55000000,176.45319000
2026-01-18 07:00:00,95188.54000000,95199.62000000,95144.30000000,95171.43000000,144.72253000
2026-01-18 08:00:00,95171.44000000,95183.30000000,95028.27000000,95028.27000000,293.23856000
2026-01-18 09:00:00,95028.27000000,95195.00000000,95021.44000000,95183.93000000,124.96260000
2026-01-18 10:00:00,95183.93000000,95295.35000000,95149.18000000,95275.73000000,312.28376000
2026-01-18 11:00:00,95275.73000000,95295.39000000,95088.00000000,95180.66000000,344.24187000
2026-01-18 12:00:00,95180.67000000,95180.67000000,95061.65000000,95168.06000000,178.51779000
2026-01-18 13:00:00,95168.06000000,95178.09000000,95081.32000000,95113.25000000,122.90856000
2026-01-18 14:00:00,95113.24000000,95205.40000000,94910.00000000,95146.82000000,328.31194000
2026-01-18 15:00:00,95146.82000000,95376.24000000,94928.51000000,94955.79000000,530.35330000
2026-01-18 16:00:00,94955.78000000,95125.47000000,94915.21000000,95119.28000000,195.60522000
2026-01-18 17:00:00,95119.27000000,95186.30000000,95073.02000000,95169.35000000,105.98121000
2026-01-18 18:00:00,95169.35000000,95280.24000000,95140.61000000,95274.36000000,147.92595000
2026-01-18 19:00:00,95274.35000000,95521.71000000,95180.90000000,95439.60000000,407.32335000
2026-01-18 20:00:00,95439.60000000,95514.00000000,95333.99000000,95380.99000000,260.23192000
2026-01-18 21:00:00,95380.99000000,95441.22000000,95285.20000000,95304.01000000,77.90234000
2026-01-18 22:00:00,95304.01000000,95430.45000000,95284.23000000,95430.44000000,81.51777000
2026-01-18 23:00:00,95430.45000000,95531.12000000,95412.86000000,95498.61000000,319.96465000
2026-01-19 00:00:00,95498.60000000,95498.60000000,93615.40000000,93673.14000000,1930.81880000
2026-01-19 01:00:00,93673.14000000,93673.14000000,91910.20000000,92711.02000000,4221.82713000
2026-01-19 02:00:00,92711.02000000,92875.68000000,92247.97000000,92586.65000000,910.87085000
2026-01-19 03:00:00,92586.65000000,92672.00000000,92383.94000000,92566.80000000,452.44264000
2026-01-19 04:00:00,92566.80000000,92776.83000000,92500.00000000,92690.09000000,556.40187000
2026-01-19 05:00:00,92690.08000000,92748.32000000,92502.58000000,92665.00000000,506.12587000
2026-01-19 06:00:00,92665.00000000,92811.11000000,92504.24000000,92511.77000000,357.86057000
2026-01-19 07:00:00,92511.77000000,92629.26000000,92385.07000000,92583.27000000,427.02868000
2026-01-19 08:00:00,92583.27000000,92861.41000000,92562.00000000,92841.62000000,421.22196000
2026-01-19 09:00:00,92841.62000000,93368.44000000,92702.56000000,93259.09000000,865.57873000
2026-01-19 10:00:00,93259.09000000,93268.12000000,92950.00000000,93060.06000000,474.82948000
2026-01-19 11:00:00,93060.06000000,93081.30000000,92900.00000000,93064.88000000,263.24721000
2026-01-19 12:00:00,93064.88000000,93317.29000000,92969.94000000,93191.96000000,305.33086000
2026-01-19 13:00:00,93191.96000000,93226.44000000,92979.48000000,93070.60000000,586.84126000
2026-01-19 14:00:00,93070.60000000,93151.37000000,92807.34000000,93031.86000000,326.88604000
2026-01-19 15:00:00,93031.85000000,93039.60000000,92700.00000000,92812.43000000,417.89495000
2026-01-19 16:00:00,92812.43000000,93081.00000000,92812.43000000,93068.62000000,467.20202000
2026-01-19 17:00:00,93068.62000000,93420.00000000,92994.00000000,93301.86000000,380.00206000
2026-01-19 18:00:00,93301.85000000,93389.45000000,93150.00000000,93242.99000000,357.60248000
2026-01-19 19:00:00,93242.99000000,93259.39000000,92930.00000000,93065.84000000,235.78814000
2026-01-19 20:00:00,93065.83000000,93154.32000000,93000.00000000,93105.85000000,179.79114000
2026-01-19 21:00:00,93105.85000000,93274.82000000,93084.15000000,93141.94000000,178.48795000
2026-01-19 22:00:00,93141.95000000,93342.36000000,93000.03000000,93003.42000000,240.63302000
2026-01-19 23:00:00,93003.41000000,93060.00000000,92565.78000000,92565.78000000,374.00927000
2026-01-20 00:00:00,92565.78000000,92750.00000000,92158.48000000,92631.00000000,787.62329000
2026-01-20 01:00:00,92630.99000000,92870.00000000,92370.25000000,92717.90000000,325.00059000
2026-01-20 02:00:00,92717.90000000,92867.28000000,92525.80000000,92716.48000000,251.70499000
2026-01-20 03:00:00,92716.47000000,92729.94000000,92370.68000000,92552.16000000,354.36518000
2026-01-20 04:00:00,92552.15000000,92650.00000000,92264.70000000,92434.92000000,329.07012000
2026-01-20 05:00:00,92434.93000000,92470.37000000,92000.01000000,92062.61000000,363.95619000
2026-01-20 06:00:00,92062.62000000,92084.80000000,91294.11000000,91624.18000000,1546.22756000
2026-01-20 07:00:00,91624.19000000,91625.31000000,90771.78000000,90929.98000000,1830.88581000
2026-01-20 08:00:00,90929.98000000,91319.05000000,90862.83000000,91177.98000000,907.06352000
2026-01-20 09:00:00,91177.99000000,91255.70000000,90693.00000000,91116.00000000,1083.79650000
2026-01-20 10:00:00,91116.00000000,91116.00000000,90899.00000000,91036.25000000,381.95269000
2026-01-20 11:00:00,91036.25000000,91294.11000000,90998.08000000,91269.58000000,415.15786000
2026-01-20 12:00:00,91269.57000000,91442.88000000,91214.36000000,91218.99000000,373.22315000
2026-01-20 13:00:00,91218.99000000,91318.94000000,91027.74000000,91280.31000000,528.83740000
2026-01-20 14:00:00,91280.31000000,91289.64000000,90777.00000000,90958.88000000,722.76892000
2026-01-20 15:00:00,90958.89000000,91371.11000000,90272.53000000,90531.15000000,1809.16854000
2026-01-20 16:00:00,90531.15000000,90808.04000000,89859.06000000,90684.95000000,1977.53179000
2026-01-20 17:00:00,90684.95000000,90974.49000000,90023.99000000,90165.51000000,895.41274000
2026-01-20 18:00:00,90165.50000000,90505.68000000,89431.10000000,89775.46000000,1552.70440000
2026-01-20 19:00:00,89775.47000000,89958.00000000,89395.07000000,89501.00000000,885.28879000
2026-01-20 20:00:00,89501.00000000,89795.45000000,89292.48000000,89725.76000000,781.35230000
2026-01-20 21:00:00,89725.77000000,89854.20000000,89400.00000000,89733.99000000,735.02193000
2026-01-20 22:00:00,89734.00000000,89829.11000000,89428.00000000,89476.01000000,445.56945000
2026-01-20 23:00:00,89476.01000000,89645.56000000,87900.00000000,88509.18000000,2094.09769000
2026-01-21 00:00:00,88509.18000000,88534.21000000,87895.98000000,88427.66000000,1417.16799000
2026-01-21 01:00:00,88427.66000000,88982.00000000,88250.00000000,88936.01000000,1052.93124000
2026-01-21 02:00:00,88936.01000000,89165.20000000,88850.00000000,89020.91000000,502.12138000
2026-01-21 03:00:00,89020.91000000,89381.86000000,89000.00000000,89048.57000000,884.94036000
2026-01-21 04:00:00,89048.56000000,89598.80000000,89046.00000000,89432.33000000,540.55763000
2026-01-21 05:00:00,89432.33000000,89630.00000000,89354.72000000,89448.89000000,300.28776000
2026-01-21 06:00:00,89448.89000000,90120.44000000,89437.25000000,89950.04000000,554.58380000
2026-01-21 07:00:00,89950.03000000,89950.04000000,89491.96000000,89649.62000000,369.00614000
2026-01-21 08:00:00,89649.63000000,89767.29000000,89093.28000000,89213.95000000,825.75082000
2026-01-21 09:00:00,89213.96000000,89385.40000000,89000.00000000,89197.35000000,723.12982000
2026-01-21 10:00:00,89197.36000000,89493.46000000,89080.00000000,89112.30000000,307.89975000
2026-01-21 11:00:00,89112.30000000,89395.08000000,89080.00000000,89248.99000000,328.36365000
2026-01-21 12:00:00,89248.99000000,89382.00000000,88700.00000000,88789.99000000,651.53578000
2026-01-21 13:00:00,88789.99000000,88849.39000000,88196.72000000,88736.31000000,1271.35096000
2026-01-21 14:00:00,88736.31000000,89020.32000000,88558.67000000,88672.64000000,735.83253000
2026-01-21 15:00:00,88672.64000000,89993.88000000,88611.15000000,89805.43000000,1602.75733000
2026-01-21 16:00:00,89805.43000000,90574.00000000,89759.59000000,90288.04000000,1074.26054000
2026-01-21 17:00:00,90288.04000000,90360.00000000,87590.00000000,87602.40000000,2075.92566000
2026-01-21 18:00:00,87602.39000000,88156.47000000,87263.53000000,87932.38000000,1818.07575000
2026-01-21 19:00:00,87932.37000000,88657.23000000,87585.05000000,88485.43000000,743.38561000
2026-01-21 20:00:00,88485.43000000,90450.00000000,88280.55000000,90355.56000000,1787.81485000
2026-01-21 21:00:00,90355.56000000,90377.00000000,89392.00000000,90214.01000000,1099.33527000
2026-01-21 22:00:00,90214.02000000,90339.58000000,89950.36000000,90249.18000000,428.70398000
2026-01-21 23:00:00,90249.18000000,90377.00000000,89752.38000000,89763.51000000,414.26891000
2026-01-22 00:00:00,89763.51000000,90212.89000000,89344.98000000,89454.73000000,524.68420000
2026-01-22 01:00:00,89454.73000000,90032.50000000,89454.72000000,89908.49000000,394.22125000
2026-01-22 02:00:00,89908.50000000,90198.51000000,89826.38000000,90113.19000000,341.32729000
2026-01-22 03:00:00,90113.20000000,90359.99000000,89851.03000000,89938.30000000,436.55946000
2026-01-22 04:00:00,89938.30000000,90166.67000000,89702.84000000,89899.51000000,389.70123000
2026-01-22 05:00:00,89899.51000000,90076.77000000,89826.67000000,89998.91000000,327.01022000
2026-01-22 06:00:00,89998.91000000,90075.80000000,89928.09000000,90026.30000000,201.60447000
2026-01-22 07:00:00,90026.30000000,90215.79000000,89900.00000000,90172.11000000,274.11012000
2026-01-22 08:00:00,90172.12000000,90196.99000000,89802.00000000,89818.79000000,410.94787000
2026-01-22 09:00:00,89818.79000000,89968.28000000,89760.00000000,89920.16000000,241.50947000
2026-01-22 10:00:00,89920.16000000,90113.43000000,89883.80000000,90033.02000000,235.39671000
2026-01-22 11:00:00,90033.02000000,90101.83000000,89960.00000000,90078.77000000,307.75831000
2026-01-22 12:00:00,90078.76000000,90150.00000000,89897.87000000,89941.26000000,341.24190000
2026-01-22 13:00:00,89941.26000000,90099.99000000,89873.09000000,90021.09000000,250.41912000
2026-01-22 14:00:00,90021.09000000,90340.00000000,89478.92000000,89619.81000000,800.98427000
2026-01-22 15:00:00,89619.81000000,89742.67000000,89039.78000000,89088.59000000,1132.03645000
2026-01-22 16:00:00,89088.60000000,89445.24000000,88515.37000000,89000.01000000,1328.81681000
2026-01-22 17:00:00,89000.00000000,89270.00000000,88676.95000000,89054.06000000,820.87315000
2026-01-22 18:00:00,89054.07000000,89616.04000000,89024.55000000,89550.01000000,536.51415000
2026-01-22 19:00:00,89550.00000000,89797.50000000,89301.90000000,89333.94000000,457.15553000
2026-01-22 20:00:00,89333.93000000,89924.46000000,89114.48000000,89777.90000000,489.86443000
2026-01-22 21:00:00,89777.89000000,89946.13000000,89398.87000000,89409.72000000,338.82702000
2026-01-22 22:00:00,89409.73000000,89669.21000000,89238.32000000,89268.66000000,272.77807000
2026-01-22 23:00:00,89268.66000000,89566.00000000,89140.13000000,89346.99000000,294.98276000
2026-01-23 00:00:00,89346.99000000,89583.62000000,89170.74000000,89559.67000000,200.86486000
2026-01-23 01:00:00,89559.68000000,89638.84000000,89450.48000000,89520.01000000,225.79843000
2026-01-23 02:00:00,89520.01000000,89939.39000000,89520.01000000,89939.38000000,281.57226000
2026-01-23 03:00:00,89939.39000000,89979.97000000,89655.41000000,89663.48000000,375.68609000
2026-01-23 04:00:00,89663.47000000,89924.78000000,89646.18000000,89924.78000000,261.08428000
2026-01-23 05:00:00,89924.78000000,90088.94000000,89871.73000000,89965.42000000,430.92263000
2026-01-23 06:00:00,89965.43000000,89969.02000000,89473.99000000,89616.03000000,360.88730000
2026-01-23 07:00:00,89616.04000000,89799.36000000,89400.00000000,89509.59000000,450.16637000
2026-01-23 08:00:00,89509.59000000,89686.40000000,89447.52000000,89549.45000000,487.74127000
2026-01-23 09:00:00,89549.45000000,89632.18000000,89133.35000000,89221.46000000,544.19233000
2026-01-23 10:00:00,89221.46000000,89388.71000000,88897.81000000,88977.72000000,632.36708000
2026-01-23 11:00:00,88977.72000000,89160.74000000,88860.44000000,89046.49000000,334.46792000
2026-01-23 12:00:00,89046.49000000,89355.51000000,89000.00000000,89202.48000000,481.66038000
2026-01-23 13:00:00,89202.47000000,89383.09000000,89099.20000000,89267.83000000,219.71914000
2026-01-23 14:00:00,89267.83000000,89450.18000000,89237.65000000,89350.81000000,297.76310000
2026-01-23 15:00:00,89350.80000000,89733.71000000,88663.65000000,89017.85000000,1240.76676000
2026-01-23 16:00:00,89017.85000000,89865.53000000,88578.36000000,89761.61000000,1078.68425000
2026-01-23 17:00:00,89761.61000000,90490.06000000,89489.00000000,90124.85000000,1266.72506000
2026-01-23 18:00:00,90124.86000000,91224.99000000,89978.40000000,90600.00000000,1346.59832000
2026-01-23 19:00:00,90600.00000000,91039.75000000,90449.42000000,90530.45000000,698.45416000
2026-01-23 20:00:00,90530.44000000,90534.59000000,89612.01000000,89982.79000000,1118.99851000
2026-01-23 21:00:00,89982.79000000,90156.06000000,89200.68000000,89503.68000000,917.72716000
2026-01-23 22:00:00,89503.67000000,89691.18000000,89317.00000000,89349.99000000,308.43710000
2026-01-23 23:00:00,89349.99000000,89752.45000000,89335.35000000,89624.61000000,406.19522000
2026-01-24 00:00:00,89624.60000000,89631.00000000,89472.13000000,89600.26000000,151.87407000
2026-01-24 01:00:00,89600.26000000,89625.41000000,89424.39000000,89452.83000000,130.78736000
2026-01-24 02:00:00,89452.83000000,89588.72000000,89450.58000000,89550.24000000,118.84415000
2026-01-24 03:00:00,89550.24000000,89722.57000000,89550.24000000,89702.85000000,142.98732000
2026-01-24 04:00:00,89702.85000000,89957.39000000,89670.88000000,89770.02000000,368.35777000
2026-01-24 05:00:00,89770.03000000,89853.38000000,89709.08000000,89829.35000000,167.98668000
2026-01-24 06:00:00,89829.36000000,89849.78000000,89751.21000000,89775.20000000,112.02746000
2026-01-24 07:00:00,89775.20000000,89784.88000000,89602.22000000,89649.32000000,420.23986000
2026-01-24 08:00:00,89649.33000000,89692.31000000,89572.81000000,89620.10000000,254.69309000
2026-01-24 09:00:00,89620.11000000,89686.43000000,89583.02000000,89660.88000000,190.29089000
2026-01-24 10:00:00,89660.88000000,89660.88000000,89600.00000000,89600.00000000,126.61337000
2026-01-24 11:00:00,89600.01000000,89654.79000000,89577.97000000,89626.80000000,82.58886000
2026-01-24 12:00:00,89626.79000000,89676.26000000,89595.40000000,89595.40000000,114.10267000
2026-01-24 13:00:00,89595.41000000,89595.41000000,89486.87000000,89537.82000000,179.07545000
2026-01-24 14:00:00,89537.82000000,89540.44000000,89368.21000000,89368.22000000,156.70890000
2026-01-24 15:00:00,89368.22000000,89512.05000000,89171.75000000,89450.03000000,346.65964000
2026-01-24 16:00:00,89450.03000000,89492.14000000,89263.64000000,89275.77000000,334.47117000
2026-01-24 17:00:00,89275.77000000,89369.79000000,89162.08000000,89290.01000000,235.06029000
2026-01-24 18:00:00,89290.01000000,89414.38000000,89252.93000000,89406.50000000,135.14408000
2026-01-24 19:00:00,89406.50000000,89461.40000000,89382.05000000,89395.23000000,84.40453000
2026-01-24 20:00:00,89395.22000000,89395.23000000,89276.58000000,89331.36000000,105.47816000
2026-01-24 21:00:00,89331.36000000,89399.99000000,89331.35000000,89380.01000000,46.43346000
2026-01-24 22:00:00,89380.00000000,89386.61000000,89270.00000000,89386.61000000,99.49846000
2026-01-24 23:00:00,89386.61000000,89489.84000000,89304.85000000,89430.00000000,137.03504000
2026-01-25 00:00:00,89429.99000000,89474.65000000,89215.59000000,89225.34000000,137.07871000
2026-01-25 01:00:00,89225.34000000,89315.18000000,89183.49000000,89315.18000000,121.64277000
2026-01-25 02:00:00,89315.18000000,89319.13000000,89102.58000000,89176.31000000,180.68432000
2026-01-25 03:00:00,89176.31000000,89268.36000000,89129.62000000,89139.04000000,174.65440000
2026-01-25 04:00:00,89139.04000000,89176.72000000,88838.72000000,88960.35000000,472.84604000
2026-01-25 05:00:00,88960.36000000,89090.13000000,88941.03000000,89006.96000000,349.85772000
2026-01-25 06:00:00,89006.97000000,89045.44000000,88870.45000000,88990.90000000,204.95163000
2026-01-25 07:00:00,88990.89000000,88990.90000000,88649.98000000,88831.36000000,567.42395000
2026-01-25 08:00:00,88831.36000000,88831.36000000,88635.84000000,88659.99000000,242.80483000
2026-01-25 09:00:00,88659.99000000,88760.00000000,88136.00000000,88300.01000000,461.92857000
2026-01-25 10:00:00,88300.00000000,88488.00000000,88238.50000000,88398.38000000,288.59867000
2026-01-25 11:00:00,88398.38000000,88671.27000000,88398.37000000,88659.51000000,354.58647000
2026-01-25 12:00:00,88659.52000000,88710.00000000,88536.11000000,88570.17000000,171.64836000
2026-01-25 13:00:00,88570.17000000,88800.00000000,88450.00000000,88791.99000000,329.09813000
2026-01-25 14:00:00,88791.98000000,88971.89000000,88650.98000000,88921.00000000,278.06000000
2026-01-25 15:00:00,88920.99000000,88938.94000000,88624.55000000,88710.10000000,293.57615000
2026-01-25 16:00:00,88710.10000000,88760.35000000,88340.75000000,88446.50000000,370.52290000
2026-01-25 17:00:00,88446.51000000,88448.85000000,87560.00000000,88077.26000000,1878.84709000
2026-01-25 18:00:00,88077.25000000,88108.24000000,87767.18000000,87892.17000000,467.38462000
2026-01-25 19:00:00,87892.16000000,87983.29000000,86827.10000000,87420.01000000,1893.52035000
2026-01-25 20:00:00,87420.01000000,87508.15000000,86194.85000000,86495.16000000,1925.07483000
2026-01-25 21:00:00,86495.17000000,86718.75000000,86222.02000000,86654.61000000,753.55910000
2026-01-25 22:00:00,86654.60000000,87013.79000000,86400.00000000,86568.50000000,666.32154000
2026-01-25 23:00:00,86568.51000000,86694.78000000,86217.32000000,86521.39000000,849.36578000
2026-01-26 00:00:00,86521.39000000,86791.91000000,86074.72000000,86670.36000000,1129.26197000
2026-01-26 01:00:00,86670.36000000,87167.84000000,86509.63000000,86854.86000000,788.16762000
2026-01-26 02:00:00,86854.86000000,87809.99000000,86815.37000000,87698.73000000,1118.10870000
2026-01-26 03:00:00,87698.74000000,87973.11000000,87435.18000000,87563.38000000,1015.63506000
2026-01-26 04:00:00,87563.39000000,87691.41000000,87062.76000000,87282.05000000,1083.65608000
2026-01-26 05:00:00,87282.04000000,87953.00000000,87244.27000000,87737.06000000,1109.49828000
2026-01-26 06:00:00,87737.06000000,87956.27000000,87673.12000000,87826.01000000,765.12364000
2026-01-26 07:00:00,87826.01000000,88031.73000000,87764.00000000,87937.44000000,915.62979000
2026-01-26 08:00:00,87937.45000000,88074.48000000,87701.72000000,88000.64000000,768.40988000
2026-01-26 09:00:00,88000.64000000,88424.45000000,87846.89000000,87975.39000000,790.54723000
2026-01-26 10:00:00,87975.39000000,88000.00000000,87600.69000000,87663.12000000,543.28474000
2026-01-26 11:00:00,87663.12000000,87950.00000000,87660.00000000,87897.55000000,242.48130000
2026-01-26 12:00:00,87897.55000000,87980.00000000,87765.99000000,87855.00000000,244.05793000
2026-01-26 13:00:00,87855.01000000,87971.99000000,87735.38000000,87799.45000000,288.85651000
2026-01-26 14:00:00,87799.44000000,88048.00000000,87681.40000000,87960.01000000,556.52991000
2026-01-26 15:00:00,87960.01000000,88508.41000000,87450.08000000,88178.10000000,1822.59356000
2026-01-26 16:00:00,88178.09000000,88860.00000000,87325.03000000,87641.41000000,1769.32177000
2026-01-26 17:00:00,87641.41000000,87964.60000000,87206.00000000,87606.99000000,686.77865000
2026-01-26 18:00:00,87607.00000000,87789.47000000,87035.51000000,87700.62000000,580.63374000
2026-01-26 19:00:00,87700.61000000,88403.73000000,87639.26000000,88403.72000000,550.84106000
2026-01-26 20:00:00,88403.73000000,88537.95000000,87950.00000000,88013.19000000,515.97407000
2026-01-26 21:00:00,88013.19000000,88118.00000000,87542.05000000,87629.22000000,428.95260000
2026-01-26 22:00:00,87629.23000000,88238.29000000,87573.35000000,88064.69000000,392.85938000
2026-01-26 23:00:00,88064.69000000,88270.29000000,88001.75000000,88140.01000000,324.81747000
2026-01-27 00:00:00,88140.01000000,88659.09000000,88021.86000000,88347.08000000,463.75556000
2026-01-27 01:00:00,88347.08000000,88457.30000000,88200.00000000,88353.97000000,302.20293000
2026-01-27 02:00:00,88353.97000000,88700.00000000,88194.82000000,88550.61000000,340.87375000
2026-01-27 03:00:00,88550.61000000,88858.96000000,88550.61000000,88831.60000000,479.89810000
2026-01-27 04:00:00,88831.59000000,88898.00000000,88582.57000000,88788.00000000,526.26275000
2026-01-27 05:00:00,88787.99000000,89010.00000000,88511.88000000,88579.58000000,508.81601000
2026-01-27 06:00:00,88579.58000000,88586.26000000,88399.99000000,88456.30000000,306.33125000
2026-01-27 07:00:00,88456.31000000,88522.86000000,88278.03000000,88332.67000000,277.06987000
2026-01-27 08:00:00,88332.68000000,88555.14000000,88312.60000000,88320.41000000,356.10224000
2026-01-27 09:00:00,88320.41000000,88397.85000000,88120.04000000,88170.82000000,305.95946000
2026-01-27 10:00:00,88170.83000000,88170.83000000,87868.00000000,87886.82000000,501.60080000
2026-01-27 11:00:00,87886.82000000,88055.75000000,87743.84000000,87786.53000000,315.39119000
2026-01-27 12:00:00,87786.53000000,88093.19000000,87743.52000000,87992.74000000,339.68763000
2026-01-27 13:00:00,87992.74000000,88165.24000000,87955.98000000,87986.96000000,497.99816000
2026-01-27 14:00:00,87986.96000000,88076.82000000,87799.20000000,87982.15000000,400.06912000
2026-01-27 15:00:00,87982.15000000,88474.23000000,87659.23000000,87745.02000000,762.91064000
2026-01-27 16:00:00,87745.02000000,88189.44000000,87578.67000000,88047.46000000,838.96558000
2026-01-27 17:00:00,88047.46000000,88819.89000000,88002.57000000,88641.44000000,1128.77578000
2026-01-27 18:00:00,88641.43000000,88699.45000000,87304.33000000,87546.58000000,1183.80567000
2026-01-27 19:00:00,87546.58000000,88510.15000000,87450.00000000,88285.05000000,865.62099000
2026-01-27 20:00:00,88285.05000000,88549.32000000,88049.89000000,88408.77000000,469.70931000
2026-01-27 21:00:00,88408.78000000,89497.19000000,88373.49000000,89396.16000000,1024.56489000
2026-01-27 22:00:00,89396.03000000,89523.16000000,89008.75000000,89081.46000000,689.88066000
2026-01-27 23:00:00,89081.47000000,89421.91000000,89021.61000000,89243.63000000,281.54432000
2026-01-28 00:00:00,89243.63000000,89515.78000000,89143.92000000,89250.00000000,421.36315000
2026-01-28 01:00:00,89249.99000000,89468.01000000,89154.80000000,89467.72000000,258.84583000
2026-01-28 02:00:00,89467.73000000,89497.96000000,89196.87000000,89404.57000000,267.52883000
2026-01-28 03:00:00,89404.57000000,89453.89000000,89100.01000000,89285.77000000,214.15071000
2026-01-28 04:00:00,89285.78000000,89311.87000000,88985.00000000,89126.67000000,353.86100000
2026-01-28 05:00:00,89126.68000000,89160.00000000,88840.00000000,88975.04000000,312.10964000
2026-01-28 06:00:00,88975.03000000,89105.56000000,88849.00000000,89084.10000000,326.80822000
2026-01-28 07:00:00,89084.10000000,89400.00000000,89084.10000000,89317.47000000,340.81001000
2026-01-28 08:00:00,89317.47000000,89358.51000000,89099.81000000,89134.35000000,370.19520000
2026-01-28 09:00:00,89134.35000000,89258.02000000,88833.65000000,88925.47000000,515.45435000
2026-01-28 10:00:00,88925.47000000,89567.26000000,88849.99000000,89567.25000000,490.95043000
2026-01-28 11:00:00,89567.25000000,89703.87000000,89330.22000000,89403.77000000,688.45427000
2026-01-28 12:00:00,89403.76000000,90156.72000000,89313.13000000,90080.00000000,1092.21486000
2026-01-28 13:00:00,90079.99000000,90176.88000000,89790.00000000,89998.69000000,946.78783000
2026-01-28 14:00:00,89998.69000000,90488.00000000,89969.42000000,90257.91000000,1485.47795000
2026-01-28 15:00:00,90257.91000000,90276.78000000,89460.01000000,89617.27000000,997.73721000
2026-01-28 16:00:00,89617.27000000,89849.75000000,88904.61000000,89479.66000000,998.88376000
2026-01-28 17:00:00,89479.66000000,89830.00000000,89248.61000000,89629.66000000,744.86311000
2026-01-28 18:00:00,89629.66000000,90600.00000000,89277.21000000,90169.88000000,923.32635000
2026-01-28 19:00:00,90169.89000000,90178.91000000,89312.88000000,89546.24000000,748.51147000
2026-01-28 20:00:00,89544.00000000,89719.58000000,89006.36000000,89402.58000000,893.38320000
2026-01-28 21:00:00,89402.57000000,89896.00000000,89010.00000000,89130.63000000,590.94624000
2026-01-28 22:00:00,89130.63000000,89490.24000000,88878.01000000,89412.17000000,381.49994000
2026-01-28 23:00:00,89412.18000000,89479.04000000,89138.00000000,89396.15000000,156.23518000
2026-01-29 00:00:00,89396.15000000,89471.41000000,89209.48000000,89299.99000000,233.14943000
2026-01-29 01:00:00,89300.00000000,89348.00000000,88900.00000000,89143.91000000,431.21285000
2026-01-29 02:00:00,89143.92000000,89159.99000000,88548.87000000,88603.56000000,624.81108000
2026-01-29 03:00:00,88603.56000000,88754.64000000,87704.00000000,87907.06000000,1097.35161000
2026-01-29 04:00:00,87907.05000000,88265.39000000,87771.30000000,88053.71000000,769.73434000
2026-01-29 05:00:00,88053.71000000,88345.66000000,87901.23000000,88315.20000000,311.34380000
2026-01-29 06:00:00,88315.20000000,88408.08000000,88142.66000000,88186.54000000,354.31355000
2026-01-29 07:00:00,88186.53000000,88338.67000000,88168.90000000,88319.35000000,284.51762000
2026-01-29 08:00:00,88319.35000000,88430.05000000,88250.00000000,88352.97000000,526.73614000
2026-01-29 09:00:00,88352.96000000,88500.00000000,87907.80000000,88064.16000000,823.67262000
2026-01-29 10:00:00,88064.16000000,88160.00000000,87892.00000000,87892.01000000,372.84765000
2026-01-29 11:00:00,87892.00000000,88046.59000000,87832.18000000,87946.46000000,575.41561000
2026-01-29 12:00:00,87946.47000000,88066.94000000,87750.01000000,87846.50000000,527.10516000
2026-01-29 13:00:00,87846.50000000,88121.29000000,87817.97000000,88121.21000000,516.69113000
2026-01-29 14:00:00,88121.21000000,88182.29000000,87951.67000000,88052.88000000,283.13252000
2026-01-29 15:00:00,88052.87000000,88075.23000000,87008.00000000,87014.40000000,1065.77381000
2026-01-29 16:00:00,87014.40000000,87039.51000000,84366.56000000,84934.02000000,8241.95640000
2026-01-29 17:00:00,84934.02000000,85392.20000000,84268.17000000,85270.00000000,4076.75879000
2026-01-29 18:00:00,85270.01000000,85638.30000000,84012.78000000,84261.66000000,2652.67947000
2026-01-29 19:00:00,84261.66000000,84630.55000000,83415.00000000,83477.02000000,2305.76692000
2026-01-29 20:00:00,83477.02000000,84334.97000000,83383.33000000,84012.11000000,1752.68525000
2026-01-29 21:00:00,84012.11000000,84398.36000000,83824.90000000,84216.91000000,1089.07114000
2026-01-29 22:00:00,84216.91000000,84706.32000000,84200.00000000,84526.57000000,780.67473000
2026-01-29 23:00:00,84526.57000000,84615.74000000,84306.24000000,84570.05000000,335.13893000
2026-01-30 00:00:00,84570.04000000,84737.69000000,84445.70000000,84650.16000000,631.99089000
2026-01-30 01:00:00,84650.16000000,84735.75000000,84100.00000000,84192.00000000,730.18491000
2026-01-30 02:00:00,84192.00000000,84192.01000000,81118.00000000,82468.02000000,6080.28823000
2026-01-30 03:00:00,82468.01000000,82535.89000000,81154.00000000,82164.88000000,3963.98084000
2026-01-30 04:00:00,82164.88000000,82738.89000000,82036.35000000,82676.43000000,1470.66915000
2026-01-30 05:00:00,82676.42000000,83332.20000000,82676.42000000,82938.92000000,1147.37787000
2026-01-30 06:00:00,82938.92000000,83329.36000000,82903.23000000,82914.19000000,818.20759000
2026-01-30 07:00:00,82914.20000000,82919.21000000,82056.08000000,82602.81000000,1199.37024000
2026-01-30 08:00:00,82602.81000000,83100.00000000,82483.27000000,82816.98000000,1624.46252000
2026-01-30 09:00:00,82816.98000000,82995.41000000,82438.80000000,82671.70000000,959.74241000
2026-01-30 10:00:00,82671.70000000,82834.19000000,82160.00000000,82363.72000000,1026.26025000
2026-01-30 11:00:00,82363.71000000,82897.41000000,82172.02000000,82833.92000000,661.39040000
2026-01-30 12:00:00,82833.92000000,83314.85000000,82682.15000000,83151.36000000,607.68303000
2026-01-30 13:00:00,83151.36000000,83329.35000000,82650.00000000,82800.50000000,693.01620000
2026-01-30 14:00:00,82800.49000000,83087.34000000,82421.64000000,82740.92000000,760.57185000
2026-01-30 15:00:00,82740.93000000,83797.99000000,82738.68000000,83098.00000000,1785.40114000
2026-01-30 16:00:00,83098.00000000,83616.46000000,82382.01000000,82883.94000000,1512.89136000
2026-01-30 17:00:00,82882.84000000,83493.60000000,82549.35000000,83149.00000000,956.54558000
2026-01-30 18:00:00,83149.00000000,83475.80000000,82641.60000000,82943.23000000,1094.09504000
2026-01-30 19:00:00,82943.23000000,84160.00000000,81871.37000000,83931.13000000,2213.77003000
2026-01-30 20:00:00,83931.13000000,84621.16000000,83917.36000000,84242.99000000,1851.84536000
2026-01-30 21:00:00,84243.00000000,84299.99000000,83539.20000000,83906.34000000,2390.62988000
2026-01-30 22:00:00,83906.34000000,84523.11000000,83790.44000000,84273.70000000,835.94444000
2026-01-30 23:00:00,84273.71000000,84327.06000000,83918.42000000,84219.99000000,454.50219000
2026-01-31 00:00:00,84220.00000000,84298.96000000,83933.82000000,84260.49000000,357.01742000
2026-01-31 01:00:00,84260.50000000,84270.02000000,84014.01000000,84067.83000000,380.99765000
2026-01-31 02:00:00,84067.83000000,84266.22000000,83908.00000000,83999.99000000,474.79523000
2026-01-31 03:00:00,84000.00000000,84183.42000000,83815.02000000,84130.01000000,514.80351000
2026-01-31 04:00:00,84130.01000000,84232.00000000,84022.69000000,84022.69000000,356.74317000
2026-01-31 05:00:00,84022.70000000,84146.22000000,83941.43000000,83992.45000000,214.26773000
2026-01-31 06:00:00,83992.44000000,84097.37000000,83903.70000000,84000.01000000,249.62585000
2026-01-31 07:00:00,84000.01000000,84050.51000000,83638.40000000,83786.09000000,407.33324000
2026-01-31 08:00:00,83786.09000000,83805.02000000,83404.67000000,83546.81000000,478.71890000
2026-01-31 09:00:00,83546.82000000,83629.08000000,82560.75000000,83074.07000000,1142.87539000
2026-01-31 10:00:00,83074.08000000,83300.00000000,82894.00000000,83109.10000000,471.08907000
2026-01-31 11:00:00,83109.10000000,83203.26000000,82917.32000000,83160.00000000,515.13254000
2026-01-31 12:00:00,83160.00000000,83160.00000000,82851.97000000,83020.00000000,279.69189000
2026-01-31 13:00:00,83020.00000000,83140.00000000,82720.00000000,82762.00000000,537.57574000
2026-01-31 14:00:00,82761.99000000,82919.29000000,82478.59000000,82767.99000000,539.85854000
2026-01-31 15:00:00,82768.00000000,82928.20000000,80825.76000000,81479.99000000,4166.24097000
2026-01-31 16:00:00,81480.00000000,81789.68000000,81088.00000000,81302.15000000,1568.15407000
2026-01-31 17:00:00,81302.16000000,82200.00000000,80098.01000000,80365.04000000,5113.56418000
2026-01-31 18:00:00,80365.05000000,80550.74000000,78159.90000000,78893.92000000,6669.26832000
2026-01-31 19:00:00,78893.92000000,79143.64000000,75719.90000000,78038.38000000,7783.32311000
2026-01-31 20:00:00,78038.39000000,78576.30000000,77194.00000000,77750.01000000,2463.45994000
2026-01-31 21:00:00,77750.01000000,78141.95000000,77092.34000000,77999.03000000,1378.50317000
2026-01-31 22:00:00,77999.02000000,78365.02000000,77372.69000000,78292.00000000,1330.56660000
2026-01-31 23:00:00,78292.00000000,78499.94000000,78000.00000000,78155.17000000,902.43744000
2026-02-01 00:00:00,78155.16000000,79240.00000000,78078.67000000,78741.09000000,1552.86508000
2026-02-01 01:00:00,78741.10000000,79424.00000000,78644.09000000,78902.31000000,1738.02598000
2026-02-01 02:00:00,78902.31000000,78943.62000000,78284.00000000,78532.17000000,1163.10084000
2026-02-01 03:00:00,78532.32000000,79060.44000000,78378.00000000,78900.01000000,762.94469000
2026-02-01 04:00:00,78900.01000000,79008.36000000,78666.73000000,78868.28000000,594.31033000
2026-02-01 05:00:00,78868.29000000,79119.30000000,78720.97000000,78971.75000000,441.04188000
2026-02-01 06:00:00,78973.22000000,79006.00000000,78527.13000000,78620.91000000,744.74280000
2026-02-01 07:00:00,78620.90000000,78824.10000000,78266.63000000,78300.00000000,568.62406000
2026-02-01 08:00:00,78300.01000000,78724.01000000,77967.69000000,78343.00000000,808.74546000
2026-02-01 09:00:00,78343.00000000,78863.00000000,78252.64000000,78604.02000000,567.72389000
2026-02-01 10:00:00,78604.02000000,79136.10000000,78551.15000000,79034.45000000,479.76229000
2026-02-01 11:00:00,79034.45000000,79220.72000000,78148.10000000,78279.73000000,863.43565000
2026-02-01 12:00:00,78279.73000000,78877.89000000,78279.72000000,78743.56000000,539.38656000
2026-02-01 13:00:00,78743.57000000,78760.00000000,78244.00000000,78459.67000000,620.90729000
2026-02-01 14:00:00,78459.68000000,78768.68000000,78203.21000000,78317.51000000,482.47432000
2026-02-01 15:00:00,78317.51000000,78520.00000000,77236.68000000,78211.12000000,1658.37078000
2026-02-01 16:00:00,78211.12000000,78254.20000000,76761.98000000,77593.40000000,2045.87767000
2026-02-01 17:00:00,77593.40000000,77838.48000000,77087.76000000,77494.77000000,1084.57336000
2026-02-01 18:00:00,77494.77000000,77748.00000000,77300.00000000,77745.32000000,549.82327000
2026-02-01 19:00:00,77745.33000000,78443.10000000,77727.27000000,78029.28000000,791.63632000
2026-02-01 20:00:00,78029.29000000,78106.10000000,77000.01000000,77174.78000000,457.49789000
2026-02-01 21:00:00,77174.77000000,77740.91000000,76606.00000000,77103.04000000,1125.71882000
2026-02-01 22:00:00,77103.04000000,77161.26000000,76359.87000000,76526.03000000,1221.60590000
2026-02-01 23:00:00,76526.03000000,77779.63000000,76456.78000000,77249.31000000,1235.13318000
2026-02-02 00:00:00,77249.31000000,77610.72000000,75700.00000000,76968.21000000,4850.01845000
2026-02-02 01:00:00,76968.22000000,78231.26000000,76606.39000000,77672.61000000,1960.16053000
2026-02-02 02:00:00,77672.61000000,77942.28000000,76619.69000000,77518.87000000,1238.02224000
2026-02-02 03:00:00,77518.87000000,77555.62000000,76449.84000000,76491.17000000,1406.18164000
2026-02-02 04:00:00,76491.18000000,76575.93000000,74604.00000000,76292.98000000,6845.40126000
2026-02-02 05:00:00,76292.98000000,76621.28000000,75335.90000000,75894.15000000,2387.03559000
2026-02-02 06:00:00,75894.15000000,75999.99000000,74911.14000000,75502.10000000,2327.56014000
2026-02-02 07:00:00,75502.10000000,76834.71000000,74957.51000000,76549.32000000,3207.27225000
2026-02-02 08:00:00,76549.32000000,76958.00000000,76327.90000000,76660.79000000,1646.53051000
2026-02-02 09:00:00,76660.78000000,77191.15000000,76628.28000000,76881.28000000,1422.14452000
2026-02-02 10:00:00,76881.28000000,77815.00000000,76652.00000000,77725.33000000,2196.40917000
2026-02-02 11:00:00,77725.33000000,77876.69000000,77474.85000000,77504.54000000,1049.86427000
2026-02-02 12:00:00,77504.54000000,77970.62000000,77451.11000000,77759.99000000,983.08962000
2026-02-02 13:00:00,77760.00000000,78434.00000000,77706.00000000,77988.51000000,1103.97039000
2026-02-02 14:00:00,77988.50000000,78458.00000000,77800.00000000,78224.79000000,960.76337000
2026-02-02 15:00:00,78224.80000000,78885.00000000,77626.44000000,77844.79000000,2220.07608000
2026-02-02 16:00:00,77844.78000000,79360.00000000,77564.62000000,78850.06000000,3238.00821000
2026-02-02 17:00:00,78850.06000000,79288.28000000,78584.00000000,78634.76000000,1987.74899000
2026-02-02 18:00:00,78634.75000000,79213.99000000,78603.93000000,78988.64000000,1407.01094000
2026-02-02 19:00:00,78988.65000000,78988.65000000,78369.13000000,78569.84000000,992.65857000
2026-02-02 20:00:00,78569.83000000,78697.99000000,78283.27000000,78341.50000000,1074.65868000
2026-02-02 21:00:00,78341.50000000,78667.38000000,77888.00000000,78008.59000000,902.54602000
2026-02-02 22:00:00,78008.59000000,78552.76000000,77922.00000000,78532.06000000,507.24426000
2026-02-02 23:00:00,78532.07000000,78853.35000000,78528.21000000,78795.20000000,488.24484000
2026-02-03 00:00:00,78795.20000000,78962.78000000,78560.00000000,78738.61000000,720.98807000
2026-02-03 01:00:00,78738.60000000,79099.99000000,78408.05000000,79065.24000000,994.28607000
2026-02-03 02:00:00,79065.24000000,79186.81000000,78716.79000000,79017.63000000,990.18740000
2026-02-03 03:00:00,79017.64000000,79017.64000000,77800.00000000,77808.01000000,959.76758000
2026-02-03 04:00:00,77808.02000000,78907.18000000,77644.09000000,78753.32000000,1068.28743000
2026-02-03 05:00:00,78753.32000000,78999.99000000,78488.00000000,78798.39000000,719.00577000
2026-02-03 06:00:00,78798.38000000,78809.78000000,78218.98000000,78240.45000000,581.74505000
2026-02-03 07:00:00,78240.45000000,78665.91000000,77950.00000000,78594.17000000,881.03721000
2026-02-03 08:00:00,78594.01000000,78923.93000000,78488.01000000,78794.67000000,705.05984000
2026-02-03 09:00:00,78794.67000000,79084.29000000,78464.60000000,78747.96000000,840.32530000
2026-02-03 10:00:00,78747.96000000,78841.35000000,77950.00000000,78400.01000000,972.94350000
2026-02-03 11:00:00,78400.01000000,78560.00000000,78070.00000000,78120.36000000,505.87116000
2026-02-03 12:00:00,78120.36000000,78349.24000000,78004.08000000,78079.50000000,475.83471000
2026-02-03 13:00:00,78079.50000000,78416.90000000,78000.00000000,78330.26000000,933.62710000
2026-02-03 14:00:00,78330.26000000,78458.89000000,78187.91000000,78307.65000000,529.49211000
2026-02-03 15:00:00,78307.65000000,78434.61000000,77156.24000000,77201.22000000,2011.41490000
2026-02-03 16:00:00,77201.21000000,78196.83000000,77055.54000000,78132.33000000,2069.08407000
2026-02-03 17:00:00,78132.34000000,78134.53000000,76400.00000000,76488.08000000,3199.23624000
2026-02-03 18:00:00,76488.08000000,76525.44000000,74882.28000000,74915.79000000,3210.53566000
2026-02-03 19:00:00,74915.79000000,75302.76000000,73137.66000000,73139.13000000,8932.04301000
2026-02-03 20:00:00,73139.12000000,75291.10000000,72945.50000000,74935.00000000,3497.82279000
2026-02-03 21:00:00,74935.00000000,76721.25000000,74586.54000000,76475.52000000,2122.86901000
2026-02-03 22:00:00,76475.53000000,76960.00000000,76124.05000000,76239.43000000,1110.97152000
2026-02-03 23:00:00,76239.43000000,76299.19000000,75406.79000000,75708.83000000,1013.97922000
2026-02-04 00:00:00,75708.82000000,76000.00000000,75428.16000000,75770.21000000,794.68224000
2026-02-04 01:00:00,75770.21000000,76264.00000000,75467.22000000,75910.88000000,730.62893000
2026-02-04 02:00:00,75910.88000000,76798.12000000,75910.88000000,76423.73000000,952.72942000
2026-02-04 03:00:00,76423.73000000,76610.04000000,75707.41000000,75963.35000000,853.38888000
2026-02-04 04:00:00,75963.35000000,76971.52000000,75906.05000000,76698.17000000,1036.93598000
2026-02-04 05:00:00,76698.17000000,76830.69000000,76413.64000000,76479.75000000,577.39018000
2026-02-04 06:00:00,76479.75000000,76526.80000000,76105.30000000,76279.99000000,1056.73491000
2026-02-04 07:00:00,76280.00000000,76780.00000000,76259.90000000,76652.68000000,609.34015000
2026-02-04 08:00:00,76652.68000000,76657.31000000,76335.46000000,76514.30000000,593.58526000
2026-02-04 09:00:00,76514.30000000,76600.00000000,76068.69000000,76587.26000000,736.19473000
2026-02-04 10:00:00,76587.26000000,76607.69000000,75967.10000000,76119.00000000,632.82215000
2026-02-04 11:00:00,76119.00000000,76338.65000000,76069.00000000,76302.10000000,440.91077000
2026-02-04 12:00:00,76302.10000000,76302.10000000,75666.00000000,76017.25000000,1102.73317000
2026-02-04 13:00:00,76017.25000000,76260.85000000,76000.00000000,76180.85000000,942.91713000
2026-02-04 14:00:00,76180.84000000,76186.98000000,74867.00000000,74867.00000000,1563.62436000
2026-02-04 15:00:00,74867.00000000,75769.23000000,74256.00000000,74359.53000000,2801.90282000
2026-02-04 16:00:00,74359.53000000,75328.28000000,73794.11000000,74136.36000000,3644.50098000
2026-02-04 17:00:00,74136.48000000,74249.83000000,73076.92000000,73636.01000000,3089.62892000
2026-02-04 18:00:00,73635.63000000,73863.92000000,72169.00000000,72576.08000000,5764.80542000
2026-02-04 19:00:00,72576.08000000,74140.00000000,72273.68000000,73425.96000000,3480.01439000
2026-02-04 20:00:00,73425.97000000,74007.28000000,73041.41000000,73923.29000000,1609.77508000
2026-02-04 21:00:00,73923.30000000,74144.00000000,73425.56000000,73516.30000000,1052.61663000
2026-02-04 22:00:00,73516.30000000,73654.00000000,72210.00000000,72799.99000000,1379.23839000
2026-02-04 23:00:00,72800.00000000,73680.00000000,71888.00000000,72543.38000000,2426.62344000
2026-02-05 00:00:00,72543.38000000,73520.59000000,72468.12000000,73165.83000000,1296.31791000
2026-02-05 01:00:00,73165.84000000,73325.60000000,72754.21000000,72868.02000000,1031.56586000
2026-02-05 02:00:00,72868.02000000,73341.18000000,71995.09000000,72421.26000000,1796.49365000
2026-02-05 03:00:00,72421.26000000,72854.39000000,71305.55000000,71454.44000000,2979.51665000
2026-02-05 04:00:00,71454.44000000,71884.47000000,71152.78000000,71223.25000000,2548.86017000
2026-02-05 05:00:00,71223.25000000,71437.68000000,70701.00000000,70888.08000000,4293.99043000
2026-02-05 06:00:00,70888.09000000,71150.16000000,70140.00000000,70732.72000000,4302.51294000
2026-02-05 07:00:00,70732.73000000,70984.62000000,70434.05000000,70951.51000000,2020.09726000
2026-02-05 08:00:00,70951.51000000,71622.82000000,70644.73000000,70756.85000000,2612.40429000
2026-02-05 09:00:00,70756.86000000,71550.00000000,70683.58000000,71054.99000000,1815.06036000
2026-02-05 10:00:00,71054.99000000,71978.58000000,71049.35000000,71550.00000000,1842.40706000
2026-02-05 11:00:00,71549.99000000,71726.79000000,70656.59000000,70858.13000000,1618.18196000
2026-02-05 12:00:00,70858.13000000,71063.94000000,69922.00000000,70318.35000000,4107.09256000
2026-02-05 13:00:00,70318.35000000,70603.49000000,69163.00000000,69563.57000000,5331.37678000
2026-02-05 14:00:00,69563.56000000,69831.85000000,69261.11000000,69688.94000000,2587.65964000
2026-02-05 15:00:00,69688.94000000,70872.04000000,69285.71000000,69404.76000000,3459.24538000
2026-02-05 16:00:00,69404.75000000,69616.29000000,66720.15000000,67489.07000000,13836.57347000
2026-02-05 17:00:00,67489.08000000,68681.81000000,66955.34000000,68295.15000000,5860.78146000
2026-02-05 18:00:00,68295.15000000,68374.79000000,66152.00000000,66181.69000000,6127.22850000
2026-02-05 19:00:00,66181.68000000,66542.87000000,65385.00000000,66347.00000000,5703.68497000
2026-02-05 20:00:00,66347.01000000,66637.46000000,65200.00000000,65265.65000000,3605.53717000
2026-02-05 21:00:00,65265.66000000,65700.00000000,62345.00000000,63775.67000000,13269.97533000
2026-02-05 22:00:00,63775.66000000,64775.00000000,62888.34000000,63213.34000000,6727.66673000
2026-02-05 23:00:00,63213.34000000,64615.88000000,62690.90000000,63907.86000000,4776.16051000
2026-02-06 00:00:00,63907.86000000,64908.00000000,62717.48000000,62909.86000000,4044.75586000
2026-02-06 01:00:00,62909.87000000,63861.87000000,60000.00000000,63509.39000000,15965.67588000
2026-02-06 02:00:00,63509.40000000,65760.00000000,63509.39000000,65714.96000000,6085.05108000
2026-02-06 03:00:00,65714.96000000,66010.00000000,64201.28000000,64990.10000000,4172.05950000
2026-02-06 04:00:00,64990.11000000,65172.13000000,63770.17000000,64168.33000000,2757.61679000
2026-02-06 05:00:00,64168.33000000,65000.00000000,63914.62000000,64905.84000000,2678.77331000
2026-02-06 06:00:00,64905.54000000,66826.50000000,64800.01000000,66408.11000000,3077.34633000
2026-02-06 07:00:00,66408.11000000,66800.00000000,64856.88000000,64988.26000000,3562.00258000
2026-02-06 08:00:00,64988.26000000,65543.79000000,64654.11000000,64856.00000000,3886.24107000
2026-02-06 09:00:00,64856.00000000,65206.11000000,64500.00000000,64895.05000000,2403.94942000
2026-02-06 10:00:00,64895.04000000,66163.00000000,64764.70000000,65799.55000000,2736.04998000
2026-02-06 11:00:00,65799.55000000,66220.00000000,65550.00000000,65967.51000000,2067.37547000
2026-02-06 12:00:00,65967.51000000,66755.13000000,65772.17000000,66631.32000000,2445.47098000
2026-02-06 13:00:00,66631.32000000,66631.32000000,66114.49000000,66557.93000000,1895.66919000
2026-02-06 14:00:00,66557.93000000,67690.70000000,66480.82000000,67316.82000000,4063.76595000
2026-02-06 15:00:00,67316.82000000,68647.45000000,66629.36000000,68194.89000000,5594.57909000
2026-02-06 16:00:00,68194.90000000,69192.00000000,67772.00000000,68626.00000000,6052.81042000
2026-02-06 17:00:00,68625.99000000,70224.62000000,68428.19000000,69954.01000000,6892.60997000
2026-02-06 18:00:00,69954.01000000,71500.00000000,69593.43000000,70753.53000000,5224.54006000
2026-02-06 19:00:00,70753.53000000,70816.00000000,69340.91000000,69776.68000000,3217.47319000
2026-02-06 20:00:00,69776.68000000,70952.00000000,69662.22000000,70731.46000000,1949.07605000
2026-02-06 21:00:00,70731.45000000,70996.77000000,70000.12000000,70000.13000000,1842.94729000
2026-02-06 22:00:00,70000.14000000,70508.75000000,69837.35000000,70358.43000000,1079.99332000
2026-02-06 23:00:00,70358.44000000,71577.09000000,70279.09000000,71354.46000000,1439.41821000
2026-02-07 00:00:00,71354.46000000,71751.33000000,70505.00000000,70580.26000000,1448.72018000
2026-02-07 01:00:00,70580.26000000,70600.00000000,69718.00000000,69958.00000000,1684.48527000
2026-02-07 02:00:00,69958.00000000,70680.54000000,69741.87000000,70471.49000000,1257.48702000
2026-02-07 03:00:00,70471.48000000,70624.49000000,70151.51000000,70361.37000000,828.17189000
2026-02-07 04:00:00,70361.36000000,70928.75000000,70270.00000000,70918.99000000,917.62946000
2026-02-07 05:00:00,70918.99000000,71690.07000000,70604.55000000,70768.13000000,1760.77139000
2026-02-07 06:00:00,70768.00000000,71191.88000000,69800.00000000,70161.50000000,1954.17044000
2026-02-07 07:00:00,70161.51000000,70310.00000000,68757.68000000,68769.65000000,3067.81307000
2026-02-07 08:00:00,68769.66000000,69084.55000000,67300.00000000,68087.14000000,6488.56676000
2026-02-07 09:00:00,68087.13000000,68790.00000000,67747.65000000,68495.01000000,2785.44241000
2026-02-07 10:00:00,68495.01000000,68763.28000000,67885.86000000,68138.20000000,2704.83478000
2026-02-07 11:00:00,68138.19000000,68299.30000000,67582.48000000,67987.00000000,2026.15669000
2026-02-07 12:00:00,67986.99000000,68157.21000000,67700.00000000,67972.65000000,1172.58170000
2026-02-07 13:00:00,67972.65000000,69999.99000000,67901.89000000,69024.98000000,3372.78032000
2026-02-07 14:00:00,69024.98000000,69364.50000000,68821.64000000,69093.98000000,1462.50623000
2026-02-07 15:00:00,69093.98000000,69187.27000000,68358.75000000,68645.99000000,1780.47515000
2026-02-07 16:00:00,68646.00000000,69762.46000000,68556.00000000,69151.50000000,2675.07885000
2026-02-07 17:00:00,69151.50000000,69898.00000000,68822.51000000,68957.16000000,3767.46183000
2026-02-07 18:00:00,68957.16000000,69408.00000000,68531.50000000,69188.81000000,1260.95907000
2026-02-07 19:00:00,69188.81000000,69690.89000000,69009.09000000,69514.11000000,815.22684000
2026-02-07 20:00:00,69514.11000000,69577.43000000,69266.66000000,69373.61000000,549.67003000
2026-02-07 21:00:00,69373.61000000,69728.83000000,69252.72000000,69631.18000000,431.20720000
2026-02-07 22:00:00,69631.18000000,69699.16000000,69356.16000000,69497.99000000,322.93251000
2026-02-07 23:00:00,69497.99000000,69727.86000000,69325.67000000,69399.34000000,469.65551000
2026-02-08 00:00:00,69399.34000000,69462.42000000,68787.34000000,69289.38000000,699.41594000
2026-02-08 01:00:00,69289.37000000,69432.00000000,68888.00000000,69133.79000000,682.62238000
2026-02-08 02:00:00,69133.80000000,69500.00000000,69095.17000000,69379.57000000,433.38727000
2026-02-08 03:00:00,69379.57000000,69696.57000000,69167.42000000,69370.70000000,452.71707000
2026-02-08 04:00:00,69370.69000000,69443.90000000,69069.65000000,69099.99000000,457.68257000
2026-02-08 05:00:00,69100.00000000,69372.06000000,68952.01000000,69340.16000000,390.41434000
2026-02-08 06:00:00,69340.15000000,69422.43000000,69146.47000000,69220.52000000,386.01063000
2026-02-08 07:00:00,69220.53000000,69518.56000000,69090.00000000,69361.18000000,1121.01748000
2026-02-08 08:00:00,69361.18000000,69719.07000000,69215.69000000,69710.69000000,980.72904000
2026-02-08 09:00:00,69710.69000000,70796.99000000,69514.15000000,70665.59000000,1875.57890000
2026-02-08 10:00:00,70665.59000000,70712.71000000,70094.71000000,70107.19000000,1028.89501000
2026-02-08 11:00:00,70107.20000000,70449.99000000,69890.52000000,70266.41000000,1062.51700000
2026-02-08 12:00:00,70266.41000000,71220.00000000,70210.26000000,70999.98000000,1342.32428000
2026-02-08 13:00:00,70999.99000000,71281.74000000,70707.39000000,71249.95000000,791.13826000
2026-02-08 14:00:00,71249.65000000,71517.27000000,70956.00000000,71514.77000000,1080.90623000
2026-02-08 15:00:00,71514.77000000,71554.95000000,71105.00000000,71262.19000000,872.42876000
2026-02-08 16:00:00,71262.18000000,71465.93000000,70786.18000000,71188.99000000,914.74435000
2026-02-08 17:00:00,71188.99000000,71256.97000000,70251.33000000,70416.00000000,1094.49116000
2026-02-08 18:00:00,70415.99000000,70871.66000000,70407.42000000,70785.99000000,515.39696000
2026-02-08 19:00:00,70786.00000000,71418.00000000,70750.00000000,71147.25000000,643.64182000
2026-02-08 20:00:00,71147.24000000,71538.05000000,71142.77000000,71422.97000000,466.64362000
2026-02-08 21:00:00,71422.96000000,71427.73000000,70700.03000000,70835.17000000,803.14197000
2026-02-08 22:00:00,70835.17000000,71136.03000000,70524.14000000,70700.00000000,621.70092000
2026-02-08 23:00:00,70700.01000000,71100.04000000,70652.11000000,71066.09000000,568.07657000
2026-02-09 00:00:00,71066.09000000,72271.41000000,70000.00000000,70330.38000000,2834.32509000
2026-02-09 01:00:00,70330.38000000,70774.40000000,70123.02000000,70502.38000000,961.77536000
2026-02-09 02:00:00,70502.37000000,70926.40000000,70068.18000000,70369.53000000,1060.82602000
2026-02-09 03:00:00,70369.53000000,71000.00000000,70220.12000000,70629.99000000,832.82995000
2026-02-09 04:00:00,70629.99000000,71453.53000000,70614.07000000,71307.56000000,1165.88308000
2026-02-09 05:00:00,71307.56000000,71359.37000000,70924.13000000,71005.01000000,663.12266000
2026-02-09 06:00:00,71005.01000000,71112.00000000,70805.00000000,71044.51000000,554.37782000
2026-02-09 07:00:00,71044.51000000,71044.52000000,70311.70000000,70667.95000000,697.30320000
2026-02-09 08:00:00,70667.96000000,70902.51000000,70331.57000000,70422.59000000,1015.80172000
2026-02-09 09:00:00,70422.59000000,70608.83000000,69393.97000000,69873.99000000,1595.15551000
2026-02-09 10:00:00,69873.45000000,70116.00000000,69478.63000000,69630.35000000,1112.26419000
2026-02-09 11:00:00,69630.35000000,69730.38000000,68420.58000000,68727.88000000,2052.69575000
2026-02-09 12:00:00,68727.88000000,69022.89000000,68573.31000000,68928.72000000,1348.78221000
2026-02-09 13:00:00,68928.71000000,69262.91000000,68857.97000000,69147.01000000,1009.44887000
2026-02-09 14:00:00,69147.02000000,69299.99000000,68586.48000000,68594.57000000,1029.85836000
2026-02-09 15:00:00,68594.56000000,69755.59000000,68308.00000000,69272.00000000,2516.24849000
2026-02-09 16:00:00,69271.99000000,69884.82000000,68780.00000000,69563.37000000,2308.23216000
2026-02-09 17:00:00,69563.37000000,70428.48000000,69100.00000000,70093.01000000,1734.77412000
2026-02-09 18:00:00,70093.00000000,71000.00000000,69870.65000000,70612.29000000,2206.43168000
2026-02-09 19:00:00,70612.29000000,71012.00000000,70088.88000000,70418.68000000,1419.63320000
2026-02-09 20:00:00,70418.67000000,71075.31000000,70260.00000000,70957.01000000,878.36448000
2026-02-09 21:00:00,70957.01000000,71126.00000000,70500.00000000,70738.71000000,948.93614000
2026-02-09 22:00:00,70738.71000000,70807.75000000,69823.52000000,70400.00000000,1102.83201000
2026-02-09 23:00:00,70400.01000000,70719.70000000,70271.13000000,70372.96000000,530.94981000
2026-02-10 00:00:00,70372.96000000,70572.84000000,70083.45000000,70138.00000000,406.20163000
2026-02-10 01:00:00,70138.00000000,70255.36000000,69743.80000000,69827.33000000,569.13678000
2026-02-10 02:00:00,69827.34000000,70527.59000000,69827.34000000,70486.82000000,544.68673000
2026-02-10 03:00:00,70486.82000000,70486.82000000,69982.27000000,70102.89000000,444.00707000
2026-02-10 04:00:00,70102.90000000,70166.22000000,69208.61000000,69511.83000000,911.79715000
2026-02-10 05:00:00,69511.83000000,69906.50000000,69469.58000000,69831.62000000,489.42781000
2026-02-10 06:00:00,69831.62000000,69864.00000000,69210.76000000,69447.64000000,565.92441000
2026-02-10 07:00:00,69447.63000000,69499.90000000,68682.00000000,68921.35000000,1241.02042000
2026-02-10 08:00:00,68921.36000000,69218.64000000,68852.43000000,68919.66000000,837.11514000
2026-02-10 09:00:00,68919.66000000,69226.16000000,68725.81000000,69142.00000000,730.03493000
2026-02-10 10:00:00,69141.99000000,69417.70000000,68950.00000000,69151.50000000,1044.98180000
2026-02-10 11:00:00,69151.50000000,69258.52000000,68921.64000000,68921.68000000,686.30742000
2026-02-10 12:00:00,68921.68000000,69085.79000000,68459.89000000,68535.01000000,1128.13956000
2026-02-10 13:00:00,68535.02000000,68855.35000000,68434.00000000,68610.12000000,821.53118000
2026-02-10 14:00:00,68610.11000000,69143.60000000,68370.23000000,69027.95000000,992.44284000
2026-02-10 15:00:00,69027.94000000,69591.20000000,67800.00000000,68460.40000000,2352.75100000
2026-02-10 16:00:00,68460.40000000,69519.72000000,68300.90000000,69293.37000000,1676.38862000
2026-02-10 17:00:00,69293.37000000,69810.35000000,68945.23000000,69517.71000000,1394.08093000
2026-02-10 18:00:00,69517.71000000,69993.65000000,69309.35000000,69925.31000000,899.78430000
2026-02-10 19:00:00,69925.31000000,69943.44000000,68604.63000000,68894.36000000,897.73226000
2026-02-10 20:00:00,68894.36000000,69303.99000000,68690.32000000,69062.01000000,805.90106000
2026-02-10 21:00:00,69062.00000000,69136.91000000,68629.47000000,68753.70000000,425.90627000
2026-02-10 22:00:00,68753.69000000,69005.45000000,68362.00000000,68656.21000000,402.88764000
2026-02-10 23:00:00,68656.22000000,68860.40000000,68566.80000000,68707.18000000,289.48213000
2026-02-11 00:00:00,68707.18000000,68860.09000000,68506.20000000,68841.29000000,222.30327000
2026-02-11 01:00:00,68841.28000000,69244.45000000,68784.47000000,69201.14000000,437.64105000
2026-02-11 02:00:00,69201.14000000,69292.88000000,68914.73000000,68982.00000000,303.52695000
2026-02-11 03:00:00,68982.00000000,69168.52000000,68603.40000000,68677.33000000,398.35346000
2026-02-11 04:00:00,68677.34000000,68751.91000000,68011.11000000,68187.99000000,778.71298000
2026-02-11 05:00:00,68188.00000000,68325.00000000,67368.00000000,67584.46000000,1295.18481000
2026-02-11 06:00:00,67584.47000000,67810.00000000,67397.86000000,67404.28000000,744.08532000
2026-02-11 07:00:00,67404.28000000,67491.84000000,66557.99000000,66820.32000000,1841.79675000
2026-02-11 08:00:00,66819.84000000,67254.60000000,66652.27000000,67032.72000000,1293.95919000
2026-02-11 09:00:00,67032.71000000,67134.42000000,66793.93000000,66981.07000000,871.78483000
2026-02-11 10:00:00,66981.08000000,67110.04000000,66716.02000000,66872.03000000,712.97040000
2026-02-11 11:00:00,66872.03000000,66891.64000000,66369.49000000,66531.99000000,1318.02907000
2026-02-11 12:00:00,66531.99000000,67110.77000000,66500.84000000,67053.03000000,1011.30301000
2026-02-11 13:00:00,67053.03000000,67424.24000000,66959.67000000,67133.50000000,1251.20611000
2026-02-11 14:00:00,67133.51000000,67674.30000000,66799.58000000,67454.49000000,1973.91228000
2026-02-11 15:00:00,67454.49000000,68834.34000000,66435.62000000,66584.60000000,3127.14059000
2026-02-11 16:00:00,66584.61000000,66818.18000000,65756.00000000,66519.73000000,2796.32516000
2026-02-11 17:00:00,66519.72000000,67250.00000000,65952.00000000,66039.09000000,1746.45856000
2026-02-11 18:00:00,66039.08000000,66921.12000000,65876.00000000,66518.26000000,1110.21085000
2026-02-11 19:00:00,66518.26000000,67305.28000000,66150.66000000,67275.34000000,935.25515000
2026-02-11 20:00:00,67275.34000000,67860.44000000,67105.79000000,67586.67000000,1212.94694000
2026-02-11 21:00:00,67586.66000000,67757.70000000,67190.00000000,67555.98000000,514.27060000
2026-02-11 22:00:00,67555.98000000,68369.77000000,67417.04000000,67811.17000000,1823.53852000
2026-02-11 23:00:00,67810.20000000,67872.68000000,67387.24000000,67433.14000000,541.63723000
2026-02-12 00:00:00,67433.54000000,67563.77000000,66787.70000000,67082.52000000,677.99621000
2026-02-12 01:00:00,67082.52000000,67700.00000000,67055.53000000,67460.75000000,581.76040000
2026-02-12 02:00:00,67460.75000000,68047.48000000,67460.75000000,67699.01000000,549.26066000
2026-02-12 03:00:00,67699.01000000,67800.00000000,67418.00000000,67439.14000000,554.16819000
2026-02-12 04:00:00,67439.14000000,67596.00000000,67306.61000000,67580.99000000,415.78114000
2026-02-12 05:00:00,67581.00000000,67682.69000000,67000.00000000,67018.40000000,588.37890000
2026-02-12 06:00:00,67018.40000000,67209.99000000,66670.45000000,67141.93000000,683.92376000
2026-02-12 07:00:00,67141.92000000,67355.93000000,67014.00000000,67125.57000000,830.74950000
2026-02-12 08:00:00,67125.57000000,67330.00000000,66935.64000000,67217.72000000,607.54971000
2026-02-12 09:00:00,67217.71000000,67344.00000000,66891.60000000,67141.15000000,783.02638000
2026-02-12 10:00:00,67141.15000000,67699.10000000,67050.00000000,67550.47000000,644.02356000
2026-02-12 11:00:00,67550.46000000,68026.60000000,67404.02000000,68014.01000000,843.40689000
2026-02-12 12:00:00,68014.00000000,68299.00000000,67740.00000000,68076.01000000,1397.59947000
2026-02-12 13:00:00,68076.01000000,68162.02000000,67720.00000000,67865.31000000,829.25823000
2026-02-12 14:00:00,67865.32000000,68397.50000000,67680.82000000,68376.58000000,960.32991000
2026-02-12 15:00:00,68376.58000000,68410.52000000,67493.78000000,67577.02000000,1431.75163000
2026-02-12 16:00:00,67577.02000000,68000.00000000,67014.98000000,67134.74000000,1602.90239000
2026-02-12 17:00:00,67134.74000000,67232.04000000,65556.00000000,65863.37000000,3193.11571000
2026-02-12 18:00:00,65863.38000000,66265.06000000,65374.56000000,65413.99000000,2100.56023000
2026-02-12 19:00:00,65414.00000000,65800.00000000,65118.00000000,65590.95000000,1612.17039000
2026-02-12 20:00:00,65590.95000000,66117.51000000,65274.40000000,65788.36000000,1027.63649000
2026-02-12 21:00:00,65788.36000000,66042.24000000,65215.06000000,65428.56000000,894.16583000
2026-02-12 22:00:00,65428.24000000,65900.00000000,65428.24000000,65849.87000000,590.26423000
2026-02-12 23:00:00,65849.86000000,66399.94000000,65643.34000000,66288.00000000,642.82133000
2026-02-13 00:00:00,66288.01000000,66488.90000000,66156.47000000,66272.17000000,907.13790000
2026-02-13 01:00:00,66272.17000000,66527.09000000,65872.46000000,65918.60000000,765.38996000
2026-02-13 02:00:00,65918.61000000,66619.90000000,65918.61000000,66454.95000000,771.58544000
2026-02-13 03:00:00,66454.95000000,66759.61000000,66384.00000000,66663.08000000,476.45341000
2026-02-13 04:00:00,66663.08000000,66814.00000000,66462.40000000,66553.08000000,569.96335000
2026-02-13 05:00:00,66553.09000000,66671.62000000,66308.48000000,66329.22000000,462.15015000
2026-02-13 06:00:00,66329.22000000,66502.27000000,66175.79000000,66175.79000000,484.25050000
2026-02-13 07:00:00,66175.79000000,66397.86000000,66002.98000000,66359.28000000,613.96613000
2026-02-13 08:00:00,66359.28000000,66568.47000000,66050.21000000,66208.96000000,868.05316000
2026-02-13 09:00:00,66208.96000000,66747.38000000,66191.52000000,66699.96000000,603.02656000
2026-02-13 10:00:00,66699.96000000,67062.93000000,66612.86000000,66959.71000000,592.93469000
2026-02-13 11:00:00,66959.72000000,67116.00000000,66800.00000000,66977.66000000,516.91289000
2026-02-13 12:00:00,66977.66000000,67226.66000000,66783.38000000,67171.42000000,488.71065000
2026-02-13 13:00:00,67171.41000000,67212.28000000,66918.38000000,67084.00000000,405.35988000
2026-02-13 14:00:00,67084.01000000,67615.34000000,66938.00000000,67274.15000000,1624.06539000
2026-02-13 15:00:00,67274.14000000,68028.45000000,66867.47000000,67733.51000000,1724.03844000
2026-02-13 16:00:00,67733.51000000,69309.80000000,67692.00000000,68692.12000000,3133.08720000
2026-02-13 17:00:00,68692.12000000,69482.97000000,68540.83000000,68954.69000000,1775.68698000
2026-02-13 18:00:00,68954.69000000,69250.25000000,68636.36000000,69047.99000000,921.29676000
2026-02-13 19:00:00,69048.00000000,69411.44000000,68903.27000000,69129.99000000,1063.59333000
2026-02-13 20:00:00,69129.99000000,69236.33000000,68918.79000000,68938.91000000,560.04540000
2026-02-13 21:00:00,68938.91000000,68973.35000000,68683.32000000,68777.12000000,555.32850000
2026-02-13 22:00:00,68777.13000000,69079.40000000,68731.75000000,68902.48000000,463.41950000
2026-02-13 23:00:00,68902.48000000,69000.00000000,68726.40000000,68995.28000000,544.04056000
2026-02-14 00:00:00,68995.29000000,69000.00000000,68829.20000000,68853.96000000,261.19072000
2026-02-14 01:00:00,68853.97000000,69137.50000000,68768.56000000,69090.24000000,447.10398000
2026-02-14 02:00:00,69090.25000000,69108.80000000,68921.54000000,68964.51000000,344.69001000
2026-02-14 03:00:00,68964.51000000,69006.34000000,68845.60000000,68884.21000000,261.74234000
2026-02-14 04:00:00,68884.21000000,69027.14000000,68852.00000000,68981.99000000,238.39370000
2026-02-14 05:00:00,68982.00000000,68995.11000000,68789.59000000,68790.00000000,489.78591000
2026-02-14 06:00:00,68790.01000000,68910.00000000,68760.00000000,68773.42000000,308.26030000
2026-02-14 07:00:00,68773.41000000,68936.98000000,68730.13000000,68936.98000000,470.43757000
2026-02-14 08:00:00,68936.98000000,69343.00000000,68884.56000000,69219.26000000,919.89001000
2026-02-14 09:00:00,69219.27000000,69870.99000000,69218.71000000,69746.20000000,1347.80343000
2026-02-14 10:00:00,69746.20000000,69900.00000000,69566.78000000,69714.93000000,555.36385000
2026-02-14 11:00:00,69714.94000000,69714.94000000,69585.15000000,69671.86000000,257.25533000
2026-02-14 12:00:00,69671.86000000,70560.01000000,69671.86000000,70505.74000000,1370.55448000
2026-02-14 13:00:00,70505.74000000,70533.67000000,69600.00000000,69640.20000000,1278.19574000
2026-02-14 14:00:00,69640.20000000,69771.91000000,69064.60000000,69460.00000000,3393.75970000
2026-02-14 15:00:00,69460.00000000,69856.70000000,69208.09000000,69701.66000000,1680.01260000
2026-02-14 16:00:00,69701.66000000,70048.39000000,69560.00000000,69778.28000000,751.65320000
2026-02-14 17:00:00,69778.28000000,69815.00000000,69283.02000000,69755.10000000,1006.67903000
2026-02-14 18:00:00,69755.10000000,69930.90000000,69609.00000000,69739.38000000,685.87401000
2026-02-14 19:00:00,69739.38000000,69856.70000000,69672.55000000,69772.31000000,270.42048000
2026-02-14 20:00:00,69772.30000000,69920.60000000,69619.52000000,69873.99000000,332.30706000
2026-02-14 21:00:00,69873.99000000,70028.59000000,69732.75000000,70023.09000000,434.13483000
2026-02-14 22:00:00,70023.10000000,70250.46000000,69668.05000000,69935.86000000,640.89584000
2026-02-14 23:00:00,69935.86000000,70100.00000000,69781.00000000,69959.75000000,292.90739000
2026-02-15 00:00:00,69959.74000000,70020.00000000,69723.18000000,69822.95000000,336.66314000
2026-02-15 01:00:00,69822.94000000,69864.74000000,69600.00000000,69777.07000000,292.27775000
2026-02-15 02:00:00,69777.06000000,69902.70000000,69350.00000000,69717.65000000,400.20039000
2026-02-15 03:00:00,69717.65000000,69753.90000000,69341.27000000,69480.01000000,375.21945000
2026-02-15 04:00:00,69480.00000000,69990.02000000,69251.50000000,69954.50000000,697.24370000
2026-02-15 05:00:00,69954.50000000,70518.57000000,69459.35000000,70183.99000000,2275.16813000
2026-02-15 06:00:00,70184.00000000,70472.43000000,70132.54000000,70267.61000000,540.45783000
2026-02-15 07:00:00,70267.60000000,70540.99000000,70184.09000000,70405.12000000,505.71551000
2026-02-15 08:00:00,70405.12000000,70926.42000000,70307.11000000,70828.42000000,1425.80275000
2026-02-15 09:00:00,70828.43000000,70983.00000000,70182.31000000,70446.52000000,898.37828000
2026-02-15 10:00:00,70446.52000000,70668.00000000,70370.30000000,70419.11000000,334.99126000
2026-02-15 11:00:00,70419.12000000,70523.94000000,70208.16000000,70427.02000000,382.24903000
2026-02-15 12:00:00,70427.02000000,70543.14000000,70267.60000000,70295.22000000,457.63561000
2026-02-15 13:00:00,70295.22000000,70418.48000000,69309.87000000,69314.21000000,1027.34588000
2026-02-15 14:00:00,69314.22000000,69620.06000000,68772.20000000,68930.00000000,1749.29694000
2026-02-15 15:00:00,68930.00000000,69219.71000000,68845.72000000,69170.51000000,629.32577000
2026-02-15 16:00:00,69170.51000000,69255.60000000,68888.00000000,69099.99000000,446.59665000
2026-02-15 17:00:00,69100.00000000,69100.00000000,68658.00000000,69017.75000000,1442.09011000
2026-02-15 18:00:00,69017.76000000,69085.22000000,68203.60000000,68641.21000000,1194.71218000
2026-02-15 19:00:00,68641.21000000,68800.00000000,68274.31000000,68451.44000000,2695.36643000
2026-02-15 20:00:00,68451.45000000,68560.84000000,68000.00000000,68286.63000000,2807.35363000
2026-02-15 21:00:00,68286.64000000,68560.22000000,68120.00000000,68450.00000000,399.94279000
2026-02-15 22:00:00,68450.00000000,68950.16000000,68450.00000000,68852.01000000,407.55960000
2026-02-15 23:00:00,68852.01000000,69078.49000000,68801.06000000,68999.96000000,384.07496000
2026-02-16 00:00:00,68999.96000000,68999.96000000,68319.64000000,68832.58000000,521.04745000
2026-02-16 01:00:00,68832.59000000,69065.50000000,68700.00000000,68845.81000000,349.86984000
2026-02-16 02:00:00,68845.81000000,69041.97000000,68454.54000000,68630.81000000,270.08273000
2026-02-16 03:00:00,68630.81000000,68734.00000000,68243.68000000,68320.48000000,683.73400000
2026-02-16 04:00:00,68320.49000000,68463.96000000,68143.22000000,68424.82000000,453.41167000
2026-02-16 05:00:00,68424.82000000,68894.52000000,68417.17000000,68870.07000000,465.20741000
2026-02-16 06:00:00,68870.07000000,68900.00000000,68293.28000000,68385.29000000,353.88428000
2026-02-16 07:00:00,68385.29000000,68527.80000000,68228.76000000,68450.80000000,240.56615000
2026-02-16 08:00:00,68450.80000000,68672.59000000,68380.00000000,68587.90000000,362.20306000
2026-02-16 09:00:00,68587.89000000,68798.70000000,68542.63000000,68762.85000000,301.81895000
2026-02-16 10:00:00,68762.86000000,69060.77000000,68748.02000000,68992.71000000,453.08481000
2026-02-16 11:00:00,68992.70000000,68992.71000000,68690.85000000,68798.22000000,358.68374000
2026-02-16 12:00:00,68798.21000000,68918.22000000,68338.90000000,68812.83000000,495.50759000
2026-02-16 13:00:00,68812.84000000,69848.48000000,68807.54000000,69763.24000000,1602.28029000
2026-02-16 14:00:00,69763.24000000,70126.67000000,68225.00000000,68395.10000000,1720.62066000
2026-02-16 15:00:00,68395.11000000,68718.30000000,68260.39000000,68427.64000000,1092.60040000
2026-02-16 16:00:00,68427.64000000,68607.22000000,67294.11000000,67539.52000000,2148.07022000
2026-02-16 17:00:00,67539.53000000,67974.86000000,67513.94000000,67888.70000000,895.58119000
2026-02-16 18:00:00,67888.70000000,68074.12000000,67600.93000000,67951.86000000,501.76328000
2026-02-16 19:00:00,67951.85000000,68245.34000000,67830.82000000,67860.13000000,606.24788000
2026-02-16 20:00:00,67860.13000000,68130.00000000,67824.91000000,67913.43000000,262.97624000
2026-02-16 21:00:00,67913.44000000,68549.14000000,67827.11000000,68530.00000000,457.58536000
2026-02-16 22:00:00,68530.00000000,68933.85000000,68427.18000000,68862.88000000,534.27425000
2026-02-16 23:00:00,68862.89000000,68890.00000000,68509.07000000,68591.02000000,556.75779000
2026-02-17 00:00:00,68591.01000000,68978.88000000,68538.57000000,68892.43000000,348.95355000
2026-02-17 01:00:00,68892.43000000,69042.74000000,68704.36000000,68878.27000000,476.69143000
2026-02-17 02:00:00,68878.27000000,68996.67000000,68563.16000000,68618.11000000,499.89142000
2026-02-17 03:00:00,68618.12000000,69241.50000000,68387.20000000,68838.48000000,625.65656000
2026-02-17 04:00:00,68838.48000000,68860.68000000,68470.00000000,68474.90000000,367.85689000
2026-02-17 05:00:00,68474.90000000,68707.49000000,68288.00000000,68481.67000000,329.69022000
2026-02-17 06:00:00,68481.68000000,68510.76000000,67892.00000000,68245.71000000,633.07748000
2026-02-17 07:00:00,68245.71000000,68519.99000000,68242.49000000,68400.00000000,230.38739000
2026-02-17 08:00:00,68400.01000000,68480.00000000,68165.02000000,68388.12000000,314.74756000
2026-02-17 09:00:00,68388.12000000,68479.17000000,68130.78000000,68177.53000000,285.96667000
2026-02-17 10:00:00,68177.53000000,68308.37000000,67992.03000000,68126.28000000,404.18575000
2026-02-17 11:00:00,68126.29000000,68194.46000000,67704.96000000,67845.30000000,504.39951000
2026-02-17 12:00:00,67845.30000000,67935.73000000,67690.00000000,67854.60000000,507.67784000
2026-02-17 13:00:00,67854.60000000,68299.40000000,67827.52000000,67919.49000000,607.94036000
2026-02-17 14:00:00,67919.49000000,68360.50000000,67734.36000000,68136.34000000,716.87733000
2026-02-17 15:00:00,68136.35000000,68337.60000000,66734.30000000,66875.06000000,2328.63639000
2026-02-17 16:00:00,66875.06000000,67409.99000000,66621.06000000,67392.05000000,2309.04130000
2026-02-17 17:00:00,67392.06000000,68158.10000000,67317.60000000,67517.36000000,1448.76651000
2026-02-17 18:00:00,67517.36000000,67714.28000000,66881.08000000,67244.22000000,1144.38591000
2026-02-17 19:00:00,67244.22000000,68227.41000000,67127.86000000,68098.62000000,824.93415000
2026-02-17 20:00:00,68098.63000000,68235.39000000,67695.45000000,67793.32000000,785.88027000
2026-02-17 21:00:00,67793.32000000,67928.08000000,67484.16000000,67753.30000000,471.88623000
2026-02-17 22:00:00,67753.30000000,67926.29000000,67538.00000000,67680.54000000,253.25027000
2026-02-17 23:00:00,67680.55000000,67788.42000000,67513.42000000,67527.72000000,176.97341000
2026-02-18 00:00:00,67527.72000000,67617.46000000,67394.00000000,67503.52000000,240.26836000
2026-02-18 01:00:00,67503.52000000,67627.97000000,67290.30000000,67302.65000000,186.99827000
2026-02-18 02:00:00,67302.65000000,67378.26000000,66892.03000000,67165.20000000,545.68830000
2026-02-18 03:00:00,67165.21000000,67421.99000000,67153.36000000,67335.04000000,250.64041000
2026-02-18 04:00:00,67335.04000000,67705.65000000,67326.98000000,67629.11000000,243.56061000
2026-02-18 05:00:00,67629.10000000,67900.00000000,67500.10000000,67823.54000000,328.68469000
2026-02-18 06:00:00,67823.55000000,67938.00000000,67606.45000000,67654.80000000,311.88419000
2026-02-18 07:00:00,67654.81000000,67976.51000000,67614.91000000,67850.52000000,264.75627000
2026-02-18 08:00:00,67850.53000000,68219.81000000,67702.70000000,68106.44000000,528.49446000
2026-02-18 09:00:00,68106.44000000,68476.22000000,68071.58000000,68132.82000000,532.69792000
2026-02-18 10:00:00,68132.83000000,68276.00000000,68010.11000000,68157.79000000,339.37122000
2026-02-18 11:00:00,68157.80000000,68184.41000000,67731.95000000,67801.26000000,395.11187000
2026-02-18 12:00:00,67801.26000000,67805.08000000,67076.90000000,67369.75000000,654.97357000
2026-02-18 13:00:00,67369.75000000,67689.76000000,67345.00000000,67458.06000000,459.50762000
2026-02-18 14:00:00,67458.06000000,67599.70000000,67051.81000000,67236.88000000,549.44565000
2026-02-18 15:00:00,67236.89000000,67362.26000000,66717.30000000,67223.76000000,1553.71672000
2026-02-18 16:00:00,67223.77000000,68347.72000000,67192.25000000,67694.01000000,1767.46696000
2026-02-18 17:00:00,67694.01000000,67706.94000000,66994.23000000,67145.34000000,1029.31402000
2026-02-18 18:00:00,67145.35000000,67486.97000000,67057.13000000,67187.39000000,676.97648000
2026-02-18 19:00:00,67187.40000000,67229.76000000,66200.00000000,66359.99000000,1304.49131000
2026-02-18 20:00:00,66360.00000000,66619.00000000,65870.00000000,66177.14000000,1301.14212000
2026-02-18 21:00:00,66177.15000000,66550.00000000,66141.90000000,66268.39000000,682.91387000
2026-02-18 22:00:00,66268.40000000,66504.20000000,66053.60000000,66342.76000000,909.37392000
2026-02-18 23:00:00,66342.76000000,66477.70000000,66232.02000000,66408.82000000,352.09134000
2026-02-19 00:00:00,66408.83000000,66502.49000000,66275.71000000,66461.00000000,323.13660000
2026-02-19 01:00:00,66461.00000000,66597.03000000,66345.00000000,66446.49000000,297.42224000
2026-02-19 02:00:00,66446.49000000,66884.16000000,66446.48000000,66866.62000000,415.14671000
2026-02-19 03:00:00,66866.63000000,66958.90000000,66639.99000000,66835.20000000,362.58869000
2026-02-19 04:00:00,66835.20000000,66997.07000000,66727.27000000,66980.91000000,262.07528000
2026-02-19 05:00:00,66980.91000000,67070.56000000,66759.00000000,66802.75000000,389.01702000
2026-02-19 06:00:00,66802.74000000,66893.06000000,66679.76000000,66871.35000000,253.79395000
2026-02-19 07:00:00,66871.34000000,67290.40000000,66865.43000000,67150.12000000,468.59633000
2026-02-19 08:00:00,67150.12000000,67320.00000000,67028.70000000,67206.45000000,481.75258000
2026-02-19 09:00:00,67206.45000000,67206.45000000,66785.56000000,66966.12000000,559.76369000
2026-02-19 10:00:00,66966.12000000,67191.83000000,66754.23000000,66836.00000000,463.29328000
2026-02-19 11:00:00,66836.01000000,66958.40000000,66741.77000000,66843.08000000,368.25421000
2026-02-19 12:00:00,66843.08000000,66936.42000000,66478.02000000,66496.02000000,488.02461000
2026-02-19 13:00:00,66496.03000000,66680.70000000,66325.34000000,66516.67000000,484.41025000
2026-02-19 14:00:00,66516.67000000,66556.59000000,65763.00000000,65913.37000000,1377.50527000
2026-02-19 15:00:00,65913.38000000,66662.30000000,65631.83000000,66421.20000000,1506.37269000
2026-02-19 16:00:00,66421.20000000,66755.39000000,65966.00000000,66398.00000000,1083.30553000
2026-02-19 17:00:00,66398.01000000,66514.95000000,65899.25000000,66293.53000000,940.96239000
2026-02-19 18:00:00,66293.53000000,67049.99000000,66173.15000000,66369.42000000,899.04062000
2026-02-19 19:00:00,66369.42000000,67073.13000000,66228.49000000,67030.49000000,865.51701000
2026-02-19 20:00:00,67030.50000000,67198.10000000,66700.00000000,67050.00000000,706.47789000
2026-02-19 21:00:00,67050.00000000,67166.98000000,66823.03000000,67149.11000000,444.88336000
2026-02-19 22:00:00,67149.11000000,67168.86000000,66900.92000000,66916.51000000,265.40447000
2026-02-19 23:00:00,66916.51000000,67000.00000000,66652.34000000,66915.14000000,854.02212000
2026-02-20 00:00:00,66915.15000000,67023.61000000,66814.76000000,67003.73000000,304.63969000
2026-02-20 01:00:00,67003.73000000,67486.62000000,66949.41000000,67228.91000000,595.00262000
2026-02-20 02:00:00,67228.91000000,67355.79000000,67150.00000000,67279.90000000,313.31598000
2026-02-20 03:00:00,67279.91000000,67347.76000000,67181.28000000,67242.03000000,232.09759000
2026-02-20 04:00:00,67242.03000000,67488.67000000,67241.24000000,67366.25000000,332.50492000
2026-02-20 05:00:00,67366.25000000,67402.23000000,67115.38000000,67264.83000000,362.39174000
2026-02-20 06:00:00,67264.83000000,68006.00000000,67203.19000000,67790.10000000,1107.38598000
2026-02-20 07:00:00,67790.11000000,67894.20000000,67660.12000000,67847.47000000,482.66553000
2026-02-20 08:00:00,67847.47000000,67990.00000000,67767.40000000,67825.91000000,459.03505000
2026-02-20 09:00:00,67825.91000000,67950.85000000,67747.33000000,67879.99000000,290.00035000
2026-02-20 10:00:00,67879.99000000,68230.01000000,67879.99000000,68218.85000000,996.78790000
2026-02-20 11:00:00,68218.85000000,68318.39000000,67843.42000000,67948.99000000,638.74258000
2026-02-20 12:00:00,67948.99000000,67983.91000000,67280.60000000,67318.41000000,1489.10389000
2026-02-20 13:00:00,67318.41000000,67594.00000000,67276.41000000,67541.77000000,603.15784000
2026-02-20 14:00:00,67541.78000000,67541.78000000,66280.20000000,66801.62000000,7078.59491000
2026-02-20 15:00:00,66801.62000000,67317.50000000,66532.87000000,67069.65000000,5263.48808000
2026-02-20 16:00:00,67069.65000000,68083.98000000,66536.64000000,67582.95000000,3143.21056000
2026-02-20 17:00:00,67582.95000000,67921.70000000,67283.24000000,67795.47000000,1312.90303000
2026-02-20 18:00:00,67795.48000000,67795.48000000,66952.11000000,67613.37000000,6085.15550000
2026-02-20 19:00:00,67613.38000000,68000.00000000,67466.11000000,67924.21000000,1321.63260000
2026-02-20 20:00:00,67924.22000000,68000.00000000,67548.85000000,67646.03000000,854.45567000
2026-02-20 21:00:00,67646.03000000,67885.55000000,67520.30000000,67750.40000000,685.93834000
2026-02-20 22:00:00,67750.40000000,67840.00000000,67639.29000000,67825.87000000,451.92527000
2026-02-20 23:00:00,67825.87000000,68116.60000000,67639.31000000,68078.13000000,669.63597000
2026-02-21 00:00:00,68078.13000000,68233.99000000,67914.00000000,68020.01000000,582.73901000
2026-02-21 01:00:00,68020.00000000,68051.16000000,67787.19000000,67841.00000000,537.54494000
2026-02-21 02:00:00,67841.00000000,68005.99000000,67841.00000000,67951.24000000,250.62697000
2026-02-21 03:00:00,67951.25000000,68099.54000000,67913.30000000,68001.05000000,224.56497000
2026-02-21 04:00:00,68001.04000000,68001.04000000,67534.69000000,67667.77000000,569.35853000
2026-02-21 05:00:00,67667.77000000,67846.88000000,67593.99000000,67816.97000000,228.62441000
2026-02-21 06:00:00,67816.98000000,67888.40000000,67799.70000000,67851.93000000,141.24714000
2026-02-21 07:00:00,67851.93000000,67924.39000000,67750.96000000,67793.38000000,228.15051000
2026-02-21 08:00:00,67793.39000000,67884.74000000,67749.59000000,67856.01000000,118.21011000
2026-02-21 09:00:00,67856.01000000,68079.41000000,67807.30000000,68055.03000000,293.16321000
2026-02-21 10:00:00,68055.04000000,68314.54000000,67978.90000000,68147.53000000,599.79254000
2026-02-21 11:00:00,68147.54000000,68250.00000000,68139.65000000,68215.54000000,212.21766000
2026-02-21 12:00:00,68215.55000000,68283.34000000,68084.00000000,68092.45000000,279.32431000
2026-02-21 13:00:00,68092.45000000,68218.20000000,67915.00000000,68203.42000000,307.88407000
2026-02-21 14:00:00,68203.42000000,68260.00000000,68106.89000000,68259.99000000,202.25945000
2026-02-21 15:00:00,68259.99000000,68644.00000000,68180.53000000,68450.01000000,880.51744000
2026-02-21 16:00:00,68450.01000000,68698.70000000,68417.00000000,68615.00000000,427.64440000
2026-02-21 17:00:00,68615.01000000,68630.76000000,68101.78000000,68322.60000000,658.49920000
2026-02-21 18:00:00,68322.61000000,68474.01000000,68200.00000000,68437.45000000,212.23015000
2026-02-21 19:00:00,68437.45000000,68644.00000000,68383.08000000,68574.00000000,320.28262000
2026-02-21 20:00:00,68573.99000000,68658.50000000,68526.81000000,68543.51000000,219.15242000
2026-02-21 21:00:00,68543.51000000,68605.63000000,68190.00000000,68211.19000000,369.37236000
2026-02-21 22:00:00,68211.19000000,68390.93000000,68183.10000000,68379.95000000,170.62817000
2026-02-21 23:00:00,68379.95000000,68437.56000000,67900.00000000,67972.00000000,378.72918000
2026-02-22 00:00:00,67972.00000000,68124.54000000,67941.02000000,67975.93000000,202.81655000
2026-02-22 01:00:00,67975.93000000,68060.40000000,67809.78000000,67946.00000000,294.60551000
2026-02-22 02:00:00,67946.00000000,68171.46000000,67945.99000000,68159.31000000,265.09117000
2026-02-22 03:00:00,68159.32000000,68222.16000000,67872.76000000,67909.68000000,289.41881000
2026-02-22 04:00:00,67909.67000000,68062.03000000,67824.90000000,68041.43000000,265.36653000
2026-02-22 05:00:00,68041.42000000,68086.00000000,67966.52000000,67983.50000000,199.56269000
2026-02-22 06:00:00,67983.50000000,68011.75000000,67881.81000000,67977.52000000,154.76424000
2026-02-22 07:00:00,67977.52000000,68178.79000000,67972.89000000,68038.13000000,303.09242000
2026-02-22 08:00:00,68038.14000000,68095.57000000,67990.50000000,68005.30000000,266.37265000
2026-02-22 09:00:00,68005.30000000,68019.46000000,67912.02000000,67950.10000000,183.66090000
2026-02-22 10:00:00,67950.11000000,68101.46000000,67948.74000000,68053.32000000,173.06503000
2026-02-22 11:00:00,68053.33000000,68153.20000000,68012.78000000,68129.56000000,204.92643000
2026-02-22 12:00:00,68129.57000000,68245.00000000,68129.56000000,68219.97000000,171.48901000
2026-02-22 13:00:00,68219.97000000,68232.40000000,67871.59000000,67928.22000000,372.42816000
2026-02-22 14:00:00,67928.23000000,68040.80000000,67571.08000000,67652.38000000,679.59468000
2026-02-22 15:00:00,67652.38000000,67682.47000000,67353.75000000,67443.89000000,825.57077000
2026-02-22 16:00:00,67443.89000000,67813.20000000,67303.50000000,67684.14000000,653.63970000
2026-02-22 17:00:00,67684.15000000,67718.13000000,67513.83000000,67632.76000000,299.27720000
2026-02-22 18:00:00,67632.76000000,67635.22000000,67190.00000000,67384.49000000,691.10182000
2026-02-22 19:00:00,67384.48000000,67461.41000000,67313.54000000,67422.62000000,362.52705000
2026-02-22 20:00:00,67422.63000000,67488.70000000,67403.37000000,67428.32000000,222.75597000
2026-02-22 21:00:00,67428.32000000,67491.96000000,67350.00000000,67401.74000000,272.50364000
2026-02-22 22:00:00,67401.74000000,67643.94000000,67401.74000000,67612.66000000,235.86316000
2026-02-22 23:00:00,67612.66000000,67751.44000000,67485.34000000,67666.16000000,369.66378000
2026-02-23 00:00:00,67666.16000000,67730.98000000,67469.58000000,67643.40000000,418.79352000
2026-02-23 01:00:00,67643.39000000,67684.86000000,66715.01000000,66740.47000000,765.22691000
2026-02-23 02:00:00,66740.47000000,66740.47000000,64290.71000000,64427.65000000,7324.06208000
2026-02-23 03:00:00,64427.64000000,64916.85000000,64325.98000000,64783.56000000,1843.25690000
2026-02-23 04:00:00,64783.56000000,65079.79000000,64700.00000000,64934.17000000,1090.11911000
2026-02-23 05:00:00,64934.18000000,65040.29000000,64685.64000000,64808.31000000,792.86138000
2026-02-23 06:00:00,64808.31000000,65294.80000000,64796.85000000,65070.90000000,1215.18940000
2026-02-23 07:00:00,65070.90000000,65802.09000000,65033.90000000,65757.32000000,1085.08146000
2026-02-23 08:00:00,65757.33000000,66015.22000000,65641.55000000,65958.94000000,1026.69503000
2026-02-23 09:00:00,65958.94000000,65958.94000000,65565.78000000,65676.44000000,895.54696000
2026-02-23 10:00:00,65676.44000000,66456.50000000,65672.76000000,66404.91000000,974.96031000
2026-02-23 11:00:00,66404.92000000,66600.00000000,66220.00000000,66319.69000000,789.04200000
2026-02-23 12:00:00,66319.69000000,66487.37000000,66114.22000000,66207.23000000,534.45165000
2026-02-23 13:00:00,66207.23000000,66511.51000000,65886.51000000,66280.40000000,754.07687000
2026-02-23 14:00:00,66280.40000000,66430.52000000,66103.35000000,66132.66000000,807.41354000
2026-02-23 15:00:00,66132.65000000,66264.95000000,65529.73000000,65923.53000000,971.74614000
2026-02-23 16:00:00,65923.52000000,66250.00000000,65579.53000000,65660.10000000,1263.10354000
2026-02-23 17:00:00,65660.10000000,65724.28000000,65178.83000000,65364.65000000,1502.46383000
2026-02-23 18:00:00,65364.66000000,65451.01000000,64152.04000000,64813.26000000,2524.78940000
2026-02-23 19:00:00,64813.27000000,65194.51000000,64586.00000000,64635.49000000,994.68933000
2026-02-23 20:00:00,64635.49000000,64855.18000000,64048.71000000,64295.10000000,2158.00321000
2026-02-23 21:00:00,64295.11000000,64487.94000000,63888.79000000,64473.14000000,1313.21455000
2026-02-23 22:00:00,64473.14000000,64783.54000000,64459.44000000,64580.66000000,593.24685000
2026-02-23 23:00:00,64580.66000000,65035.98000000,64555.59000000,64725.56000000,1451.85665000
2026-02-24 00:00:00,64725.56000000,64900.63000000,64538.90000000,64656.02000000,404.81213000
2026-02-24 01:00:00,64656.01000000,65026.75000000,64656.01000000,64941.43000000,437.59997000
2026-02-24 02:00:00,64941.42000000,64941.42000000,63433.84000000,64160.27000000,2402.75927000
2026-02-24 03:00:00,64160.26000000,64500.00000000,64000.00000000,64109.81000000,599.63527000
2026-02-24 04:00:00,64109.80000000,64109.80000000,63342.90000000,63595.51000000,1312.76931000
2026-02-24 05:00:00,63595.51000000,63628.52000000,62868.69000000,63378.84000000,2096.91050000
2026-02-24 06:00:00,63378.84000000,63551.58000000,62700.80000000,63104.79000000,1274.07037000
2026-02-24 07:00:00,63104.79000000,63322.28000000,62900.00000000,63082.79000000,677.94768000
2026-02-24 08:00:00,63082.79000000,63367.20000000,62866.42000000,63192.96000000,890.96125000
2026-02-24 09:00:00,63192.79000000,63444.66000000,63009.92000000,63392.15000000,669.14656000
2026-02-24 10:00:00,63392.15000000,63411.80000000,62908.92000000,63249.99000000,657.17066000
2026-02-24 11:00:00,63250.00000000,63369.71000000,63112.70000000,63284.50000000,447.19211000
2026-02-24 12:00:00,63284.51000000,63317.95000000,63063.63000000,63227.10000000,461.08382000
2026-02-24 13:00:00,63227.11000000,63343.59000000,62965.21000000,62969.05000000,642.15852000
2026-02-24 14:00:00,62969.04000000,63100.00000000,62510.28000000,62900.00000000,2362.19948000
2026-02-24 15:00:00,62900.01000000,63834.21000000,62762.03000000,63453.99000000,1408.18955000
2026-02-24 16:00:00,63454.00000000,64031.76000000,63300.00000000,63973.97000000,1127.10688000
2026-02-24 17:00:00,63973.98000000,64428.90000000,63689.54000000,64265.52000000,1423.20973000
2026-02-24 18:00:00,64265.53000000,64520.00000000,64042.80000000,64219.71000000,1017.32505000
2026-02-24 19:00:00,64219.70000000,64500.00000000,63872.72000000,64435.06000000,809.89318000
2026-02-24 20:00:00,64435.05000000,64743.11000000,64250.52000000,64435.03000000,722.29463000
2026-02-24 21:00:00,64435.03000000,64591.99000000,64318.03000000,64472.90000000,409.22444000
2026-02-24 22:00:00,64472.90000000,64472.90000000,63820.50000000,64042.66000000,576.40912000
2026-02-24 23:00:00,64042.66000000,64227.81000000,63973.79000000,64120.95000000,288.16182000
2026-02-25 00:00:00,64120.96000000,64248.65000000,63853.99000000,64058.15000000,389.41705000
2026-02-25 01:00:00,64058.15000000,64319.29000000,63913.27000000,64224.30000000,292.38037000
2026-02-25 02:00:00,64224.29000000,66300.00000000,64145.20000000,65896.75000000,2840.08056000
2026-02-25 03:00:00,65896.74000000,66310.00000000,65866.66000000,65884.83000000,1252.91602000
2026-02-25 04:00:00,65884.84000000,65955.87000000,65350.28000000,65391.73000000,801.79518000
2026-02-25 05:00:00,65391.74000000,65650.00000000,65116.65000000,65457.99000000,723.49717000
2026-02-25 06:00:00,65458.00000000,65511.21000000,64755.26000000,64882.76000000,831.61343000
2026-02-25 07:00:00,64882.77000000,65124.04000000,64865.78000000,64898.22000000,394.76962000
2026-02-25 08:00:00,64898.22000000,65193.25000000,64781.18000000,65028.30000000,682.59011000
2026-02-25 09:00:00,65028.30000000,65586.87000000,64955.79000000,65530.49000000,694.36389000
2026-02-25 10:00:00,65530.48000000,65692.62000000,65396.47000000,65558.71000000,545.80832000
2026-02-25 11:00:00,65558.71000000,65648.74000000,65345.00000000,65400.87000000,315.12553000
2026-02-25 12:00:00,65400.87000000,65485.91000000,65200.80000000,65430.04000000,442.60010000
2026-02-25 13:00:00,65430.04000000,66240.00000000,65324.62000000,66068.94000000,1316.71816000
2026-02-25 14:00:00,66068.94000000,66684.10000000,66025.39000000,66248.62000000,1860.04287000
2026-02-25 15:00:00,66248.63000000,67009.78000000,66202.66000000,66973.20000000,2180.16784000
2026-02-25 16:00:00,66973.19000000,67578.00000000,66715.13000000,67412.33000000,2522.90832000
2026-02-25 17:00:00,67412.32000000,68332.00000000,67404.00000000,68297.35000000,2059.42933000
2026-02-25 18:00:00,68297.35000000,68879.96000000,68016.53000000,68674.20000000,2463.18666000
2026-02-25 19:00:00,68674.20000000,69550.00000000,68373.33000000,69328.07000000,2105.00773000
2026-02-25 20:00:00,69328.06000000,69406.93000000,68764.94000000,69038.26000000,1672.83962000
2026-02-25 21:00:00,69038.26000000,69374.95000000,68619.22000000,69148.69000000,1076.93003000
2026-02-25 22:00:00,69148.69000000,69988.83000000,68773.83000000,68919.72000000,1562.11950000
2026-02-25 23:00:00,68919.72000000,69176.00000000,68055.91000000,68432.13000000,1092.88431000
2026-02-26 00:00:00,68432.13000000,68696.97000000,67600.00000000,67988.04000000,1020.21792000
2026-02-26 01:00:00,67988.04000000,68539.17000000,67727.52000000,68335.99000000,1134.56842000
2026-02-26 02:00:00,68335.99000000,68700.00000000,68210.35000000,68248.30000000,619.19035000
2026-02-26 03:00:00,68248.30000000,68351.00000000,67779.93000000,68257.45000000,833.19410000
2026-02-26 04:00:00,68257.46000000,68379.59000000,68044.18000000,68216.86000000,408.51743000
2026-02-26 05:00:00,68216.87000000,68860.00000000,68179.62000000,68571.36000000,587.55874000
2026-02-26 06:00:00,68571.36000000,68571.37000000,68127.58000000,68443.81000000,486.81983000
2026-02-26 07:00:00,68443.82000000,68522.00000000,68042.90000000,68176.75000000,618.63359000
2026-02-26 08:00:00,68176.75000000,68290.18000000,67817.87000000,67825.04000000,840.14406000
2026-02-26 09:00:00,67825.05000000,68236.00000000,67792.00000000,67954.01000000,761.69108000
2026-02-26 10:00:00,67954.00000000,68644.59000000,67933.25000000,68589.41000000,1095.31619000
2026-02-26 11:00:00,68589.41000000,68722.64000000,68257.64000000,68301.62000000,688.66072000
2026-02-26 12:00:00,68301.61000000,68404.25000000,67965.46000000,68051.31000000,722.94931000
2026-02-26 13:00:00,68051.30000000,68303.83000000,68009.88000000,68171.56000000,642.07881000
2026-02-26 14:00:00,68171.55000000,68213.98000000,67848.69000000,67905.35000000,698.96783000
2026-02-26 15:00:00,67905.34000000,68272.21000000,67264.22000000,67697.74000000,1769.26733000
2026-02-26 16:00:00,67696.89000000,67743.36000000,66761.16000000,67382.00000000,2095.88140000
2026-02-26 17:00:00,67382.00000000,67566.85000000,66500.00000000,66643.55000000,2050.20093000
2026-02-26 18:00:00,66643.56000000,67044.10000000,66600.46000000,66826.80000000,885.82755000
2026-02-26 19:00:00,66826.80000000,67373.90000000,66575.73000000,67310.53000000,1058.47196000
2026-02-26 20:00:00,67310.53000000,67903.12000000,67285.99000000,67589.22000000,1235.95013000
2026-02-26 21:00:00,67589.21000000,67831.11000000,67269.42000000,67414.07000000,597.88987000
2026-02-26 22:00:00,67414.07000000,67575.97000000,67150.14000000,67463.65000000,299.84732000
2026-02-26 23:00:00,67463.65000000,67630.22000000,67301.75000000,67572.30000000,291.63360000
2026-02-27 00:00:00,67572.30000000,67656.11000000,67390.65000000,67485.18000000,314.51737000
2026-02-27 01:00:00,67485.19000000,67537.84000000,67000.00000000,67226.50000000,462.91030000
2026-02-27 02:00:00,67226.50000000,67398.86000000,66885.00000000,67352.26000000,818.15438000
2026-02-27 03:00:00,67352.26000000,67546.15000000,67263.56000000,67266.58000000,463.09611000
2026-02-27 04:00:00,67266.58000000,67712.16000000,67099.71000000,67600.84000000,415.67371000
2026-02-27 05:00:00,67600.84000000,68216.80000000,67578.67000000,67747.49000000,1318.53811000
2026-02-27 06:00:00,67747.49000000,67924.00000000,67683.30000000,67724.99000000,411.56603000
2026-02-27 07:00:00,67725.00000000,67823.90000000,67525.46000000,67658.14000000,398.60368000
2026-02-27 08:00:00,67658.14000000,67774.48000000,67459.30000000,67690.60000000,896.56486000
2026-02-27 09:00:00,67690.60000000,68079.83000000,67655.86000000,67926.24000000,712.98047000
2026-02-27 10:00:00,67926.25000000,68149.93000000,67284.22000000,67355.73000000,1377.29020000
2026-02-27 11:00:00,67355.72000000,67416.78000000,66574.00000000,66604.91000000,1414.83211000
2026-02-27 12:00:00,66604.90000000,66778.68000000,65960.01000000,66126.99000000,1399.59256000
2026-02-27 13:00:00,66126.99000000,66217.42000000,65734.71000000,65928.01000000,1855.03329000
2026-02-27 14:00:00,65928.01000000,66344.90000000,65649.34000000,66270.55000000,1278.55317000
2026-02-27 15:00:00,66270.55000000,66334.87000000,65686.64000000,65887.59000000,1404.23206000
2026-02-27 16:00:00,65887.59000000,66311.11000000,65845.18000000,66095.40000000,957.11978000
2026-02-27 17:00:00,66095.40000000,66121.03000000,65462.93000000,65475.21000000,1135.56487000
2026-02-27 18:00:00,65475.21000000,65765.06000000,65113.72000000,65703.19000000,1265.39709000
2026-02-27 19:00:00,65703.18000000,65788.07000000,65228.33000000,65314.76000000,623.00837000
2026-02-27 20:00:00,65314.76000000,65457.35000000,65172.60000000,65392.18000000,851.95591000
2026-02-27 21:00:00,65392.18000000,65666.66000000,65392.18000000,65594.67000000,444.86468000
2026-02-27 22:00:00,65594.67000000,65749.94000000,65400.00000000,65527.59000000,282.65640000
2026-02-27 23:00:00,65527.59000000,65673.33000000,64914.46000000,65637.99000000,713.53490000
2026-02-28 00:00:00,65638.00000000,65953.20000000,65551.67000000,65872.10000000,326.86120000
2026-02-28 01:00:00,65872.09000000,66025.52000000,65721.13000000,65942.00000000,334.42449000
2026-02-28 02:00:00,65942.01000000,65971.93000000,65743.71000000,65770.36000000,267.81274000
2026-02-28 03:00:00,65770.36000000,66018.85000000,65761.94000000,65961.13000000,204.09288000
2026-02-28 04:00:00,65961.13000000,65982.34000000,65745.39000000,65797.42000000,239.41397000
2026-02-28 05:00:00,65797.42000000,65818.44000000,65488.00000000,65663.20000000,311.53682000
2026-02-28 06:00:00,65663.21000000,65729.65000000,65500.00000000,65591.03000000,300.20395000
2026-02-28 07:00:00,65591.03000000,65591.04000000,63030.00000000,63216.01000000,3175.19445000
2026-02-28 08:00:00,63216.01000000,64327.22000000,63038.00000000,63826.00000000,2127.97927000
2026-02-28 09:00:00,63825.99000000,63877.09000000,63411.39000000,63473.28000000,1118.13838000
2026-02-28 10:00:00,63473.27000000,64005.35000000,63372.10000000,63658.54000000,737.11739000
2026-02-28 11:00:00,63658.55000000,64053.93000000,63452.64000000,64010.39000000,1633.42712000
2026-02-28 12:00:00,64010.38000000,64307.44000000,63791.25000000,63844.20000000,1245.63976000
2026-02-28 13:00:00,63844.20000000,64082.66000000,63827.20000000,64017.19000000,474.84169000
2026-02-28 14:00:00,64017.18000000,65216.97000000,63888.89000000,65106.44000000,1748.13055000
2026-02-28 15:00:00,65106.45000000,65360.51000000,64278.50000000,64435.61000000,1331.97244000
2026-02-28 16:00:00,64435.62000000,65020.75000000,64200.00000000,64841.18000000,731.53889000
2026-02-28 17:00:00,64841.17000000,65206.25000000,64681.81000000,65094.30000000,500.23365000
2026-02-28 18:00:00,65094.29000000,65555.00000000,64828.03000000,65442.62000000,595.58409000
2026-02-28 19:00:00,65442.61000000,66157.61000000,65185.70000000,65911.84000000,830.58148000
2026-02-28 20:00:00,65911.83000000,66666.65000000,65602.65000000,66362.01000000,1072.73124000
2026-02-28 21:00:00,66362.01000000,67151.68000000,66190.61000000,66959.62000000,840.13263000
2026-02-28 22:00:00,66959.63000000,67055.56000000,66368.42000000,66723.22000000,934.75984000
2026-02-28 23:00:00,66723.23000000,67760.00000000,66608.82000000,67103.64000000,1310.09118000
2026-03-01 00:00:00,67103.63000000,67210.00000000,66733.73000000,66973.26000000,483.13759000
2026-03-01 01:00:00,66973.26000000,67121.80000000,66620.50000000,66791.29000000,560.35194000
2026-03-01 02:00:00,66791.29000000,67703.32000000,66042.72000000,67339.36000000,1630.19028000
2026-03-01 03:00:00,67339.36000000,68199.99000000,67339.36000000,67620.65000000,1861.82270000
2026-03-01 04:00:00,67620.65000000,67813.33000000,67400.00000000,67502.16000000,637.99716000
2026-03-01 05:00:00,67502.16000000,67612.14000000,67079.36000000,67346.50000000,631.60541000
2026-03-01 06:00:00,67346.50000000,67574.65000000,67200.00000000,67292.09000000,437.89406000
2026-03-01 07:00:00,67292.08000000,67345.80000000,66749.35000000,66926.68000000,1159.96329000
2026-03-01 08:00:00,66926.69000000,67235.72000000,66784.58000000,67141.39000000,937.93278000
2026-03-01 09:00:00,67141.40000000,67292.30000000,66389.33000000,66560.14000000,1475.81311000
2026-03-01 10:00:00,66560.14000000,66771.10000000,66246.95000000,66410.08000000,815.73368000
2026-03-01 11:00:00,66410.09000000,66731.47000000,66215.71000000,66467.06000000,621.17753000
2026-03-01 12:00:00,66467.07000000,66661.61000000,66372.27000000,66468.03000000,338.19615000
2026-03-01 13:00:00,66468.04000000,66550.00000000,66241.97000000,66296.48000000,388.82935000
2026-03-01 14:00:00,66296.48000000,67360.57000000,66132.27000000,66934.79000000,1311.02111000
2026-03-01 15:00:00,66934.80000000,67320.19000000,66752.58000000,66847.80000000,911.62631000
2026-03-01 16:00:00,66847.80000000,67243.69000000,66828.60000000,66842.42000000,1028.55576000
2026-03-01 17:00:00,66842.42000000,67112.37000000,65730.28000000,66135.45000000,1500.74296000
2026-03-01 18:00:00,66135.45000000,66219.77000000,65699.98000000,65979.61000000,952.19730000
2026-03-01 19:00:00,65979.61000000,66657.44000000,65979.61000000,66316.83000000,906.08265000
2026-03-01 20:00:00,66316.84000000,66345.95000000,65772.29000000,65962.17000000,541.15631000
2026-03-01 21:00:00,65962.16000000,65962.16000000,65084.02000000,65300.00000000,961.21349000
2026-03-01 22:00:00,65300.01000000,65756.50000000,65281.83000000,65666.20000000,996.50526000
2026-03-01 23:00:00,65666.19000000,66491.43000000,65056.00000000,65268.71000000,1763.29476000
2026-03-02 00:00:00,65268.71000000,66080.00000000,65125.67000000,65776.47000000,831.95524000
2026-03-02 01:00:00,65776.48000000,66796.44000000,65761.04000000,66501.52000000,990.08260000
2026-03-02 02:00:00,66501.52000000,67079.00000000,66358.45000000,66532.02000000,886.93071000
2026-03-02 03:00:00,66532.02000000,66609.94000000,65890.50000000,66276.77000000,554.16265000
2026-03-02 04:00:00,66276.77000000,67037.22000000,66101.07000000,66820.03000000,509.41240000
2026-03-02 05:00:00,66820.03000000,66975.74000000,66633.13000000,66862.12000000,750.65203000
2026-03-02 06:00:00,66862.11000000,66995.64000000,66547.81000000,66730.78000000,887.19458000
2026-03-02 07:00:00,66730.78000000,66739.45000000,66062.83000000,66204.90000000,677.75967000
2026-03-02 08:00:00,66204.90000000,66209.46000000,65542.60000000,66007.52000000,1294.85905000
2026-03-02 09:00:00,66007.80000000,66306.00000000,65654.54000000,66282.00000000,1104.41132000
2026-03-02 10:00:00,66281.99000000,66720.84000000,66164.96000000,66168.62000000,1786.28426000
2026-03-02 11:00:00,66168.61000000,66381.74000000,66079.24000000,66316.40000000,436.29038000
2026-03-02 12:00:00,66316.39000000,66462.40000000,66003.59000000,66359.68000000,1034.77975000
2026-03-02 13:00:00,66359.67000000,66391.38000000,65874.92000000,65963.43000000,763.09374000
2026-03-02 14:00:00,65963.43000000,66157.28000000,65350.00000000,65440.01000000,1576.81345000
2026-03-02 15:00:00,65440.01000000,67220.81000000,65259.21000000,67177.06000000,3015.13713000
2026-03-02 16:00:00,67177.05000000,69617.74000000,66975.29000000,69130.20000000,5476.56874000
2026-03-02 17:00:00,69130.20000000,70096.00000000,68933.69000000,69428.62000000,3440.03188000
2026-03-02 18:00:00,69428.62000000,69578.00000000,68793.88000000,69198.00000000,1445.44150000
2026-03-02 19:00:00,69198.00000000,69268.15000000,68727.83000000,68877.67000000,1055.74310000
2026-03-02 20:00:00,68877.67000000,69049.32000000,68576.18000000,68966.53000000,886.89114000
2026-03-02 21:00:00,68966.52000000,69505.00000000,68584.90000000,69106.58000000,1028.13825000
2026-03-02 22:00:00,69106.58000000,69539.77000000,69000.71000000,69413.82000000,441.38382000
2026-03-02 23:00:00,69413.82000000,69501.62000000,69136.36000000,69440.49000000,1330.59238000
2026-03-03 00:00:00,69440.48000000,69479.58000000,68740.00000000,68830.06000000,637.72978000
2026-03-03 01:00:00,68830.06000000,69166.61000000,68644.38000000,69092.88000000,602.91075000
2026-03-03 02:00:00,69092.89000000,69258.08000000,68755.00000000,68760.01000000,452.46998000
2026-03-03 03:00:00,68760.01000000,68774.13000000,68210.71000000,68512.17000000,848.26905000
2026-03-03 04:00:00,68512.17000000,68550.00000000,68231.47000000,68377.94000000,458.44735000
2026-03-03 05:00:00,68377.94000000,68454.63000000,68050.11000000,68123.20000000,436.46143000
2026-03-03 06:00:00,68123.19000000,68617.42000000,67845.84000000,67947.75000000,913.85345000
2026-03-03 07:00:00,67947.75000000,68250.24000000,67800.00000000,68106.73000000,821.19287000
2026-03-03 08:00:00,68106.73000000,68275.20000000,67951.24000000,68172.80000000,1165.60519000
2026-03-03 09:00:00,68172.79000000,68311.83000000,66905.00000000,67003.30000000,1883.45220000
2026-03-03 10:00:00,67003.30000000,67184.71000000,66340.14000000,66647.98000000,1767.88336000
2026-03-03 11:00:00,66647.98000000,67030.75000000,66440.46000000,66860.30000000,1159.50732000
2026-03-03 12:00:00,66860.30000000,67166.50000000,66779.37000000,67026.61000000,1271.91624000
2026-03-03 13:00:00,67026.60000000,67973.20000000,67025.93000000,67399.85000000,1323.51079000
2026-03-03 14:00:00,67399.85000000,67435.00000000,66635.30000000,66931.31000000,709.75818000
2026-03-03 15:00:00,66931.32000000,67603.94000000,66158.00000000,66568.95000000,1714.82463000
2026-03-03 16:00:00,66568.95000000,67834.93000000,66471.79000000,67725.81000000,1695.19520000
2026-03-03 17:00:00,67725.82000000,68999.00000000,67473.09000000,68175.90000000,2581.91143000
2026-03-03 18:00:00,68175.89000000,68400.00000000,67626.53000000,68318.66000000,982.14848000
2026-03-03 19:00:00,68318.66000000,68914.01000000,67976.47000000,68628.49000000,974.13002000
2026-03-03 20:00:00,68628.50000000,68888.88000000,68312.83000000,68435.00000000,946.51026000
2026-03-03 21:00:00,68435.00000000,68591.24000000,68092.10000000,68266.00000000,592.99873000
2026-03-03 22:00:00,68265.99000000,68265.99000000,67832.30000000,68024.62000000,519.92364000
2026-03-03 23:00:00,68024.63000000,68524.54000000,68024.62000000,68327.20000000,573.87256000
2026-03-04 00:00:00,68327.20000000,68860.00000000,68245.64000000,68338.00000000,575.48869000
2026-03-04 01:00:00,68338.01000000,68413.90000000,67857.61000000,68093.19000000,767.61923000
2026-03-04 02:00:00,68093.20000000,68909.34000000,67963.28000000,68405.00000000,1294.62328000
2026-03-04 03:00:00,68405.00000000,68447.72000000,67984.56000000,68323.33000000,798.11328000
2026-03-04 04:00:00,68323.33000000,68383.63000000,67400.00000000,67732.20000000,954.50771000
2026-03-04 05:00:00,67732.19000000,67954.89000000,67467.60000000,67786.00000000,1066.38980000
2026-03-04 06:00:00,67786.00000000,68397.84000000,67682.64000000,68206.59000000,666.28769000
2026-03-04 07:00:00,68206.58000000,68678.76000000,68048.63000000,68508.02000000,1288.48108000
2026-03-04 08:00:00,68508.02000000,69668.00000000,68349.49000000,69493.13000000,2067.68212000
2026-03-04 09:00:00,69493.14000000,71163.00000000,69098.91000000,71011.40000000,4675.35650000
2026-03-04 10:00:00,71011.40000000,71893.00000000,70724.26000000,71520.76000000,4196.19004000
2026-03-04 11:00:00,71520.76000000,71878.17000000,71200.00000000,71348.92000000,2079.39146000
2026-03-04 12:00:00,71348.92000000,71499.75000000,70928.25000000,71111.40000000,1195.15977000
2026-03-04 13:00:00,71111.40000000,71364.14000000,70588.00000000,71339.71000000,1486.53558000
2026-03-04 14:00:00,71339.72000000,71624.99000000,71214.40000000,71477.17000000,1568.26840000
2026-03-04 15:00:00,71477.17000000,72633.00000000,71300.10000000,71621.04000000,4139.07950000
2026-03-04 16:00:00,71621.03000000,73479.75000000,71580.62000000,73396.88000000,4184.35996000
2026-03-04 17:00:00,73396.87000000,73500.00000000,72541.69000000,73294.84000000,2627.55973000
2026-03-04 18:00:00,73294.84000000,73759.99000000,72932.80000000,73218.92000000,2258.87830000
2026-03-04 19:00:00,73218.93000000,73700.00000000,72912.11000000,73693.50000000,1121.53690000
2026-03-04 20:00:00,73693.50000000,74050.00000000,73516.00000000,73611.10000000,2657.03129000
2026-03-04 21:00:00,73611.67000000,73716.00000000,73001.05000000,73019.68000000,904.52712000
2026-03-04 22:00:00,73019.69000000,73322.93000000,72878.00000000,73309.72000000,836.52696000
2026-03-04 23:00:00,73309.73000000,73523.31000000,72638.29000000,72705.86000000,894.79856000
2026-03-05 00:00:00,72705.86000000,72880.88000000,72313.04000000,72666.77000000,1190.17184000
2026-03-05 01:00:00,72666.77000000,73000.00000000,72553.65000000,72760.00000000,1004.77646000
2026-03-05 02:00:00,72759.99000000,73306.82000000,72409.10000000,72538.72000000,821.18852000
2026-03-05 03:00:00,72538.72000000,72916.50000000,72336.76000000,72506.19000000,628.62779000
2026-03-05 04:00:00,72506.18000000,72750.00000000,72344.51000000,72497.89000000,668.37206000
2026-03-05 05:00:00,72497.89000000,73081.08000000,72447.96000000,72815.70000000,750.00710000
2026-03-05 06:00:00,72815.70000000,72912.82000000,72260.74000000,72412.15000000,1085.89796000
2026-03-05 07:00:00,72412.15000000,72655.23000000,72037.56000000,72553.62000000,1063.10490000
2026-03-05 08:00:00,72553.63000000,72675.07000000,71759.95000000,72055.50000000,1447.01462000
2026-03-05 09:00:00,72055.50000000,72370.21000000,71757.17000000,72333.70000000,1421.17898000
2026-03-05 10:00:00,72333.70000000,72875.85000000,72298.83000000,72591.59000000,1160.78148000
2026-03-05 11:00:00,72591.59000000,73558.15000000,72517.06000000,73388.92000000,1589.26780000
2026-03-05 12:00:00,73388.91000000,73449.96000000,72766.75000000,72915.79000000,2091.15218000
2026-03-05 13:00:00,72915.80000000,73063.38000000,72666.93000000,72890.73000000,729.99152000
2026-03-05 14:00:00,72890.73000000,72935.30000000,72189.70000000,72467.79000000,1108.98859000
2026-03-05 15:00:00,72467.79000000,72835.73000000,71944.18000000,72609.29000000,1446.63499000
2026-03-05 16:00:00,72609.30000000,72770.00000000,71168.65000000,71652.77000000,2321.94313000
2026-03-05 17:00:00,71652.77000000,71654.65000000,70786.06000000,71305.92000000,1736.25108000
2026-03-05 18:00:00,71305.92000000,71572.00000000,70645.47000000,70704.41000000,1223.37093000
2026-03-05 19:00:00,70703.37000000,71090.32000000,70656.63000000,70990.65000000,720.55573000
2026-03-05 20:00:00,70990.66000000,71430.78000000,70870.00000000,70918.07000000,626.47744000
2026-03-05 21:00:00,70918.08000000,71394.45000000,70840.00000000,71236.51000000,496.74041000
2026-03-05 22:00:00,71236.51000000,71572.30000000,71023.52000000,71141.93000000,546.48691000
2026-03-05 23:00:00,71141.93000000,71364.45000000,71074.45000000,71208.54000000,834.62565000
2026-03-06 00:00:00,71208.54000000,71292.44000000,70777.00000000,70890.72000000,1067.07630000
2026-03-06 01:00:00,70891.02000000,71047.95000000,70784.00000000,70988.19000000,673.46080000
2026-03-06 02:00:00,70988.19000000,71301.74000000,70344.03000000,71257.20000000,1057.89391000
2026-03-06 03:00:00,71257.20000000,71419.98000000,71036.00000000,71252.43000000,752.48392000
2026-03-06 04:00:00,71252.43000000,71305.42000000,71000.00000000,71080.38000000,548.09403000
2026-03-06 05:00:00,71080.37000000,71120.17000000,70270.21000000,70613.61000000,667.82412000
2026-03-06 06:00:00,70613.61000000,70658.01000000,70143.19000000,70436.19000000,966.11543000
2026-03-06 07:00:00,70436.18000000,70853.37000000,70261.23000000,70597.23000000,672.31367000
2026-03-06 08:00:00,70597.23000000,71192.76000000,70468.97000000,71056.44000000,782.05786000
2026-03-06 09:00:00,71056.44000000,71067.58000000,70735.85000000,70789.49000000,569.42569000
2026-03-06 10:00:00,70789.49000000,70808.65000000,70300.00000000,70565.56000000,637.97560000
2026-03-06 11:00:00,70565.56000000,70800.00000000,70467.88000000,70527.93000000,469.81877000
2026-03-06 12:00:00,70527.93000000,70643.27000000,70184.01000000,70212.95000000,763.93539000
2026-03-06 13:00:00,70212.94000000,70224.84000000,69660.00000000,69907.00000000,1907.43626000
2026-03-06 14:00:00,69907.00000000,70341.76000000,69208.00000000,69208.00000000,2069.72961000
2026-03-06 15:00:00,69213.18000000,69273.87000000,68176.47000000,68409.89000000,3148.50679000
2026-03-06 16:00:00,68409.89000000,69100.00000000,68306.00000000,68504.71000000,1428.68549000
2026-03-06 17:00:00,68504.71000000,68795.44000000,68222.00000000,68446.52000000,955.00949000
2026-03-06 18:00:00,68446.52000000,68642.69000000,67744.78000000,67955.10000000,1236.78923000
2026-03-06 19:00:00,67955.10000000,68476.47000000,67955.10000000,68181.20000000,514.98068000
2026-03-06 20:00:00,68181.20000000,68485.01000000,68004.15000000,68131.79000000,617.63492000
2026-03-06 21:00:00,68131.79000000,68285.71000000,67777.00000000,68111.03000000,668.61830000
2026-03-06 22:00:00,68111.03000000,68333.33000000,67919.72000000,68289.10000000,604.80896000
2026-03-06 23:00:00,68289.11000000,68440.92000000,68221.38000000,68319.89000000,304.91261000
2026-03-07 00:00:00,68319.90000000,68371.24000000,68105.71000000,68114.02000000,611.37569000
2026-03-07 01:00:00,68114.02000000,68394.09000000,68105.73000000,68290.45000000,653.38105000
2026-03-07 02:00:00,68290.46000000,68369.11000000,68180.95000000,68262.01000000,316.06145000
2026-03-07 03:00:00,68262.01000000,68367.73000000,68060.60000000,68350.04000000,316.96409000
2026-03-07 04:00:00,68350.05000000,68551.04000000,68095.50000000,68095.50000000,450.32011000
2026-03-07 05:00:00,68095.50000000,68147.73000000,67817.00000000,68063.43000000,621.66509000
2026-03-07 06:00:00,68063.42000000,68140.49000000,67908.00000000,68018.26000000,493.88772000
2026-03-07 07:00:00,68018.27000000,68021.14000000,67612.21000000,67690.86000000,489.36583000
2026-03-07 08:00:00,67690.86000000,67865.23000000,67446.41000000,67842.67000000,768.74899000
2026-03-07 09:00:00,67842.67000000,68045.07000000,67720.98000000,67795.40000000,465.95331000
2026-03-07 10:00:00,67795.40000000,68074.97000000,67738.31000000,68000.00000000,332.46219000
2026-03-07 11:00:00,68000.00000000,68102.73000000,67870.43000000,67880.31000000,319.42039000
2026-03-07 12:00:00,67880.31000000,68232.27000000,67841.67000000,68010.01000000,372.24149000
2026-03-07 13:00:00,68010.00000000,68085.41000000,67900.01000000,67992.54000000,359.03867000
2026-03-07 14:00:00,67992.54000000,68081.16000000,67855.82000000,67931.06000000,318.23636000
2026-03-07 15:00:00,67931.06000000,68083.79000000,67609.44000000,68016.70000000,473.27443000
2026-03-07 16:00:00,68016.70000000,68034.67000000,67769.89000000,67877.45000000,577.84468000
2026-03-07 17:00:00,67877.45000000,67889.68000000,67702.20000000,67783.63000000,349.26910000
2026-03-07 18:00:00,67783.63000000,67935.01000000,67768.97000000,67788.41000000,217.68104000
2026-03-07 19:00:00,67788.40000000,67788.41000000,67480.00000000,67568.13000000,1180.24782000
2026-03-07 20:00:00,67568.13000000,67572.35000000,66915.26000000,67080.34000000,1312.23020000
2026-03-07 21:00:00,67080.33000000,67437.50000000,67068.01000000,67402.98000000,590.47118000
2026-03-07 22:00:00,67402.98000000,67483.05000000,67281.34000000,67452.98000000,638.99995000
2026-03-07 23:00:00,67452.97000000,67469.87000000,67101.31000000,67258.65000000,706.81324000
2026-03-08 00:00:00,67258.65000000,67403.85000000,67183.39000000,67262.91000000,394.96477000
2026-03-08 01:00:00,67262.91000000,67481.96000000,67181.04000000,67194.77000000,552.27054000
2026-03-08 02:00:00,67194.77000000,67353.57000000,67090.00000000,67297.27000000,565.85563000
2026-03-08 03:00:00,67297.27000000,67426.52000000,66833.58000000,66925.44000000,765.90711000
2026-03-08 04:00:00,66925.45000000,67083.10000000,66850.00000000,67000.26000000,999.40624000
2026-03-08 05:00:00,67000.26000000,67100.01000000,66547.15000000,66637.36000000,1206.88314000
2026-03-08 06:00:00,66637.35000000,67250.24000000,66617.76000000,67149.93000000,402.00353000
2026-03-08 07:00:00,67149.93000000,67231.86000000,67035.18000000,67161.52000000,246.63235000
2026-03-08 08:00:00,67161.52000000,67465.11000000,67154.91000000,67319.91000000,1010.57902000
2026-03-08 09:00:00,67319.90000000,67577.36000000,67156.93000000,67539.33000000,1008.62460000
2026-03-08 10:00:00,67539.34000000,67905.03000000,67474.00000000,67681.00000000,1111.87857000
2026-03-08 11:00:00,67681.00000000,68200.00000000,67680.99000000,67904.14000000,646.22527000
2026-03-08 12:00:00,67904.15000000,67904.15000000,67411.76000000,67515.00000000,536.67584000
2026-03-08 13:00:00,67515.00000000,67650.94000000,66888.00000000,67324.72000000,902.41572000
2026-03-08 14:00:00,67324.71000000,67431.81000000,66761.68000000,67234.86000000,1987.58970000
2026-03-08 15:00:00,67234.86000000,67426.69000000,67055.73000000,67339.76000000,695.31699000
2026-03-08 16:00:00,67339.75000000,67369.36000000,67080.00000000,67218.23000000,879.16155000
2026-03-08 17:00:00,67218.23000000,67268.44000000,66802.47000000,66872.15000000,538.75590000
2026-03-08 18:00:00,66872.15000000,67179.98000000,66800.01000000,67065.00000000,812.42846000
2026-03-08 19:00:00,67065.00000000,67076.00000000,66745.54000000,66804.00000000,487.97779000
2026-03-08 20:00:00,66803.99000000,67485.24000000,66779.82000000,67337.42000000,711.10669000
2026-03-08 21:00:00,67337.41000000,67609.08000000,67028.45000000,67238.80000000,1144.93227000
2026-03-08 22:00:00,67238.79000000,67266.00000000,66712.69000000,67020.01000000,959.03531000
2026-03-08 23:00:00,67020.01000000,67020.01000000,65618.49000000,66236.80000000,2742.02435000
2026-03-09 00:00:00,66236.80000000,66569.24000000,65930.30000000,65971.20000000,679.95244000
2026-03-09 01:00:00,65971.20000000,66773.00000000,65821.97000000,66370.01000000,951.35538000
2026-03-09 02:00:00,66370.01000000,66698.05000000,66131.25000000,66196.01000000,2263.78882000
2026-03-09 03:00:00,66196.01000000,66707.58000000,65959.00000000,66537.32000000,752.57114000
2026-03-09 04:00:00,66537.32000000,67668.64000000,66512.88000000,67205.05000000,1256.29482000
2026-03-09 05:00:00,67205.06000000,67610.00000000,67093.09000000,67130.14000000,848.47762000
2026-03-09 06:00:00,67131.10000000,68069.29000000,67113.02000000,67911.16000000,1145.71148000
2026-03-09 07:00:00,67911.15000000,67939.55000000,67236.78000000,67267.18000000,578.70307000
2026-03-09 08:00:00,67267.18000000,67575.81000000,66853.48000000,67555.13000000,1253.45589000
2026-03-09 09:00:00,67555.13000000,67929.19000000,67391.89000000,67814.69000000,1615.43129000
2026-03-09 10:00:00,67814.69000000,68460.09000000,67566.65000000,67981.02000000,1225.43841000
2026-03-09 11:00:00,67981.03000000,68088.92000000,67556.72000000,67608.13000000,687.12244000
2026-03-09 12:00:00,67608.13000000,67855.82000000,67344.45000000,67764.98000000,577.58612000
2026-03-09 13:00:00,67764.99000000,68348.26000000,67759.57000000,68151.93000000,970.32854000
2026-03-09 14:00:00,68151.93000000,69300.00000000,68133.93000000,68976.00000000,2460.13662000
2026-03-09 15:00:00,68975.80000000,69480.00000000,68696.28000000,69151.50000000,2377.05802000
2026-03-09 16:00:00,69151.50000000,69254.87000000,68717.86000000,68863.66000000,1995.45638000
2026-03-09 17:00:00,68863.67000000,69225.00000000,68614.47000000,68960.12000000,1086.01117000
2026-03-09 18:00:00,68960.12000000,69088.49000000,68270.34000000,68600.71000000,889.54053000
2026-03-09 19:00:00,68600.71000000,68705.76000000,68179.12000000,68356.37000000,1350.25926000
2026-03-09 20:00:00,68356.37000000,69516.65000000,68356.37000000,68991.93000000,1713.56623000
2026-03-09 21:00:00,68991.93000000,69145.28000000,68762.20000000,68961.71000000,507.40424000
2026-03-09 22:00:00,68961.15000000,69102.53000000,68660.94000000,68919.72000000,782.51759000
2026-03-09 23:00:00,68919.71000000,69030.56000000,68597.00000000,68635.88000000,943.05059000
2026-03-10 00:00:00,68635.88000000,68694.73000000,68384.69000000,68432.16000000,665.45565000
2026-03-10 01:00:00,68432.16000000,69290.42000000,68391.41000000,69157.37000000,1134.03591000
2026-03-10 02:00:00,69157.36000000,69389.06000000,68786.04000000,69260.01000000,1073.30020000
2026-03-10 03:00:00,69260.00000000,70578.29000000,69103.12000000,70272.01000000,2010.96480000
2026-03-10 04:00:00,70272.00000000,70370.86000000,69390.00000000,69429.85000000,1096.27179000
2026-03-10 05:00:00,69429.85000000,70132.27000000,69429.85000000,70072.94000000,1112.05227000
2026-03-10 06:00:00,70072.95000000,70355.06000000,69885.71000000,69971.34000000,874.03346000
2026-03-10 07:00:00,69971.34000000,70185.24000000,69750.62000000,69910.91000000,1140.99151000
2026-03-10 08:00:00,69910.91000000,70546.74000000,69805.70000000,70406.01000000,1780.20471000
2026-03-10 09:00:00,70406.01000000,71097.64000000,70369.00000000,70709.37000000,1852.19984000
2026-03-10 10:00:00,70709.37000000,71300.00000000,70653.24000000,71078.92000000,1664.83143000
2026-03-10 11:00:00,71078.92000000,71086.86000000,70660.89000000,70774.04000000,1808.06147000
2026-03-10 12:00:00,70774.04000000,70865.73000000,70540.40000000,70580.94000000,945.42456000
2026-03-10 13:00:00,70580.95000000,70628.19000000,70290.88000000,70519.86000000,702.95479000
2026-03-10 14:00:00,70519.86000000,70926.46000000,69723.25000000,69921.12000000,1644.54716000
2026-03-10 15:00:00,69921.12000000,71527.54000000,69266.06000000,71467.81000000,2553.72955000
2026-03-10 16:00:00,71467.81000000,71777.00000000,70900.05000000,71346.16000000,2098.87598000
2026-03-10 17:00:00,71346.17000000,71700.00000000,70943.31000000,71268.59000000,1291.34054000
2026-03-10 18:00:00,71268.58000000,71452.00000000,70512.64000000,70868.61000000,1383.62950000
2026-03-10 19:00:00,70868.62000000,70914.90000000,69901.00000000,70013.87000000,1837.40169000
2026-03-10 20:00:00,70013.87000000,70290.00000000,69739.00000000,70043.63000000,992.60769000
2026-03-10 21:00:00,70043.63000000,70350.00000000,70007.52000000,70235.60000000,671.88971000
2026-03-10 22:00:00,70236.34000000,70417.30000000,69541.91000000,69763.01000000,830.86870000
2026-03-10 23:00:00,69763.02000000,69869.90000000,69452.42000000,69721.58000000,937.20086000
2026-03-11 00:00:00,69721.58000000,69981.80000000,69698.46000000,69948.63000000,1165.15914000
2026-03-11 01:00:00,69948.64000000,70173.25000000,69759.63000000,70044.87000000,728.92961000
2026-03-11 02:00:00,70044.87000000,70144.00000000,69880.00000000,70071.26000000,947.24879000
2026-03-11 03:00:00,70071.26000000,70119.59000000,69614.00000000,69810.72000000,1612.87548000
2026-03-11 04:00:00,69810.73000000,69887.11000000,69488.70000000,69551.91000000,1113.41409000
2026-03-11 05:00:00,69551.91000000,70281.87000000,69501.55000000,70130.99000000,759.41600000
2026-03-11 06:00:00,70130.99000000,70200.96000000,69420.00000000,69510.36000000,757.81378000
2026-03-11 07:00:00,69510.37000000,69996.00000000,69500.01000000,69950.01000000,391.73761000
2026-03-11 08:00:00,69950.01000000,70018.49000000,69500.67000000,69648.29000000,1171.57725000
2026-03-11 09:00:00,69648.28000000,69786.32000000,69500.00000000,69662.24000000,672.55865000
2026-03-11 10:00:00,69662.24000000,69752.06000000,69384.50000000,69466.75000000,939.05652000
2026-03-11 11:00:00,69466.75000000,69726.45000000,69390.91000000,69604.90000000,1028.34397000
2026-03-11 12:00:00,69604.90000000,69755.10000000,69150.28000000,69173.00000000,898.77254000
2026-03-11 13:00:00,69172.99000000,69777.66000000,68977.91000000,69361.13000000,1045.64069000
2026-03-11 14:00:00,69361.13000000,71091.18000000,69331.04000000,70186.09000000,2647.32148000
2026-03-11 15:00:00,70186.08000000,70987.00000000,69906.77000000,70578.70000000,2251.77658000
2026-03-11 16:00:00,70578.70000000,70654.43000000,69702.25000000,70227.91000000,1844.69630000
2026-03-11 17:00:00,70227.92000000,70826.39000000,70161.78000000,70570.71000000,1837.92404000
2026-03-11 18:00:00,70570.71000000,71321.00000000,70512.01000000,70785.99000000,2122.20651000
2026-03-11 19:00:00,70785.99000000,70895.31000000,70415.27000000,70617.64000000,1134.13411000
2026-03-11 20:00:00,70617.63000000,70742.38000000,70375.68000000,70641.82000000,644.23151000
2026-03-11 21:00:00,70641.81000000,70700.00000000,70394.23000000,70634.96000000,383.34496000
2026-03-11 22:00:00,70634.96000000,70777.17000000,70499.94000000,70741.26000000,576.42683000
2026-03-11 23:00:00,70741.27000000,70950.00000000,70241.53000000,70373.01000000,1098.26512000
2026-03-12 00:00:00,70373.01000000,70505.00000000,70125.83000000,70191.86000000,641.56300000
2026-03-12 01:00:00,70191.86000000,70353.87000000,70130.23000000,70225.34000000,658.09363000
2026-03-12 02:00:00,70225.34000000,70226.94000000,69754.94000000,69841.31000000,760.55263000
2026-03-12 03:00:00,69841.30000000,69887.93000000,69226.52000000,69286.56000000,742.38929000
2026-03-12 04:00:00,69286.55000000,69628.25000000,69246.23000000,69446.61000000,415.13842000
2026-03-12 05:00:00,69446.61000000,69676.88000000,69296.43000000,69372.00000000,436.68208000
2026-03-12 06:00:00,69372.00000000,69539.61000000,69205.91000000,69480.54000000,734.74043000
2026-03-12 07:00:00,69480.54000000,69561.84000000,69315.63000000,69501.44000000,719.76894000
2026-03-12 08:00:00,69501.45000000,69865.98000000,69408.88000000,69826.19000000,830.78197000
2026-03-12 09:00:00,69826.19000000,70116.37000000,69698.33000000,69917.37000000,1246.32882000
2026-03-12 10:00:00,69917.36000000,70400.00000000,69580.00000000,69952.51000000,1284.31562000
2026-03-12 11:00:00,69952.51000000,70511.00000000,69856.00000000,70412.11000000,911.03902000
2026-03-12 12:00:00,70412.10000000,70800.00000000,70367.97000000,70427.91000000,1207.70061000
2026-03-12 13:00:00,70427.90000000,70617.66000000,70277.38000000,70381.80000000,847.51801000
2026-03-12 14:00:00,70381.80000000,70534.65000000,69645.00000000,69972.15000000,1340.77540000
2026-03-12 15:00:00,69972.20000000,70660.69000000,69355.34000000,69590.09000000,2130.67842000
2026-03-12 16:00:00,69590.09000000,70565.43000000,69476.14000000,70334.88000000,1778.50463000
2026-03-12 17:00:00,70334.89000000,70569.15000000,69905.71000000,70381.16000000,1271.41787000
2026-03-12 18:00:00,70381.15000000,70547.19000000,70076.16000000,70212.06000000,843.93551000
2026-03-12 19:00:00,70212.05000000,70303.51000000,69800.00000000,69819.64000000,742.85798000
2026-03-12 20:00:00,69819.64000000,70548.81000000,69770.85000000,70432.32000000,757.84664000
2026-03-12 21:00:00,70432.33000000,70555.20000000,70111.28000000,70164.49000000,618.18553000
2026-03-12 22:00:00,70164.50000000,70470.00000000,70164.50000000,70268.55000000,355.90233000
2026-03-12 23:00:00,70268.54000000,70305.26000000,70013.17000000,70175.64000000,467.42484000
2026-03-13 00:00:00,70175.64000000,70734.25000000,70159.35000000,70541.34000000,894.58188000
2026-03-13 01:00:00,70541.34000000,72000.00000000,70386.01000000,71475.61000000,2857.31114000
2026-03-13 02:00:00,71475.60000000,71759.95000000,71283.99000000,71672.39000000,975.74666000
2026-03-13 03:00:00,71672.38000000,71696.68000000,71045.52000000,71143.80000000,994.81538000
2026-03-13 04:00:00,71143.80000000,71508.87000000,70964.43000000,71405.75000000,927.82134000
2026-03-13 05:00:00,71405.76000000,71493.77000000,71214.01000000,71393.94000000,780.92498000
2026-03-13 06:00:00,71393.93000000,71637.54000000,71242.02000000,71546.29000000,1178.90406000
2026-03-13 07:00:00,71546.28000000,71593.22000000,71180.19000000,71342.00000000,1081.97604000
2026-03-13 08:00:00,71342.00000000,71672.76000000,71236.08000000,71612.22000000,1139.83190000
2026-03-13 09:00:00,71612.23000000,72142.85000000,71385.28000000,71821.02000000,1820.16796000
2026-03-13 10:00:00,71821.01000000,72100.37000000,71589.81000000,72006.57000000,925.21442000
2026-03-13 11:00:00,72006.56000000,72575.98000000,71995.53000000,72458.12000000,1635.35127000
2026-03-13 12:00:00,72458.11000000,72526.12000000,72207.41000000,72228.82000000,724.41705000
2026-03-13 13:00:00,72228.81000000,72884.68000000,72210.00000000,72784.73000000,1142.93241000
2026-03-13 14:00:00,72784.73000000,73585.27000000,72684.88000000,73379.18000000,3297.40201000
2026-03-13 15:00:00,73379.18000000,73913.74000000,72350.00000000,72382.72000000,4558.05031000
2026-03-13 16:00:00,72382.72000000,72829.12000000,71736.34000000,71831.46000000,3305.45471000
2026-03-13 17:00:00,71831.46000000,72100.00000000,71154.54000000,71885.57000000,2334.34610000
2026-03-13 18:00:00,71885.56000000,72249.99000000,70914.09000000,71037.93000000,1889.70074000
2026-03-13 19:00:00,71037.93000000,71350.94000000,70841.23000000,71055.45000000,738.18799000
2026-03-13 20:00:00,71055.45000000,71309.94000000,71006.19000000,71189.95000000,507.07823000
2026-03-13 21:00:00,71189.96000000,71469.53000000,71150.00000000,71346.84000000,554.47290000
2026-03-13 22:00:00,71346.84000000,71491.03000000,71058.25000000,71104.65000000,650.14338000
2026-03-13 23:00:00,71104.65000000,71189.26000000,70559.02000000,70814.00000000,863.33877000
2026-03-14 00:00:00,70814.00000000,71005.30000000,70688.45000000,70930.00000000,1113.02703000
2026-03-14 01:00:00,70930.01000000,70951.80000000,70555.00000000,70631.97000000,763.50434000
2026-03-14 02:00:00,70631.96000000,70941.05000000,70481.70000000,70831.70000000,791.55133000
2026-03-14 03:00:00,70831.70000000,70948.66000000,70735.21000000,70783.27000000,1013.67533000
2026-03-14 04:00:00,70783.27000000,71185.23000000,70783.26000000,71081.30000000,944.72261000
2026-03-14 05:00:00,71081.31000000,71307.92000000,71021.11000000,71039.58000000,707.08065000
2026-03-14 06:00:00,71039.57000000,71151.30000000,70916.96000000,71013.75000000,759.34070000
2026-03-14 07:00:00,71013.75000000,71013.75000000,70317.00000000,70622.08000000,712.17672000
2026-03-14 08:00:00,70622.09000000,70743.88000000,70489.03000000,70596.68000000,750.98425000
2026-03-14 09:00:00,70596.68000000,70710.76000000,70536.58000000,70585.63000000,461.44808000
2026-03-14 10:00:00,70585.64000000,70728.07000000,70400.00000000,70501.16000000,893.97396000
2026-03-14 11:00:00,70501.16000000,70575.10000000,70389.08000000,70570.44000000,624.35522000
2026-03-14 12:00:00,70570.44000000,70784.38000000,70562.66000000,70751.42000000,515.18098000
2026-03-14 13:00:00,70751.42000000,70835.48000000,70616.44000000,70780.59000000,472.56223000
2026-03-14 14:00:00,70780.59000000,70930.56000000,70711.54000000,70847.35000000,886.49950000
2026-03-14 15:00:00,70847.34000000,70941.17000000,70578.76000000,70599.22000000,329.16955000
2026-03-14 16:00:00,70599.23000000,70728.59000000,70501.00000000,70580.09000000,849.34654000
2026-03-14 17:00:00,70580.09000000,70709.40000000,70500.00000000,70672.53000000,379.28346000
2026-03-14 18:00:00,70672.52000000,70733.02000000,70590.00000000,70617.01000000,134.37087000
2026-03-14 19:00:00,70617.01000000,70708.88000000,70559.35000000,70668.23000000,95.80359000
2026-03-14 20:00:00,70668.23000000,70740.34000000,70595.14000000,70700.00000000,77.47303000
2026-03-14 21:00:00,70699.99000000,70856.40000000,70650.09000000,70805.71000000,114.01852000
2026-03-14 22:00:00,70805.71000000,70825.04000000,70661.06000000,70799.99000000,113.91325000
2026-03-14 23:00:00,70799.99000000,70805.15000000,70695.29000000,70710.91000000,89.24315000
2026-03-15 00:00:00,70710.90000000,71253.17000000,70710.90000000,71211.95000000,537.56951000
2026-03-15 01:00:00,71211.95000000,71220.74000000,70967.59000000,70985.28000000,576.24004000
2026-03-15 02:00:00,70985.29000000,71037.41000000,70858.82000000,70985.83000000,340.54476000
2026-03-15 03:00:00,70985.84000000,71634.08000000,70985.84000000,71450.53000000,895.09143000
2026-03-15 04:00:00,71450.54000000,71538.03000000,71240.68000000,71363.14000000,779.68802000
2026-03-15 05:00:00,71363.13000000,71661.55000000,71330.66000000,71606.32000000,779.77883000
2026-03-15 06:00:00,71606.31000000,71800.68000000,71476.00000000,71489.68000000,792.96245000
2026-03-15 07:00:00,71489.67000000,71595.43000000,71373.75000000,71458.41000000,528.89919000
2026-03-15 08:00:00,71458.41000000,71658.44000000,71411.88000000,71453.59000000,276.05348000
2026-03-15 09:00:00,71453.59000000,71736.72000000,71453.59000000,71717.50000000,551.40345000
2026-03-15 10:00:00,71717.50000000,71940.49000000,71713.90000000,71791.10000000,640.93656000
2026-03-15 11:00:00,71791.11000000,71919.19000000,71714.37000000,71783.09000000,525.01350000
2026-03-15 12:00:00,71783.10000000,71888.00000000,71659.71000000,71839.42000000,452.79199000
2026-03-15 13:00:00,71839.41000000,71839.42000000,71560.21000000,71610.33000000,324.76249000
2026-03-15 14:00:00,71610.33000000,71679.81000000,71263.99000000,71607.54000000,1108.48189000
2026-03-15 15:00:00,71607.54000000,71635.56000000,71341.68000000,71622.03000000,452.09243000
2026-03-15 16:00:00,71622.04000000,71626.00000000,71410.00000000,71481.24000000,210.01259000
2026-03-15 17:00:00,71481.24000000,71586.75000000,71320.08000000,71437.35000000,302.61771000
2026-03-15 18:00:00,71437.35000000,71989.93000000,71409.74000000,71819.95000000,365.80062000
2026-03-15 19:00:00,71819.96000000,71885.55000000,71321.87000000,71390.53000000,321.10675000
2026-03-15 20:00:00,71390.53000000,71582.83000000,71338.67000000,71549.94000000,251.59972000
2026-03-15 21:00:00,71549.94000000,71930.00000000,71433.75000000,71730.81000000,236.54566000
2026-03-15 22:00:00,71730.81000000,72222.00000000,71629.99000000,72109.58000000,459.80342000
2026-03-15 23:00:00,72109.59000000,73081.77000000,71725.74000000,72749.44000000,1471.44945000
2026-03-16 00:00:00,72749.45000000,73199.00000000,72420.44000000,72815.24000000,1393.63061000
2026-03-16 01:00:00,72815.25000000,73008.94000000,72452.26000000,72531.26000000,685.43450000
2026-03-16 02:00:00,72531.27000000,72852.28000000,72270.41000000,72752.90000000,715.87613000
2026-03-16 03:00:00,72752.90000000,72852.28000000,72368.08000000,72514.69000000,487.11967000
2026-03-16 04:00:00,72514.69000000,74330.34000000,72436.02000000,73573.32000000,3424.72669000
2026-03-16 05:00:00,73573.31000000,74451.03000000,73573.31000000,73835.62000000,1907.76761000
2026-03-16 06:00:00,73835.62000000,74258.07000000,73720.00000000,74207.49000000,1421.12171000
2026-03-16 07:00:00,74207.49000000,74207.50000000,73610.00000000,73714.36000000,1229.39836000
2026-03-16 08:00:00,73714.36000000,73924.83000000,73385.18000000,73456.68000000,958.93738000
2026-03-16 09:00:00,73456.69000000,73776.13000000,72888.80000000,73135.00000000,1562.06854000
2026-03-16 10:00:00,73135.00000000,73331.88000000,73057.25000000,73260.92000000,531.72090000
2026-03-16 11:00:00,73260.92000000,73783.42000000,73202.89000000,73783.42000000,1038.45265000
2026-03-16 12:00:00,73783.42000000,73838.76000000,73515.33000000,73552.77000000,680.69185000
2026-03-16 13:00:00,73552.78000000,74044.00000000,73465.46000000,73864.80000000,921.55759000
2026-03-16 14:00:00,73864.81000000,74509.52000000,73787.00000000,74109.55000000,1593.51066000
2026-03-16 15:00:00,74109.56000000,74460.19000000,72990.52000000,73565.54000000,2204.69587000
2026-03-16 16:00:00,73565.54000000,74030.00000000,73186.50000000,73274.76000000,1024.65577000
2026-03-16 17:00:00,73274.75000000,73901.95000000,73160.66000000,73760.63000000,1016.72181000
2026-03-16 18:00:00,73760.63000000,74065.70000000,73648.70000000,73943.18000000,906.04408000
2026-03-16 19:00:00,73943.17000000,74356.32000000,73860.00000000,73913.60000000,1086.95746000
2026-03-16 20:00:00,73913.60000000,74418.60000000,73781.54000000,73963.00000000,1122.08511000
2026-03-16 21:00:00,73963.00000000,74248.95000000,73863.20000000,74236.90000000,424.59345000
2026-03-16 22:00:00,74236.90000000,74799.00000000,74150.00000000,74401.36000000,1246.95221000
2026-03-16 23:00:00,74401.35000000,74899.99000000,74378.43000000,74772.66000000,1058.73068000
2026-03-17 00:00:00,74773.56000000,74909.08000000,74250.21000000,74884.67000000,1159.70951000
2026-03-17 01:00:00,74884.67000000,75520.23000000,74614.18000000,75318.48000000,2173.53670000
2026-03-17 02:00:00,75318.48000000,76000.00000000,75074.37000000,75623.91000000,1953.08873000
2026-03-17 03:00:00,75623.91000000,75677.66000000,75114.67000000,75198.02000000,1068.24779000
2026-03-17 04:00:00,75198.02000000,75326.15000000,74268.73000000,74463.98000000,1730.33731000
2026-03-17 05:00:00,74463.98000000,74712.89000000,73980.16000000,74252.01000000,2017.11887000
2026-03-17 06:00:00,74252.00000000,74459.99000000,73784.00000000,74036.74000000,1250.81696000
2026-03-17 07:00:00,74036.74000000,74276.66000000,73877.56000000,74085.45000000,879.74749000
2026-03-17 08:00:00,74085.46000000,74457.72000000,74066.40000000,74249.32000000,771.24200000
2026-03-17 09:00:00,74249.32000000,74452.97000000,74108.01000000,74188.38000000,461.65295000
2026-03-17 10:00:00,74188.38000000,74406.03000000,73841.62000000,73937.16000000,864.16263000
2026-03-17 11:00:00,73937.16000000,73960.74000000,73560.98000000,73729.45000000,1049.06910000
2026-03-17 12:00:00,73729.45000000,74224.16000000,73682.01000000,74033.11000000,647.95804000
2026-03-17 13:00:00,74033.10000000,74170.55000000,73672.25000000,73739.74000000,614.23436000
2026-03-17 14:00:00,73739.74000000,74167.39000000,73399.19000000,73615.48000000,1159.88444000
2026-03-17 15:00:00,73615.49000000,74425.31000000,73424.79000000,74381.70000000,1362.71508000
2026-03-17 16:00:00,74381.69000000,74893.94000000,73669.91000000,73914.39000000,1370.72331000
2026-03-17 17:00:00,73914.40000000,74350.00000000,73855.24000000,74155.69000000,747.87279000
2026-03-17 18:00:00,74155.68000000,74594.00000000,74006.58000000,74523.75000000,826.10844000
2026-03-17 19:00:00,74523.76000000,74769.17000000,74386.11000000,74683.04000000,707.46038000
2026-03-17 20:00:00,74683.04000000,74800.00000000,74427.25000000,74512.17000000,768.60522000
2026-03-17 21:00:00,74511.21000000,74685.50000000,74359.87000000,74506.75000000,466.76372000
2026-03-17 22:00:00,74506.75000000,74799.00000000,74450.01000000,74685.42000000,618.20101000
2026-03-17 23:00:00,74685.42000000,74772.14000000,73934.00000000,74307.08000000,488.30847000
2026-03-18 00:00:00,74307.08000000,74398.74000000,73871.74000000,73909.36000000,523.41057000
2026-03-18 01:00:00,73909.37000000,74063.22000000,73535.36000000,73867.88000000,673.31061000
2026-03-18 02:00:00,73867.88000000,74211.43000000,73820.69000000,74072.30000000,537.72886000
2026-03-18 03:00:00,74072.30000000,74476.00000000,74051.78000000,74338.93000000,549.53806000
2026-03-18 04:00:00,74338.93000000,74672.34000000,74250.27000000,74446.14000000,459.80928000
2026-03-18 05:00:00,74446.14000000,74486.30000000,74137.02000000,74175.49000000,472.35206000
2026-03-18 06:00:00,74175.48000000,74312.11000000,73830.76000000,73950.00000000,662.80056000
2026-03-18 07:00:00,73950.01000000,74225.82000000,73938.10000000,73954.03000000,652.79254000
2026-03-18 08:00:00,73954.03000000,73997.04000000,73700.01000000,73883.80000000,504.72370000
2026-03-18 09:00:00,73883.80000000,74130.02000000,73863.31000000,74044.89000000,735.50464000
2026-03-18 10:00:00,74044.90000000,74281.33000000,74042.85000000,74181.08000000,347.16358000
2026-03-18 11:00:00,74181.08000000,74267.77000000,73816.26000000,73946.35000000,478.90858000
2026-03-18 12:00:00,73946.35000000,74074.84000000,72800.00000000,72952.85000000,1877.69179000
2026-03-18 13:00:00,72952.85000000,72981.79000000,72271.11000000,72361.24000000,1819.95371000
2026-03-18 14:00:00,72361.13000000,72556.81000000,71980.00000000,72133.49000000,1607.02731000
2026-03-18 15:00:00,72133.48000000,72222.45000000,71100.00000000,71193.23000000,2385.98822000
2026-03-18 16:00:00,71193.23000000,71531.54000000,70857.21000000,71467.82000000,2560.23665000
2026-03-18 17:00:00,71467.82000000,71565.78000000,71037.34000000,71314.08000000,967.21409000
2026-03-18 18:00:00,71314.07000000,71750.00000000,71199.87000000,71595.21000000,1025.99840000
2026-03-18 19:00:00,71595.21000000,72000.50000000,70947.78000000,71096.74000000,1475.11719000
2026-03-18 20:00:00,71096.75000000,71486.14000000,70933.85000000,71072.38000000,867.91916000
2026-03-18 21:00:00,71072.38000000,71333.33000000,70500.00000000,71214.67000000,1180.62213000
2026-03-18 22:00:00,71214.67000000,71451.22000000,71167.15000000,71263.67000000,338.26453000
2026-03-18 23:00:00,71263.67000000,71269.02000000,70944.56000000,71153.66000000,520.94837000
2026-03-19 00:00:00,71153.67000000,71365.40000000,71069.69000000,71246.54000000,691.26691000
2026-03-19 01:00:00,71246.55000000,71321.81000000,70976.69000000,71002.17000000,887.95607000
2026-03-19 02:00:00,71002.18000000,71182.44000000,70951.93000000,71115.23000000,391.40796000
2026-03-19 03:00:00,71115.24000000,71252.83000000,70902.37000000,71055.44000000,554.97617000
2026-03-19 04:00:00,71055.44000000,71613.79000000,71053.33000000,71215.39000000,593.60943000
2026-03-19 05:00:00,71215.39000000,71215.39000000,70654.86000000,70822.07000000,702.86032000
2026-03-19 06:00:00,70822.06000000,70909.88000000,70661.56000000,70826.54000000,416.16191000
2026-03-19 07:00:00,70826.55000000,70979.99000000,70505.00000000,70583.22000000,619.85140000
2026-03-19 08:00:00,70583.22000000,70600.04000000,69478.51000000,70191.17000000,2753.95570000
2026-03-19 09:00:00,70191.16000000,70300.00000000,69900.00000000,69985.19000000,1015.64209000
2026-03-19 10:00:00,69985.19000000,70560.91000000,69971.99000000,70513.00000000,1262.65596000
2026-03-19 11:00:00,70513.00000000,70538.74000000,70117.00000000,70133.72000000,613.17552000
2026-03-19 12:00:00,70133.73000000,70259.37000000,69909.09000000,69952.75000000,542.70053000
2026-03-19 13:00:00,69952.75000000,69952.76000000,69105.49000000,69290.27000000,1452.42038000
2026-03-19 14:00:00,69290.28000000,70084.35000000,69081.51000000,69905.65000000,1720.19325000
2026-03-19 15:00:00,69905.65000000,70179.53000000,69096.16000000,69482.25000000,1636.49639000
2026-03-19 16:00:00,69482.24000000,69917.87000000,68793.35000000,69412.51000000,1898.28931000
2026-03-19 17:00:00,69412.52000000,69642.35000000,69177.19000000,69455.86000000,858.32753000
2026-03-19 18:00:00,69455.86000000,69954.18000000,69122.03000000,69854.16000000,759.67868000
2026-03-19 19:00:00,69854.15000000,69931.10000000,69581.55000000,69821.21000000,442.61763000
2026-03-19 20:00:00,69821.21000000,70596.42000000,69805.33000000,70271.99000000,1190.55299000
2026-03-19 21:00:00,70272.00000000,70676.00000000,70201.00000000,70483.03000000,488.71031000
2026-03-19 22:00:00,70483.03000000,70695.60000000,70371.19000000,70413.47000000,418.78383000
2026-03-19 23:00:00,70413.46000000,70501.89000000,69954.05000000,70183.99000000,551.74820000
2026-03-20 00:00:00,70184.00000000,70282.47000000,69718.23000000,69930.00000000,592.04663000
2026-03-20 01:00:00,69930.01000000,70311.12000000,69837.10000000,70181.00000000,871.72419000
2026-03-20 02:00:00,70181.00000000,70588.50000000,70181.00000000,70403.79000000,526.82154000
2026-03-20 03:00:00,70403.80000000,70516.16000000,70086.86000000,70415.47000000,312.91426000
2026-03-20 04:00:00,70415.48000000,70809.43000000,70388.00000000,70729.92000000,711.57589000
2026-03-20 05:00:00,70729.93000000,70969.71000000,70557.91000000,70783.69000000,546.53749000
2026-03-20 06:00:00,70783.70000000,70867.44000000,70521.73000000,70606.24000000,367.69531000
2026-03-20 07:00:00,70606.23000000,70646.93000000,70346.49000000,70502.90000000,758.81391000
2026-03-20 08:00:00,70502.91000000,70939.58000000,70160.06000000,70854.66000000,936.89906000
2026-03-20 09:00:00,70854.66000000,71367.00000000,70800.00000000,71042.23000000,1011.96314000
2026-03-20 10:00:00,71042.23000000,71042.23000000,70419.65000000,70583.80000000,885.49116000
2026-03-20 11:00:00,70583.81000000,70670.43000000,70218.68000000,70611.68000000,609.11713000
2026-03-20 12:00:00,70611.68000000,70810.81000000,70303.36000000,70478.71000000,605.56445000
2026-03-20 13:00:00,70478.71000000,70685.63000000,70251.00000000,70342.63000000,613.27107000
2026-03-20 14:00:00,70342.63000000,70613.75000000,69795.70000000,69863.84000000,1225.89394000
2026-03-20 15:00:00,69863.85000000,70268.66000000,69589.38000000,69731.21000000,1679.84994000
2026-03-20 16:00:00,69731.20000000,70002.68000000,69480.00000000,69860.09000000,1196.90076000
2026-03-20 17:00:00,69860.09000000,70100.00000000,69608.54000000,69829.26000000,922.25773000
2026-03-20 18:00:00,69829.27000000,70039.78000000,69388.00000000,70000.00000000,998.84797000
2026-03-20 19:00:00,69999.99000000,70071.81000000,69525.33000000,69770.00000000,630.47960000
2026-03-20 20:00:00,69770.01000000,70190.18000000,69673.76000000,70177.86000000,528.39593000
2026-03-20 21:00:00,70177.85000000,70259.28000000,69754.71000000,70057.66000000,435.39665000
2026-03-20 22:00:00,70057.66000000,70726.13000000,69946.65000000,70540.73000000,780.46042000
2026-03-20 23:00:00,70540.72000000,70923.75000000,70532.00000000,70767.85000000,591.69583000
2026-03-21 00:00:00,70767.85000000,70771.13000000,70430.00000000,70510.73000000,372.60008000
2026-03-21 01:00:00,70510.73000000,70826.00000000,70467.36000000,70682.19000000,274.67077000
2026-03-21 02:00:00,70682.20000000,70758.50000000,70445.36000000,70464.59000000,375.95226000
2026-03-21 03:00:00,70464.60000000,70785.90000000,70431.67000000,70737.60000000,316.88084000
2026-03-21 04:00:00,70737.60000000,70784.07000000,70632.39000000,70657.35000000,226.82019000
2026-03-21 05:00:00,70657.35000000,70819.00000000,70617.05000000,70642.13000000,487.10407000
2026-03-21 06:00:00,70642.14000000,70834.46000000,70635.10000000,70697.94000000,941.44912000
2026-03-21 07:00:00,70697.94000000,70831.14000000,70693.06000000,70774.65000000,857.26608000
2026-03-21 08:00:00,70773.55000000,70879.76000000,70677.44000000,70727.33000000,431.42703000
2026-03-21 09:00:00,70727.33000000,70753.79000000,70492.02000000,70594.43000000,956.10118000
2026-03-21 10:00:00,70594.42000000,70735.36000000,70570.40000000,70661.59000000,204.69969000
2026-03-21 11:00:00,70661.59000000,70695.32000000,70559.69000000,70605.64000000,524.32782000
2026-03-21 12:00:00,70605.64000000,70652.73000000,70567.79000000,70652.72000000,360.21459000
2026-03-21 13:00:00,70652.73000000,70800.00000000,70652.73000000,70722.61000000,199.41863000
2026-03-21 14:00:00,70722.61000000,70812.74000000,70707.12000000,70740.18000000,171.54370000
2026-03-21 15:00:00,70740.18000000,71100.94000000,70592.53000000,70629.10000000,873.72717000
2026-03-21 16:00:00,70629.09000000,70760.00000000,70453.09000000,70630.02000000,399.45062000
2026-03-21 17:00:00,70630.02000000,70652.64000000,70251.00000000,70301.66000000,435.70425000
2026-03-21 18:00:00,70301.66000000,70426.18000000,70210.00000000,70304.08000000,444.64800000
2026-03-21 19:00:00,70303.45000000,70534.38000000,70290.48000000,70389.19000000,200.58580000
2026-03-21 20:00:00,70389.18000000,70448.79000000,70324.70000000,70396.00000000,140.45698000
2026-03-21 21:00:00,70396.01000000,70508.11000000,70358.90000000,70462.28000000,697.39549000
2026-03-21 22:00:00,70462.27000000,70516.82000000,70268.06000000,70345.57000000,629.83259000
2026-03-21 23:00:00,70345.57000000,70384.95000000,70265.55000000,70277.22000000,737.88495000
2026-03-22 00:00:00,70277.21000000,70293.82000000,68571.42000000,68918.12000000,2509.60568000
2026-03-22 01:00:00,68918.12000000,69155.86000000,68228.50000000,68954.71000000,2161.16442000
2026-03-22 02:00:00,68954.70000000,69100.00000000,68762.31000000,68962.40000000,809.55651000
2026-03-22 03:00:00,68962.40000000,69411.10000000,68951.21000000,69278.12000000,506.62838000
2026-03-22 04:00:00,69278.12000000,69588.79000000,69123.13000000,69339.99000000,671.14040000
2026-03-22 05:00:00,69340.00000000,69526.85000000,69215.89000000,69358.00000000,626.75701000
2026-03-22 06:00:00,69358.00000000,69358.00000000,69150.00000000,69153.41000000,322.14134000
2026-03-22 07:00:00,69153.41000000,69245.79000000,69059.87000000,69164.06000000,378.08519000
2026-03-22 08:00:00,69164.06000000,69250.08000000,68892.93000000,68919.38000000,432.94301000
2026-03-22 09:00:00,68919.37000000,68990.67000000,68523.96000000,68804.77000000,1053.77702000
2026-03-22 10:00:00,68804.77000000,68901.65000000,68587.78000000,68826.20000000,383.82763000
2026-03-22 11:00:00,68826.21000000,68847.83000000,68584.27000000,68648.17000000,360.03346000
2026-03-22 12:00:00,68648.16000000,68691.03000000,68110.55000000,68217.95000000,784.43160000
2026-03-22 13:00:00,68217.94000000,68763.18000000,68199.04000000,68654.83000000,484.24300000
2026-03-22 14:00:00,68654.83000000,68957.24000000,68548.32000000,68700.02000000,548.07349000
2026-03-22 15:00:00,68700.02000000,68915.27000000,68542.10000000,68711.66000000,385.54476000
2026-03-22 16:00:00,68711.66000000,69005.71000000,68700.00000000,68847.96000000,391.17296000
2026-03-22 17:00:00,68847.97000000,68885.53000000,68665.62000000,68805.58000000,258.25035000
2026-03-22 18:00:00,68805.58000000,68848.32000000,68665.34000000,68673.02000000,252.16281000
2026-03-22 19:00:00,68672.85000000,68743.18000000,68344.57000000,68618.58000000,340.01718000
2026-03-22 20:00:00,68618.57000000,68626.07000000,68145.01000000,68199.93000000,472.99305000
2026-03-22 21:00:00,68199.93000000,68498.40000000,68080.00000000,68176.46000000,319.53245000
2026-03-22 22:00:00,68176.47000000,68228.71000000,67360.66000000,67899.97000000,1535.47353000
2026-03-22 23:00:00,67899.97000000,68396.94000000,67571.67000000,68339.37000000,856.56100000
2026-03-23 00:00:00,68339.38000000,68474.00000000,67839.99000000,67859.00000000,509.27627000
2026-03-23 01:00:00,67859.00000000,68161.41000000,67445.18000000,67669.99000000,823.69218000
2026-03-23 02:00:00,67670.00000000,68157.31000000,67536.01000000,67905.00000000,628.21786000
2026-03-23 03:00:00,67905.00000000,68400.00000000,67801.67000000,68320.72000000,627.90507000
2026-03-23 04:00:00,68320.72000000,68585.12000000,68059.88000000,68074.60000000,415.80047000
2026-03-23 05:00:00,68074.60000000,68550.00000000,68057.56000000,68541.00000000,486.61149000
2026-03-23 06:00:00,68541.00000000,68915.40000000,68541.00000000,68899.92000000,1162.54953000
2026-03-23 07:00:00,68899.92000000,68904.42000000,67698.86000000,67874.19000000,1218.88217000
2026-03-23 08:00:00,67874.20000000,68464.42000000,67502.48000000,68333.16000000,1946.35809000
2026-03-23 09:00:00,68333.16000000,68696.91000000,68328.55000000,68434.26000000,1238.43118000
2026-03-23 10:00:00,68434.27000000,68471.11000000,67916.14000000,68334.01000000,382.31585000
2026-03-23 11:00:00,68334.01000000,68714.28000000,68299.82000000,68551.02000000,494.85509000
2026-03-23 12:00:00,68551.02000000,71499.00000000,68544.15000000,70122.15000000,7050.35572000
2026-03-23 13:00:00,70122.15000000,70877.35000000,69671.95000000,70752.15000000,1915.66623000
2026-03-23 14:00:00,70752.14000000,71587.98000000,70600.00000000,71481.13000000,1712.52184000
2026-03-23 15:00:00,71481.13000000,71817.09000000,71127.14000000,71446.46000000,1663.17727000
2026-03-23 16:00:00,71446.46000000,71660.01000000,70103.21000000,70131.48000000,2051.70929000
2026-03-23 17:00:00,70131.48000000,70753.43000000,70131.47000000,70561.54000000,1367.86918000
2026-03-23 18:00:00,70561.54000000,71119.09000000,70363.63000000,71085.16000000,673.70407000
2026-03-23 19:00:00,71085.16000000,71195.21000000,70879.85000000,71076.22000000,593.89042000
2026-03-23 20:00:00,71076.22000000,71246.01000000,70649.40000000,70679.05000000,615.85820000
2026-03-23 21:00:00,70679.04000000,70983.33000000,70559.03000000,70915.59000000,394.04509000
2026-03-23 22:00:00,70915.59000000,70998.00000000,70827.66000000,70851.35000000,222.54858000
2026-03-23 23:00:00,70851.36000000,70896.76000000,70520.22000000,70780.22000000,279.98300000
2026-03-24 00:00:00,70780.22000000,70998.00000000,70404.39000000,70906.45000000,368.14332000
2026-03-24 01:00:00,70906.45000000,71099.96000000,70423.36000000,70679.20000000,735.82970000
2026-03-24 02:00:00,70679.20000000,70891.53000000,70278.46000000,70516.57000000,730.30371000
2026-03-24 03:00:00,70516.57000000,70698.00000000,70369.46000000,70453.37000000,431.98798000
2026-03-24 04:00:00,70453.38000000,70583.36000000,70404.54000000,70542.90000000,380.97532000
2026-03-24 05:00:00,70542.90000000,70741.64000000,70247.91000000,70372.44000000,474.91642000
2026-03-24 06:00:00,70372.45000000,70374.38000000,70119.06000000,70283.85000000,641.69358000
2026-03-24 07:00:00,70283.84000000,70572.83000000,70253.23000000,70541.38000000,850.05748000
2026-03-24 08:00:00,70541.39000000,71400.00000000,70488.00000000,71291.70000000,1722.67702000
2026-03-24 09:00:00,71291.70000000,71349.10000000,70850.11000000,70964.15000000,725.27631000
2026-03-24 10:00:00,70964.16000000,71368.61000000,70851.77000000,71316.97000000,511.50447000
2026-03-24 11:00:00,71316.98000000,71328.59000000,71078.09000000,71272.87000000,680.81546000
2026-03-24 12:00:00,71272.87000000,71327.26000000,70964.94000000,71157.77000000,560.33228000
2026-03-24 13:00:00,71157.77000000,71177.66000000,70860.18000000,70956.48000000,460.81810000
2026-03-24 14:00:00,70956.48000000,71059.59000000,69968.02000000,70100.46000000,1729.62355000
2026-03-24 15:00:00,70100.46000000,70462.91000000,69507.34000000,69869.93000000,1973.02189000
2026-03-24 16:00:00,69869.93000000,70255.37000000,69770.85000000,69873.04000000,1419.67177000
2026-03-24 17:00:00,69873.04000000,70001.92000000,69340.08000000,69476.87000000,889.76128000
2026-03-24 18:00:00,69476.88000000,69512.73000000,68923.07000000,69238.43000000,1294.24297000
2026-03-24 19:00:00,69238.44000000,69746.40000000,69168.64000000,69430.24000000,808.06583000
2026-03-24 20:00:00,69430.25000000,69700.00000000,69277.04000000,69377.33000000,547.42601000
2026-03-24 21:00:00,69377.33000000,70295.54000000,69296.15000000,70093.19000000,1018.45154000
2026-03-24 22:00:00,70093.19000000,70400.00000000,69901.39000000,70332.93000000,686.65263000
2026-03-24 23:00:00,70332.93000000,70586.86000000,70140.50000000,70316.96000000,686.91503000
2026-03-25 00:00:00,70316.96000000,70832.54000000,70270.00000000,70556.74000000,741.40211000
2026-03-25 01:00:00,70556.74000000,71100.28000000,70476.90000000,70840.75000000,784.33083000
2026-03-25 02:00:00,70840.75000000,70977.35000000,70629.72000000,70677.18000000,624.19197000
2026-03-25 03:00:00,70677.19000000,70781.39000000,70490.77000000,70531.09000000,582.86416000
2026-03-25 04:00:00,70531.10000000,70808.37000000,70408.00000000,70716.70000000,513.15296000
2026-03-25 05:00:00,70716.70000000,70977.49000000,70703.83000000,70968.64000000,623.46021000
2026-03-25 06:00:00,70968.64000000,71345.00000000,70940.00000000,71117.66000000,850.19172000
2026-03-25 07:00:00,71117.65000000,71260.00000000,70984.67000000,70991.83000000,934.75878000
2026-03-25 08:00:00,70991.82000000,71270.11000000,70891.31000000,70926.88000000,470.72474000
2026-03-25 09:00:00,70926.88000000,71503.94000000,70800.00000000,71248.39000000,1150.83138000
2026-03-25 10:00:00,71248.40000000,71415.12000000,71101.99000000,71345.91000000,598.42707000
2026-03-25 11:00:00,71345.91000000,71641.91000000,71291.69000000,71501.39000000,485.22161000
2026-03-25 12:00:00,71501.40000000,72026.09000000,71470.49000000,71678.97000000,1053.03231000
2026-03-25 13:00:00,71678.97000000,71955.17000000,71105.43000000,71715.24000000,1032.92186000
2026-03-25 14:00:00,71715.24000000,71963.71000000,71515.84000000,71581.42000000,982.27587000
2026-03-25 15:00:00,71581.42000000,71699.87000000,71230.51000000,71234.28000000,810.44092000
2026-03-25 16:00:00,71234.28000000,71301.37000000,70530.47000000,70832.99000000,1384.84596000
2026-03-25 17:00:00,70832.99000000,71752.88000000,70719.26000000,71324.01000000,1283.82328000
2026-03-25 18:00:00,71324.01000000,71389.14000000,70720.38000000,70779.00000000,662.98589000
2026-03-25 19:00:00,70778.99000000,71149.07000000,70681.07000000,70810.34000000,535.29926000
2026-03-25 20:00:00,70810.34000000,71093.37000000,70777.51000000,70883.31000000,513.05944000
2026-03-25 21:00:00,70883.32000000,71058.82000000,70646.34000000,71009.50000000,573.58151000
2026-03-25 22:00:00,71009.50000000,71175.00000000,70949.30000000,71035.24000000,379.86408000
2026-03-25 23:00:00,71035.25000000,71594.11000000,70947.61000000,71369.08000000,505.87572000
2026-03-26 00:00:00,71369.07000000,71511.83000000,71189.55000000,71336.53000000,383.33913000
2026-03-26 01:00:00,71336.53000000,71436.82000000,71142.38000000,71299.27000000,548.42613000
2026-03-26 02:00:00,71299.27000000,71377.04000000,71159.06000000,71252.11000000,522.16838000
2026-03-26 03:00:00,71252.11000000,71289.49000000,70672.37000000,70893.01000000,575.89477000
2026-03-26 04:00:00,70893.01000000,70968.66000000,70685.69000000,70921.47000000,510.54950000
2026-03-26 05:00:00,70921.47000000,70921.47000000,70721.46000000,70772.01000000,433.11432000
2026-03-26 06:00:00,70772.01000000,70796.32000000,69942.96000000,70016.98000000,1271.74189000
2026-03-26 07:00:00,70016.97000000,70152.63000000,69855.73000000,70097.18000000,1016.19011000
2026-03-26 08:00:00,70097.19000000,70167.60000000,69805.00000000,70087.44000000,713.03812000
2026-03-26 09:00:00,70087.44000000,70127.69000000,69806.39000000,70024.77000000,510.82818000
2026-03-26 10:00:00,70024.78000000,70144.44000000,69409.67000000,69562.41000000,1313.07806000
2026-03-26 11:00:00,69562.41000000,69719.96000000,69464.58000000,69517.68000000,694.15594000
2026-03-26 12:00:00,69517.68000000,69667.56000000,69192.96000000,69276.01000000,803.66639000
2026-03-26 13:00:00,69276.01000000,69461.28000000,69226.34000000,69436.42000000,589.82378000
2026-03-26 14:00:00,69436.42000000,69877.45000000,69218.00000000,69646.59000000,1361.59869000
2026-03-26 15:00:00,69646.59000000,69837.12000000,69259.25000000,69479.92000000,943.35709000
2026-03-26 16:00:00,69479.91000000,69497.73000000,68632.40000000,69082.64000000,1805.07582000
2026-03-26 17:00:00,69082.64000000,69142.94000000,68823.21000000,68932.52000000,949.52674000
2026-03-26 18:00:00,68932.53000000,69162.00000000,68377.83000000,68486.86000000,1130.52816000
2026-03-26 19:00:00,68486.86000000,68603.75000000,68153.00000000,68497.25000000,1402.56662000
2026-03-26 20:00:00,68497.25000000,68681.54000000,68358.80000000,68534.36000000,543.97259000
2026-03-26 21:00:00,68534.37000000,69478.42000000,68436.74000000,69005.21000000,1707.65634000
2026-03-26 22:00:00,69005.21000000,69205.43000000,68879.05000000,68921.10000000,598.68777000
2026-03-26 23:00:00,68921.10000000,69028.89000000,68603.24000000,68892.67000000,484.39394000
2026-03-27 00:00:00,68892.66000000,68994.16000000,68640.00000000,68820.31000000,390.41835000
2026-03-27 01:00:00,68820.31000000,68965.15000000,68531.37000000,68785.01000000,634.46014000
2026-03-27 02:00:00,68785.00000000,69066.51000000,68700.00000000,69051.27000000,555.05692000
2026-03-27 03:00:00,69051.27000000,69179.05000000,68862.00000000,68903.59000000,948.45642000
2026-03-27 04:00:00,68903.58000000,68924.00000000,68668.72000000,68767.51000000,576.98772000
2026-03-27 05:00:00,68767.50000000,68791.40000000,68304.14000000,68578.00000000,846.47748000
2026-03-27 06:00:00,68577.99000000,68865.88000000,68511.79000000,68630.77000000,773.74806000
2026-03-27 07:00:00,68630.76000000,68846.00000000,68567.62000000,68656.15000000,672.08820000
2026-03-27 08:00:00,68656.16000000,68955.53000000,68399.18000000,68540.48000000,1641.76445000
2026-03-27 09:00:00,68540.49000000,68635.07000000,67609.29000000,67920.50000000,1817.58289000
2026-03-27 10:00:00,67920.51000000,67960.32000000,67548.67000000,67695.81000000,812.25094000
2026-03-27 11:00:00,67695.81000000,67778.99000000,66326.38000000,66502.41000000,3012.92630000
2026-03-27 12:00:00,66502.41000000,66848.05000000,66231.96000000,66702.78000000,1683.20205000
2026-03-27 13:00:00,66702.78000000,66773.25000000,66432.19000000,66619.76000000,964.55681000
2026-03-27 14:00:00,66619.75000000,66757.30000000,66025.00000000,66188.32000000,2427.72498000
2026-03-27 15:00:00,66188.31000000,66404.00000000,65730.17000000,66205.06000000,2475.49917000
2026-03-27 16:00:00,66205.07000000,66638.25000000,65958.75000000,66112.82000000,2405.26081000
2026-03-27 17:00:00,66112.82000000,66177.99000000,65812.43000000,65979.29000000,1226.73521000
2026-03-27 18:00:00,65979.29000000,66290.00000000,65600.00000000,65632.92000000,1002.16119000
2026-03-27 19:00:00,65632.93000000,65951.96000000,65548.25000000,65836.69000000,915.82085000
2026-03-27 20:00:00,65836.69000000,66145.00000000,65700.00000000,66040.66000000,818.34010000
2026-03-27 21:00:00,66040.65000000,66152.51000000,65817.44000000,66020.76000000,511.09525000
2026-03-27 22:00:00,66020.77000000,66186.01000000,66013.00000000,66098.00000000,636.71362000
2026-03-27 23:00:00,66098.00000000,66098.01000000,65920.00000000,66020.79000000,739.86415000
2026-03-28 00:00:00,66020.79000000,66420.75000000,65970.25000000,66407.28000000,504.92186000
2026-03-28 01:00:00,66407.28000000,66520.46000000,66293.35000000,66431.55000000,499.89072000
2026-03-28 02:00:00,66431.54000000,66431.55000000,66056.09000000,66178.85000000,613.17173000
2026-03-28 03:00:00,66178.86000000,66251.67000000,65932.09000000,66053.20000000,490.39923000
2026-03-28 04:00:00,66053.20000000,66259.66000000,66053.19000000,66240.00000000,705.96536000
2026-03-28 05:00:00,66240.00000000,66304.72000000,66110.00000000,66285.01000000,452.84284000
2026-03-28 06:00:00,66285.01000000,66407.96000000,66202.01000000,66341.90000000,675.62625000
2026-03-28 07:00:00,66341.90000000,66500.00000000,66308.93000000,66382.00000000,485.97016000
2026-03-28 08:00:00,66382.00000000,66573.61000000,66379.80000000,66561.48000000,737.38217000
2026-03-28 09:00:00,66561.49000000,66570.09000000,66387.06000000,66409.33000000,708.34892000
2026-03-28 10:00:00,66409.34000000,66416.77000000,66243.01000000,66311.32000000,634.09125000
2026-03-28 11:00:00,66311.32000000,66411.79000000,66124.40000000,66221.38000000,306.12343000
2026-03-28 12:00:00,66221.37000000,66358.00000000,66201.91000000,66319.47000000,223.42305000
2026-03-28 13:00:00,66319.46000000,66527.01000000,66240.87000000,66455.09000000,344.10648000
2026-03-28 14:00:00,66455.10000000,67163.99000000,66407.65000000,66835.10000000,1040.57902000
2026-03-28 15:00:00,66835.10000000,66967.01000000,66666.66000000,66742.10000000,570.49869000
2026-03-28 16:00:00,66742.09000000,67288.94000000,66717.15000000,67014.91000000,771.68723000
2026-03-28 17:00:00,67014.92000000,67096.77000000,66855.24000000,66926.95000000,342.70522000
2026-03-28 18:00:00,66926.94000000,66996.61000000,66704.00000000,66846.21000000,310.89662000
2026-03-28 19:00:00,66846.20000000,66963.51000000,66834.87000000,66908.03000000,234.04169000
2026-03-28 20:00:00,66908.03000000,66954.00000000,66804.71000000,66916.52000000,202.96743000
2026-03-28 21:00:00,66916.52000000,67010.00000000,66906.00000000,66906.00000000,262.72665000
2026-03-28 22:00:00,66906.00000000,66926.31000000,66600.01000000,66685.53000000,291.07026000
2026-03-28 23:00:00,66685.53000000,66788.88000000,66588.22000000,66755.88000000,224.47432000
2026-03-29 00:00:00,66755.88000000,66755.88000000,66283.38000000,66377.03000000,333.40975000
2026-03-29 01:00:00,66377.04000000,66500.00000000,66281.40000000,66487.93000000,285.17232000
2026-03-29 02:00:00,66487.93000000,66620.00000000,66385.88000000,66569.22000000,295.19169000
2026-03-29 03:00:00,66569.22000000,66843.66000000,66540.96000000,66818.00000000,293.83335000
2026-03-29 04:00:00,66818.01000000,67130.50000000,66760.48000000,66912.00000000,660.94660000
2026-03-29 05:00:00,66912.00000000,66936.60000000,66717.51000000,66735.14000000,168.57240000
2026-03-29 06:00:00,66735.14000000,66828.05000000,66597.10000000,66771.94000000,418.44564000
2026-03-29 07:00:00,66771.94000000,66872.00000000,66636.00000000,66738.50000000,418.74617000
2026-03-29 08:00:00,66738.50000000,66752.61000000,66556.78000000,66671.00000000,346.10727000
2026-03-29 09:00:00,66671.00000000,66772.83000000,66600.00000000,66724.00000000,177.06023000
2026-03-29 10:00:00,66724.00000000,66773.02000000,66549.54000000,66634.01000000,225.04256000
2026-03-29 11:00:00,66634.01000000,66634.02000000,66418.00000000,66502.79000000,345.86500000
2026-03-29 12:00:00,66502.80000000,66988.01000000,66502.79000000,66816.28000000,336.66276000
2026-03-29 13:00:00,66816.29000000,66870.34000000,66703.07000000,66849.88000000,185.85649000
2026-03-29 14:00:00,66849.88000000,66875.24000000,66524.28000000,66580.36000000,359.56390000
2026-03-29 15:00:00,66580.36000000,66797.01000000,66461.00000000,66589.64000000,372.89659000
2026-03-29 16:00:00,66589.64000000,66730.60000000,66334.37000000,66523.00000000,518.27098000
2026-03-29 17:00:00,66523.01000000,66665.05000000,66435.75000000,66499.35000000,232.56305000
2026-03-29 18:00:00,66499.36000000,66546.00000000,66158.26000000,66385.84000000,329.15631000
2026-03-29 19:00:00,66385.84000000,66540.43000000,66321.66000000,66427.26000000,147.43013000
2026-03-29 20:00:00,66427.27000000,66477.81000000,66323.30000000,66348.62000000,285.67371000
2026-03-29 21:00:00,66348.61000000,66793.83000000,66348.61000000,66614.05000000,280.05501000
2026-03-29 22:00:00,66614.04000000,66756.51000000,66509.41000000,66710.12000000,220.10647000
2026-03-29 23:00:00,66710.12000000,66710.12000000,65000.00000000,65860.31000000,2219.11979000
2026-03-30 00:00:00,65860.31000000,66382.98000000,65859.91000000,66010.93000000,930.51742000
2026-03-30 01:00:00,66010.93000000,67059.66000000,65800.59000000,66280.25000000,1328.87485000
2026-03-30 02:00:00,66280.24000000,66834.79000000,66280.24000000,66653.74000000,685.87133000
2026-03-30 03:00:00,66653.74000000,67450.00000000,66580.01000000,67121.01000000,1220.60217000
2026-03-30 04:00:00,67121.01000000,67319.33000000,66977.62000000,67173.80000000,466.26604000
2026-03-30 05:00:00,67173.80000000,67650.01000000,67167.92000000,67616.29000000,809.57231000
2026-03-30 06:00:00,67616.28000000,67800.00000000,67442.00000000,67492.46000000,627.15632000
2026-03-30 07:00:00,67492.46000000,67585.97000000,67278.53000000,67305.14000000,721.78350000
2026-03-30 08:00:00,67305.14000000,67624.39000000,67227.88000000,67624.39000000,584.47106000
2026-03-30 09:00:00,67624.39000000,67946.02000000,67604.56000000,67666.44000000,1729.15176000
2026-03-30 10:00:00,67666.44000000,67698.62000000,67460.00000000,67495.46000000,607.44273000
2026-03-30 11:00:00,67495.46000000,67518.37000000,67360.41000000,67488.53000000,255.63666000
2026-03-30 12:00:00,67488.88000000,68042.30000000,67488.88000000,67680.45000000,790.86208000
2026-03-30 13:00:00,67680.44000000,67979.93000000,67666.17000000,67899.59000000,627.65449000
2026-03-30 14:00:00,67899.59000000,68169.65000000,67428.57000000,67529.52000000,1379.99177000
2026-03-30 15:00:00,67529.52000000,67864.49000000,67088.73000000,67799.54000000,1205.57197000
2026-03-30 16:00:00,67799.54000000,67896.89000000,67407.63000000,67629.40000000,964.70473000
2026-03-30 17:00:00,67629.40000000,67641.65000000,67222.00000000,67368.10000000,660.26793000
2026-03-30 18:00:00,67368.10000000,67465.20000000,66650.00000000,66828.02000000,917.71373000
2026-03-30 19:00:00,66828.02000000,66929.18000000,66508.25000000,66653.46000000,498.11738000
2026-03-30 20:00:00,66653.45000000,66664.57000000,66233.13000000,66550.05000000,597.89786000
2026-03-30 21:00:00,66550.06000000,66691.48000000,66523.75000000,66651.40000000,324.61202000
2026-03-30 22:00:00,66651.41000000,66994.17000000,66587.32000000,66809.30000000,481.42200000
2026-03-30 23:00:00,66809.30000000,66989.10000000,66683.72000000,66784.98000000,169.50316000
2026-03-31 00:00:00,66784.97000000,66797.38000000,66419.79000000,66797.37000000,698.24190000
2026-03-31 01:00:00,66797.38000000,67303.33000000,66544.51000000,67208.75000000,658.94529000
2026-03-31 02:00:00,67208.74000000,68408.37000000,67050.00000000,67938.54000000,1458.05548000
2026-03-31 03:00:00,67938.05000000,68096.87000000,67775.18000000,67943.43000000,435.18783000
2026-03-31 04:00:00,67943.43000000,68009.99000000,67648.20000000,67704.74000000,387.87365000
2026-03-31 05:00:00,67704.74000000,67979.38000000,67405.89000000,67544.01000000,1149.88888000
2026-03-31 06:00:00,67544.01000000,67780.34000000,67400.00000000,67681.68000000,653.43122000
2026-03-31 07:00:00,67681.69000000,67711.02000000,67333.33000000,67492.85000000,511.27605000
2026-03-31 08:00:00,67492.86000000,67524.65000000,67103.32000000,67367.69000000,1579.98188000
2026-03-31 09:00:00,67367.70000000,67496.00000000,66688.68000000,66778.33000000,897.84489000
2026-03-31 10:00:00,66778.34000000,66924.33000000,65998.05000000,66124.99000000,1512.48446000
2026-03-31 11:00:00,66125.00000000,66471.08000000,66100.01000000,66363.38000000,788.27557000
2026-03-31 12:00:00,66363.38000000,66922.58000000,66240.14000000,66685.69000000,989.38590000
2026-03-31 13:00:00,66685.69000000,66939.90000000,66520.71000000,66653.26000000,539.00678000
2026-03-31 14:00:00,66653.27000000,67412.11000000,66653.27000000,67302.29000000,1087.22021000
2026-03-31 15:00:00,67302.28000000,67767.87000000,66427.53000000,66587.45000000,1485.37387000
2026-03-31 16:00:00,66587.46000000,67283.25000000,66587.46000000,66736.80000000,1025.58837000
2026-03-31 17:00:00,66736.79000000,68030.19000000,66729.28000000,67665.83000000,1334.03651000
2026-03-31 18:00:00,67665.83000000,68589.49000000,67403.81000000,67526.75000000,2195.81331000
2026-03-31 19:00:00,67526.76000000,67947.98000000,67526.30000000,67854.05000000,426.40012000
2026-03-31 20:00:00,67854.04000000,68029.41000000,67716.35000000,67838.80000000,435.24470000
2026-03-31 21:00:00,67838.79000000,68267.27000000,67831.70000000,68265.53000000,693.06575000
2026-03-31 22:00:00,68265.53000000,68410.30000000,67884.00000000,68277.99000000,494.48096000
2026-03-31 23:00:00,68278.00000000,68341.16000000,67962.27000000,68172.87000000,755.55219000
2026-04-01 00:00:00,68173.59000000,68371.10000000,68090.20000000,68284.48000000,610.99275000
2026-04-01 01:00:00,68284.49000000,68343.77000000,67853.30000000,68330.75000000,542.79511000
2026-04-01 02:00:00,68330.76000000,68378.64000000,67760.33000000,67782.73000000,966.68117000
2026-04-01 03:00:00,67782.74000000,67913.98000000,67578.75000000,67668.89000000,1114.17912000
2026-04-01 04:00:00,67668.90000000,68250.00000000,67668.90000000,68170.67000000,551.94514000
2026-04-01 05:00:00,68170.67000000,68476.26000000,68005.33000000,68303.83000000,711.87735000
2026-04-01 06:00:00,68303.83000000,68755.51000000,68150.00000000,68456.02000000,817.48120000
2026-04-01 07:00:00,68456.01000000,69236.78000000,68456.01000000,69102.85000000,1241.29278000
2026-04-01 08:00:00,69102.80000000,69310.00000000,68667.02000000,68692.00000000,1537.59500000
2026-04-01 09:00:00,68692.00000000,68851.35000000,68389.21000000,68670.16000000,1279.02403000
2026-04-01 10:00:00,68670.15000000,68733.78000000,68390.25000000,68644.00000000,480.44871000
2026-04-01 11:00:00,68644.01000000,68662.26000000,68407.08000000,68585.55000000,974.80784000
2026-04-01 12:00:00,68585.55000000,68736.15000000,68505.91000000,68712.52000000,752.56981000
2026-04-01 13:00:00,68712.52000000,68786.00000000,68248.30000000,68393.60000000,1365.22557000
2026-04-01 14:00:00,68393.60000000,68681.25000000,67918.83000000,68116.07000000,1032.06992000
2026-04-01 15:00:00,68116.06000000,68690.98000000,68059.38000000,68593.55000000,905.17080000
2026-04-01 16:00:00,68593.56000000,68965.00000000,68428.94000000,68918.52000000,789.38357000
2026-04-01 17:00:00,68918.52000000,68986.66000000,68610.00000000,68816.34000000,705.16345000
2026-04-01 18:00:00,68816.35000000,69171.77000000,68247.17000000,68266.62000000,768.87563000
2026-04-01 19:00:00,68266.62000000,68330.31000000,67939.28000000,68084.76000000,723.37275000
2026-04-01 20:00:00,68084.76000000,68287.39000000,68028.19000000,68176.84000000,412.79717000
2026-04-01 21:00:00,68176.84000000,68249.00000000,67964.48000000,68191.09000000,276.10606000
2026-04-01 22:00:00,68191.09000000,68534.00000000,68171.56000000,68362.53000000,326.52766000
2026-04-01 23:00:00,68362.53000000,68362.53000000,68070.38000000,68122.99000000,270.47066000
2026-04-02 00:00:00,68122.99000000,68250.00000000,67996.89000000,68113.92000000,474.32940000
2026-04-02 01:00:00,68113.92000000,68653.38000000,68050.00000000,68600.29000000,409.19040000
2026-04-02 02:00:00,68600.29000000,68600.29000000,67050.84000000,67359.27000000,1944.08944000
2026-04-02 03:00:00,67359.27000000,67359.27000000,66624.64000000,66852.99000000,1169.08434000
2026-04-02 04:00:00,66852.99000000,66969.54000000,66500.00000000,66576.25000000,767.73135000
2026-04-02 05:00:00,66576.25000000,66655.46000000,66217.07000000,66330.27000000,889.41375000
2026-04-02 06:00:00,66330.27000000,66667.92000000,66311.00000000,66591.54000000,966.27870000
2026-04-02 07:00:00,66591.54000000,66824.95000000,66548.45000000,66681.49000000,493.29026000
2026-04-02 08:00:00,66681.48000000,66961.26000000,66557.33000000,66930.79000000,645.82875000
2026-04-02 09:00:00,66930.79000000,66930.79000000,66180.00000000,66439.12000000,781.90752000
2026-04-02 10:00:00,66439.12000000,66517.43000000,66294.00000000,66469.60000000,483.38047000
2026-04-02 11:00:00,66469.60000000,66511.79000000,66229.55000000,66457.28000000,452.52391000
2026-04-02 12:00:00,66457.28000000,66516.06000000,66167.10000000,66220.28000000,1122.63022000
2026-04-02 13:00:00,66220.28000000,66248.51000000,65961.66000000,66052.71000000,1024.11018000
2026-04-02 14:00:00,66052.71000000,66285.81000000,65712.12000000,66270.87000000,1225.30288000
2026-04-02 15:00:00,66270.87000000,67104.86000000,66168.07000000,66868.18000000,1908.17735000
2026-04-02 16:00:00,66868.17000000,66994.51000000,66646.36000000,66852.91000000,825.60342000
2026-04-02 17:00:00,66852.91000000,67300.00000000,66759.28000000,67095.85000000,920.46412000
2026-04-02 18:00:00,67095.85000000,67430.99000000,66666.66000000,66679.16000000,1455.89824000
2026-04-02 19:00:00,66679.16000000,67065.35000000,66596.80000000,66981.99000000,929.27922000
2026-04-02 20:00:00,66981.99000000,67109.09000000,66878.00000000,66975.99000000,436.15774000
2026-04-02 21:00:00,66976.00000000,67100.00000000,66798.00000000,66939.25000000,284.18038000
2026-04-02 22:00:00,66939.25000000,67012.09000000,66731.08000000,66935.93000000,272.54969000
2026-04-02 23:00:00,66935.94000000,67037.48000000,66825.61000000,66982.48000000,352.22156000
2026-04-03 00:00:00,66982.48000000,67096.68000000,66855.50000000,66901.99000000,444.18527000
2026-04-03 01:00:00,66901.99000000,67000.00000000,66702.83000000,66785.86000000,388.08477000
2026-04-03 02:00:00,66785.87000000,66905.61000000,66483.90000000,66630.00000000,613.91410000
2026-04-03 03:00:00,66630.01000000,66750.57000000,66282.00000000,66533.81000000,625.36210000
2026-04-03 04:00:00,66533.82000000,66724.17000000,66495.69000000,66579.97000000,581.20992000
2026-04-03 05:00:00,66579.98000000,66699.99000000,66500.04000000,66602.66000000,733.15532000
2026-04-03 06:00:00,66602.67000000,66808.50000000,66416.68000000,66600.35000000,822.39566000
2026-04-03 07:00:00,66600.35000000,66800.00000000,66558.76000000,66796.79000000,434.29670000
2026-04-03 08:00:00,66796.80000000,67247.38000000,66758.00000000,67042.08000000,883.37731000
2026-04-03 09:00:00,67042.08000000,67288.00000000,66900.56000000,66965.39000000,717.16964000
2026-04-03 10:00:00,66965.39000000,67007.93000000,66749.35000000,66859.58000000,291.40037000
2026-04-03 11:00:00,66859.58000000,66898.97000000,66674.72000000,66883.08000000,215.33139000
2026-04-03 12:00:00,66883.09000000,67057.42000000,66823.18000000,67017.44000000,215.91455000
2026-04-03 13:00:00,67017.43000000,67370.42000000,66646.36000000,66722.16000000,808.01051000
2026-04-03 14:00:00,66722.16000000,66735.62000000,66508.10000000,66672.00000000,554.93399000
2026-04-03 15:00:00,66671.99000000,66990.59000000,66634.00000000,66929.81000000,530.03077000
2026-04-03 16:00:00,66929.80000000,67028.37000000,66823.30000000,66827.15000000,465.79672000
2026-04-03 17:00:00,66827.15000000,67069.00000000,66827.14000000,67010.46000000,361.06450000
2026-04-03 18:00:00,67010.45000000,67067.00000000,66751.86000000,66855.01000000,378.12395000
2026-04-03 19:00:00,66855.00000000,66930.00000000,66786.12000000,66812.03000000,187.13591000
2026-04-03 20:00:00,66812.04000000,66911.19000000,66774.02000000,66885.74000000,289.39585000
2026-04-03 21:00:00,66885.73000000,66919.61000000,66831.97000000,66831.98000000,141.97965000
2026-04-03 22:00:00,66831.97000000,66970.18000000,66827.60000000,66964.21000000,378.17654000
2026-04-03 23:00:00,66964.21000000,66970.17000000,66842.76000000,66888.76000000,287.42422000
2026-04-04 00:00:00,66888.76000000,66964.30000000,66826.13000000,66964.30000000,525.44687000
2026-04-04 01:00:00,66964.29000000,66968.28000000,66876.70000000,66893.39000000,159.10280000
2026-04-04 02:00:00,66893.40000000,66924.48000000,66827.22000000,66852.00000000,418.46364000
2026-04-04 03:00:00,66852.00000000,66919.41000000,66814.00000000,66844.83000000,138.81793000
2026-04-04 04:00:00,66844.84000000,66910.22000000,66830.23000000,66832.18000000,86.81929000
2026-04-04 05:00:00,66832.18000000,66876.32000000,66775.91000000,66860.73000000,180.50471000
2026-04-04 06:00:00,66860.73000000,66936.72000000,66844.14000000,66916.29000000,629.01422000
2026-04-04 07:00:00,66916.30000000,67049.94000000,66911.20000000,67013.24000000,254.32193000
2026-04-04 08:00:00,67013.25000000,67052.99000000,66943.34000000,67014.96000000,664.43952000
2026-04-04 09:00:00,67014.95000000,67057.42000000,66918.00000000,66940.00000000,398.19184000
2026-04-04 10:00:00,66940.00000000,66994.52000000,66918.00000000,66988.05000000,295.09328000
2026-04-04 11:00:00,66988.06000000,67167.00000000,66918.00000000,67167.00000000,290.85424000
2026-04-04 12:00:00,67167.00000000,67232.72000000,67083.43000000,67156.93000000,363.18025000
2026-04-04 13:00:00,67156.93000000,67185.00000000,67060.56000000,67097.87000000,140.59027000
2026-04-04 14:00:00,67097.87000000,67267.00000000,67082.41000000,67193.44000000,362.06124000
2026-04-04 15:00:00,67193.45000000,67223.51000000,67029.07000000,67215.24000000,369.07128000
2026-04-04 16:00:00,67215.24000000,67562.93000000,67177.39000000,67383.66000000,635.57272000
2026-04-04 17:00:00,67383.66000000,67520.85000000,67331.06000000,67366.68000000,294.26452000
2026-04-04 18:00:00,67366.68000000,67416.48000000,67292.00000000,67329.40000000,254.01236000
2026-04-04 19:00:00,67329.41000000,67380.98000000,67265.00000000,67295.47000000,120.36154000
2026-04-04 20:00:00,67295.47000000,67543.60000000,67275.00000000,67288.42000000,189.77457000
2026-04-04 21:00:00,67288.42000000,67295.81000000,67186.62000000,67268.40000000,186.97188000
2026-04-04 22:00:00,67268.40000000,67504.54000000,67215.00000000,67359.20000000,238.42540000
2026-04-04 23:00:00,67359.21000000,67470.93000000,67341.19000000,67399.92000000,306.33880000
2026-04-05 00:00:00,67399.91000000,67399.99000000,67261.32000000,67300.42000000,397.26790000
2026-04-05 01:00:00,67300.42000000,67307.28000000,67168.08000000,67225.00000000,431.18676000
2026-04-05 02:00:00,67225.00000000,67230.00000000,67080.00000000,67085.00000000,369.56535000
2026-04-05 03:00:00,67085.00000000,67174.92000000,66955.72000000,67170.16000000,252.42427000
2026-04-05 04:00:00,67170.17000000,67188.09000000,67089.33000000,67145.98000000,163.69484000
2026-04-05 05:00:00,67145.98000000,67188.51000000,67073.56000000,67101.65000000,92.89503000
2026-04-05 06:00:00,67101.65000000,67154.98000000,66888.00000000,66931.65000000,466.39184000
2026-04-05 07:00:00,66931.65000000,66940.00000000,66611.66000000,66802.24000000,728.34135000
2026-04-05 08:00:00,66802.24000000,66914.48000000,66715.43000000,66820.64000000,615.79892000
2026-04-05 09:00:00,66820.64000000,66940.00000000,66819.42000000,66933.18000000,227.07394000
2026-04-05 10:00:00,66933.18000000,67048.64000000,66902.15000000,67035.15000000,293.93169000
2026-04-05 11:00:00,67035.15000000,67150.00000000,66968.35000000,67046.01000000,288.35183000
2026-04-05 12:00:00,67046.01000000,67087.22000000,66973.67000000,66999.00000000,253.07128000
2026-04-05 13:00:00,66998.99000000,66999.00000000,66680.57000000,66783.58000000,607.98096000
2026-04-05 14:00:00,66783.59000000,66918.03000000,66693.91000000,66890.70000000,361.31735000
2026-04-05 15:00:00,66890.70000000,66963.95000000,66820.54000000,66918.03000000,296.03960000
2026-04-05 16:00:00,66918.03000000,67856.16000000,66829.02000000,67306.64000000,1471.07760000
2026-04-05 17:00:00,67306.65000000,67410.00000000,67173.40000000,67212.62000000,356.80623000
2026-04-05 18:00:00,67212.61000000,67402.00000000,67187.95000000,67373.64000000,168.11139000
2026-04-05 19:00:00,67373.64000000,67451.78000000,67281.38000000,67413.78000000,210.99631000
2026-04-05 20:00:00,67413.78000000,67560.45000000,67276.67000000,67361.01000000,229.64378000
2026-04-05 21:00:00,67361.01000000,67705.74000000,67332.66000000,67658.35000000,338.30366000
2026-04-05 22:00:00,67658.35000000,67682.42000000,67408.07000000,67553.43000000,435.91664000
2026-04-05 23:00:00,67553.44000000,68374.75000000,67347.05000000,68338.43000000,1201.92322000
2026-04-06 00:00:00,68338.43000000,69136.20000000,68266.13000000,69034.18000000,1872.62368000
2026-04-06 01:00:00,69034.18000000,69588.00000000,69034.18000000,69083.78000000,1917.91608000
2026-04-06 02:00:00,69083.79000000,69139.63000000,68787.13000000,68810.18000000,991.41564000
2026-04-06 03:00:00,68810.17000000,69408.39000000,68776.61000000,69207.99000000,951.83494000
2026-04-06 04:00:00,69207.99000000,69259.06000000,69056.86000000,69123.69000000,641.74895000
2026-04-06 05:00:00,69123.69000000,69217.68000000,68980.36000000,69141.80000000,640.03746000
2026-04-06 06:00:00,69141.81000000,69247.00000000,69086.00000000,69199.31000000,664.48642000
2026-04-06 07:00:00,69199.31000000,69354.26000000,68806.53000000,68976.67000000,805.10068000
2026-04-06 08:00:00,68976.67000000,69215.37000000,68821.07000000,69115.91000000,705.20265000
2026-04-06 09:00:00,69115.91000000,69347.85000000,69081.88000000,69224.63000000,514.80546000
2026-04-06 10:00:00,69224.63000000,70283.32000000,69214.46000000,69728.00000000,2395.68342000
2026-04-06 11:00:00,69728.01000000,69950.00000000,69708.13000000,69770.88000000,634.91449000
2026-04-06 12:00:00,69770.88000000,69770.96000000,69565.01000000,69614.91000000,453.63795000
2026-04-06 13:00:00,69614.91000000,69635.87000000,69329.23000000,69366.75000000,601.70240000
2026-04-06 14:00:00,69366.76000000,69550.00000000,69235.09000000,69428.23000000,656.60844000
2026-04-06 15:00:00,69428.23000000,69809.99000000,69163.86000000,69654.38000000,1336.92282000
2026-04-06 16:00:00,69654.39000000,69973.25000000,69526.87000000,69968.87000000,814.13173000
2026-04-06 17:00:00,69968.87000000,70351.46000000,69782.11000000,69799.14000000,1291.21899000
2026-04-06 18:00:00,69799.14000000,69820.00000000,69282.02000000,69574.61000000,914.30002000
2026-04-06 19:00:00,69574.62000000,69967.78000000,69479.49000000,69888.97000000,537.79955000
2026-04-06 20:00:00,69888.97000000,69899.99000000,69583.33000000,69739.53000000,431.93913000
2026-04-06 21:00:00,69739.52000000,69974.08000000,69625.00000000,69826.01000000,372.95882000
2026-04-06 22:00:00,69826.00000000,69826.00000000,69423.09000000,69504.99000000,366.00988000
2026-04-06 23:00:00,69504.99000000,69581.92000000,68811.00000000,68811.00000000,578.82627000
2026-04-07 00:00:00,68811.01000000,68912.97000000,68300.00000000,68853.66000000,1062.40825000
2026-04-07 01:00:00,68853.66000000,69128.20000000,68723.81000000,68775.70000000,908.20417000
2026-04-07 02:00:00,68775.71000000,68900.63000000,68352.52000000,68400.01000000,682.14287000
2026-04-07 03:00:00,68400.01000000,68713.92000000,68273.34000000,68674.00000000,382.32486000
2026-04-07 04:00:00,68674.01000000,68800.94000000,68625.59000000,68779.21000000,449.64401000
2026-04-07 05:00:00,68779.20000000,68981.83000000,68540.84000000,68854.65000000,480.37449000
2026-04-07 06:00:00,68854.65000000,68866.00000000,68613.20000000,68669.00000000,546.70209000
2026-04-07 07:00:00,68669.00000000,68669.01000000,68443.00000000,68568.35000000,488.73987000
2026-04-07 08:00:00,68568.35000000,68703.72000000,68500.00000000,68624.61000000,307.81904000
2026-04-07 09:00:00,68624.60000000,68984.48000000,68603.60000000,68936.71000000,338.93457000
2026-04-07 10:00:00,68936.71000000,69247.90000000,68930.04000000,69150.05000000,436.92801000
2026-04-07 11:00:00,69150.06000000,69199.87000000,68200.00000000,68237.93000000,899.01254000
2026-04-07 12:00:00,68237.93000000,68455.96000000,68071.96000000,68345.75000000,598.71022000
2026-04-07 13:00:00,68345.75000000,68599.13000000,68080.00000000,68392.18000000,738.67705000
2026-04-07 14:00:00,68392.19000000,68633.87000000,68198.12000000,68231.99000000,822.06110000
2026-04-07 15:00:00,68231.99000000,68258.26000000,67763.64000000,67860.48000000,1396.10082000
2026-04-07 16:00:00,67860.49000000,68268.60000000,67732.01000000,68168.10000000,1084.45539000
2026-04-07 17:00:00,68168.11000000,68454.23000000,68085.01000000,68229.99000000,654.26405000
2026-04-07 18:00:00,68230.00000000,69000.00000000,68198.22000000,68705.81000000,1147.70463000
2026-04-07 19:00:00,68705.82000000,68773.24000000,68358.10000000,68442.53000000,630.41269000
2026-04-07 20:00:00,68442.52000000,69098.44000000,68358.10000000,69011.29000000,1385.03929000
2026-04-07 21:00:00,69011.29000000,69535.26000000,69011.29000000,69319.39000000,1097.55478000
2026-04-07 22:00:00,69319.39000000,70216.68000000,69311.84000000,69927.64000000,1742.03489000
2026-04-07 23:00:00,69927.65000000,71528.00000000,69927.65000000,71514.09000000,2841.66596000
2026-04-08 00:00:00,71514.10000000,72761.00000000,71194.90000000,71924.22000000,3690.98922000
2026-04-08 01:00:00,71924.22000000,72110.65000000,71541.51000000,71710.19000000,1153.45069000
2026-04-08 02:00:00,71710.19000000,71758.60000000,71452.68000000,71476.97000000,621.62060000
2026-04-08 03:00:00,71476.98000000,71727.01000000,71240.99000000,71364.94000000,1153.76247000
2026-04-08 04:00:00,71364.95000000,71479.97000000,71277.18000000,71287.39000000,441.23135000
2026-04-08 05:00:00,71287.39000000,71676.77000000,71287.38000000,71566.18000000,721.11279000
2026-04-08 06:00:00,71566.66000000,71831.60000000,71560.00000000,71731.10000000,821.79755000
2026-04-08 07:00:00,71731.10000000,71941.42000000,71581.14000000,71732.69000000,811.19618000
2026-04-08 08:00:00,71732.70000000,71902.00000000,71573.04000000,71627.59000000,943.84918000
2026-04-08 09:00:00,71627.59000000,71831.08000000,71627.59000000,71800.00000000,501.15204000
2026-04-08 10:00:00,71799.99000000,71955.00000000,71588.75000000,71678.87000000,419.99950000
2026-04-08 11:00:00,71678.87000000,71790.00000000,71457.61000000,71476.98000000,514.21900000
2026-04-08 12:00:00,71476.97000000,71739.67000000,71407.77000000,71675.12000000,779.27898000
2026-04-08 13:00:00,71675.12000000,72181.81000000,71581.76000000,72071.95000000,1226.00544000
2026-04-08 14:00:00,72071.95000000,72857.00000000,71510.00000000,71600.01000000,2821.31683000
2026-04-08 15:00:00,71600.00000000,71751.42000000,70707.23000000,70912.88000000,1895.54834000
2026-04-08 16:00:00,70912.89000000,71349.05000000,70833.30000000,71310.00000000,873.16856000
2026-04-08 17:00:00,71309.99000000,71699.00000000,71250.93000000,71602.10000000,757.94566000
2026-04-08 18:00:00,71602.11000000,71963.94000000,71490.55000000,71888.19000000,682.09647000
2026-04-08 19:00:00,71888.19000000,71888.20000000,71085.22000000,71099.63000000,703.75724000
2026-04-08 20:00:00,71099.63000000,71372.22000000,71019.00000000,71318.48000000,473.49397000
2026-04-08 21:00:00,71318.47000000,71481.70000000,71267.91000000,71372.93000000,226.24698000
2026-04-08 22:00:00,71372.94000000,71748.00000000,71330.86000000,71551.39000000,367.89907000
2026-04-08 23:00:00,71551.40000000,71571.60000000,71064.84000000,71064.84000000,374.67564000
2026-04-09 00:00:00,71064.84000000,71204.00000000,70901.89000000,71069.93000000,517.86174000
2026-04-09 01:00:00,71069.93000000,71133.71000000,70650.00000000,70815.50000000,677.85142000
2026-04-09 02:00:00,70815.50000000,70956.70000000,70466.00000000,70928.89000000,495.03665000
2026-04-09 03:00:00,70928.90000000,71198.80000000,70816.36000000,71060.64000000,664.15391000
2026-04-09 04:00:00,71060.64000000,71124.05000000,70845.27000000,70992.39000000,808.25356000
2026-04-09 05:00:00,70992.37000000,71006.13000000,70734.77000000,70782.00000000,304.15042000
2026-04-09 06:00:00,70781.99000000,71087.12000000,70689.38000000,70984.00000000,495.40100000
2026-04-09 07:00:00,70983.99000000,71082.71000000,70809.94000000,71031.84000000,538.94746000
2026-04-09 08:00:00,71031.83000000,71116.00000000,70955.40000000,70982.01000000,922.88611000
2026-04-09 09:00:00,70982.01000000,71380.00000000,70865.42000000,71249.51000000,562.42694000
2026-04-09 10:00:00,71249.51000000,71575.00000000,71109.99000000,71534.68000000,512.02010000
2026-04-09 11:00:00,71534.69000000,71534.69000000,71276.44000000,71276.45000000,304.66693000
2026-04-09 12:00:00,71276.45000000,71350.00000000,71038.50000000,71150.17000000,446.85377000
2026-04-09 13:00:00,71150.17000000,71328.79000000,71040.00000000,71279.63000000,382.04593000
2026-04-09 14:00:00,71279.63000000,71355.24000000,70629.30000000,70801.98000000,696.59545000
2026-04-09 15:00:00,70801.97000000,71250.39000000,70522.77000000,71123.71000000,873.72309000
2026-04-09 16:00:00,71123.71000000,72358.00000000,70929.44000000,72141.99000000,2048.75279000
2026-04-09 17:00:00,72142.00000000,72399.00000000,71729.66000000,72080.87000000,1429.68310000
2026-04-09 18:00:00,72080.86000000,72550.00000000,72062.38000000,72347.49000000,1415.90923000
2026-04-09 19:00:00,72348.00000000,72380.70000000,71747.68000000,71888.69000000,560.32535000
2026-04-09 20:00:00,71888.69000000,72300.00000000,71750.00000000,72096.32000000,607.89039000
2026-04-09 21:00:00,72096.33000000,72458.31000000,71985.95000000,72413.97000000,497.89389000
2026-04-09 22:00:00,72413.96000000,72700.00000000,72142.79000000,72264.95000000,771.79321000
2026-04-09 23:00:00,72264.96000000,73145.00000000,71945.94000000,71946.01000000,1345.32358000
2026-04-10 00:00:00,71946.01000000,72025.53000000,71585.25000000,71787.97000000,795.83731000
2026-04-10 01:00:00,71787.98000000,72028.40000000,71573.35000000,71963.03000000,967.97430000
2026-04-10 02:00:00,71963.04000000,72387.00000000,71673.48000000,72157.93000000,679.67117000
2026-04-10 03:00:00,72157.93000000,72291.04000000,71921.59000000,71965.36000000,515.54191000
2026-04-10 04:00:00,71965.36000000,72027.37000000,71813.73000000,71868.67000000,543.68867000
2026-04-10 05:00:00,71868.67000000,72212.84000000,71820.47000000,72117.29000000,734.17151000
2026-04-10 06:00:00,72117.29000000,72267.89000000,72010.40000000,72127.84000000,408.69549000
2026-04-10 07:00:00,72127.84000000,72179.85000000,71792.01000000,71805.38000000,448.00931000
2026-04-10 08:00:00,71805.39000000,71837.59000000,71428.00000000,71481.85000000,702.39043000
2026-04-10 09:00:00,71481.85000000,71769.41000000,71426.15000000,71606.07000000,624.89096000
2026-04-10 10:00:00,71606.08000000,71873.00000000,71583.47000000,71787.41000000,281.02303000
2026-04-10 11:00:00,71787.41000000,71928.29000000,71711.60000000,71910.09000000,238.63388000
2026-04-10 12:00:00,71910.10000000,72261.93000000,71903.69000000,72127.59000000,421.17579000
2026-04-10 13:00:00,72127.59000000,72458.00000000,72007.50000000,72258.68000000,733.42450000
2026-04-10 14:00:00,72258.69000000,72409.41000000,71899.51000000,72321.40000000,673.26680000
2026-04-10 15:00:00,72321.39000000,73155.58000000,72258.00000000,72909.00000000,2362.61980000
2026-04-10 16:00:00,72909.00000000,73289.96000000,72355.87000000,72460.51000000,1324.05053000
2026-04-10 17:00:00,72460.52000000,73069.40000000,72387.41000000,72992.33000000,733.09003000
2026-04-10 18:00:00,72992.32000000,73146.00000000,72802.96000000,73121.66000000,454.50524000
2026-04-10 19:00:00,73121.66000000,73159.81000000,72880.95000000,73107.07000000,597.01721000
2026-04-10 20:00:00,73107.07000000,73264.76000000,72900.00000000,73236.11000000,713.54118000
2026-04-10 21:00:00,73236.11000000,73434.00000000,73051.97000000,73361.68000000,872.16866000
2026-04-10 22:00:00,73361.68000000,73364.47000000,72934.53000000,73190.67000000,654.89865000
2026-04-10 23:00:00,73190.68000000,73244.03000000,72700.60000000,72877.00000000,798.34690000
2026-04-11 00:00:00,72877.01000000,72967.79000000,72791.96000000,72962.70000000,889.83693000
2026-04-11 01:00:00,72962.71000000,72962.71000000,72787.94000000,72828.42000000,801.54149000
2026-04-11 02:00:00,72828.42000000,72999.99000000,72670.00000000,72954.39000000,320.30020000
2026-04-11 03:00:00,72954.39000000,73094.89000000,72910.93000000,72966.57000000,288.43552000
2026-04-11 04:00:00,72966.58000000,73075.34000000,72814.42000000,72866.63000000,227.12944000
2026-04-11 05:00:00,72866.62000000,72954.28000000,72681.90000000,72806.08000000,298.14959000
2026-04-11 06:00:00,72806.08000000,72836.55000000,72679.08000000,72722.28000000,222.17067000
2026-04-11 07:00:00,72722.28000000,72771.32000000,72612.16000000,72762.00000000,590.44339000
2026-04-11 08:00:00,72762.01000000,72832.00000000,72672.56000000,72745.38000000,321.42327000
2026-04-11 09:00:00,72745.38000000,72799.57000000,72638.44000000,72664.17000000,263.67236000
2026-04-11 10:00:00,72664.16000000,72908.00000000,72617.75000000,72907.11000000,306.96352000
2026-04-11 11:00:00,72907.12000000,72915.95000000,72760.90000000,72843.71000000,224.83128000
2026-04-11 12:00:00,72843.70000000,72912.00000000,72826.37000000,72907.05000000,109.63598000
2026-04-11 13:00:00,72907.05000000,72982.40000000,72814.97000000,72940.49000000,180.21756000
2026-04-11 14:00:00,72940.50000000,72940.50000000,72513.09000000,72658.07000000,493.97275000
2026-04-11 15:00:00,72658.07000000,72770.91000000,72609.27000000,72704.67000000,212.83973000
2026-04-11 16:00:00,72704.66000000,72896.03000000,72678.00000000,72858.17000000,246.74388000
2026-04-11 17:00:00,72858.18000000,73204.74000000,72812.94000000,73034.33000000,656.04744000
2026-04-11 18:00:00,73034.34000000,73169.04000000,72942.06000000,73095.97000000,269.56328000
2026-04-11 19:00:00,73095.97000000,73726.13000000,73032.61000000,73547.89000000,856.65701000
2026-04-11 20:00:00,73547.90000000,73790.00000000,73472.38000000,73687.15000000,595.03700000
2026-04-11 21:00:00,73687.16000000,73689.97000000,73226.28000000,73290.43000000,395.49217000
2026-04-11 22:00:00,73290.43000000,73548.08000000,73200.48000000,73427.04000000,366.94025000
2026-04-11 23:00:00,73427.04000000,73574.00000000,73234.25000000,73376.01000000,431.15797000
2026-04-12 00:00:00,73376.01000000,73376.01000000,72907.40000000,73043.16000000,391.57799000
2026-04-12 01:00:00,73043.16000000,73117.32000000,72873.25000000,73079.96000000,390.45862000
2026-04-12 02:00:00,73079.96000000,73137.24000000,71310.00000000,71643.69000000,2072.10202000
2026-04-12 03:00:00,71643.69000000,71982.46000000,71352.47000000,71761.35000000,839.35622000
2026-04-12 04:00:00,71761.35000000,71861.33000000,71593.18000000,71593.19000000,790.20901000
2026-04-12 05:00:00,71593.18000000,71685.31000000,71444.68000000,71466.53000000,611.50691000
2026-04-12 06:00:00,71466.53000000,71781.00000000,71417.22000000,71710.20000000,667.76838000
2026-04-12 07:00:00,71710.19000000,71753.33000000,71633.77000000,71668.01000000,377.10612000
2026-04-12 08:00:00,71668.01000000,71747.31000000,71588.57000000,71665.00000000,313.33908000
2026-04-12 09:00:00,71664.99000000,71805.85000000,71595.00000000,71629.21000000,922.36362000
2026-04-12 10:00:00,71629.21000000,71633.01000000,71488.45000000,71531.94000000,372.12981000
2026-04-12 11:00:00,71531.95000000,71682.72000000,71357.76000000,71452.89000000,274.78665000
2026-04-12 12:00:00,71452.89000000,71556.12000000,71412.57000000,71468.55000000,211.53603000
2026-04-12 13:00:00,71468.54000000,71500.00000000,71077.44000000,71084.01000000,608.12473000
2026-04-12 14:00:00,71084.01000000,71146.03000000,70866.82000000,70889.42000000,708.82478000
2026-04-12 15:00:00,70889.42000000,71092.78000000,70700.00000000,70748.34000000,541.94034000
2026-04-12 16:00:00,70748.34000000,70932.00000000,70604.07000000,70892.03000000,502.43194000
2026-04-12 17:00:00,70892.04000000,70959.51000000,70821.05000000,70936.27000000,259.94883000
2026-04-12 18:00:00,70936.27000000,71202.00000000,70900.00000000,71140.51000000,322.73260000
2026-04-12 19:00:00,71140.51000000,71214.08000000,71056.20000000,71137.64000000,176.22609000
2026-04-12 20:00:00,71137.65000000,71222.58000000,71078.76000000,71084.18000000,233.07874000
2026-04-12 21:00:00,71084.18000000,71440.00000000,70956.83000000,71335.43000000,622.27061000
2026-04-12 22:00:00,71335.43000000,71452.00000000,71163.01000000,71364.02000000,234.93742000
2026-04-12 23:00:00,71364.03000000,71367.85000000,70505.88000000,70912.73000000,908.94869000
2026-04-13 00:00:00,70912.73000000,70912.73000000,70571.66000000,70740.98000000,510.34077000
2026-04-13 01:00:00,70741.56000000,71262.63000000,70615.30000000,71172.62000000,546.73984000
2026-04-13 02:00:00,71172.63000000,71227.28000000,71027.26000000,71197.64000000,720.27854000
2026-04-13 03:00:00,71197.64000000,71271.78000000,70986.71000000,71073.14000000,270.71272000
2026-04-13 04:00:00,71073.14000000,71155.42000000,70917.27000000,70976.00000000,348.91610000
2026-04-13 05:00:00,70975.99000000,71144.00000000,70854.29000000,70890.30000000,584.47308000
2026-04-13 06:00:00,70890.30000000,70920.00000000,70672.72000000,70878.82000000,533.46945000
2026-04-13 07:00:00,70878.82000000,71106.54000000,70878.82000000,71017.66000000,697.01918000
2026-04-13 08:00:00,71017.66000000,71067.91000000,70685.25000000,70813.88000000,859.13978000
2026-04-13 09:00:00,70813.88000000,70861.01000000,70566.99000000,70680.70000000,334.12518000
2026-04-13 10:00:00,70680.70000000,70910.68000000,70678.00000000,70792.88000000,250.58431000
2026-04-13 11:00:00,70792.89000000,70846.90000000,70688.28000000,70755.88000000,177.99631000
2026-04-13 12:00:00,70755.89000000,70997.12000000,70736.29000000,70929.68000000,260.33899000
2026-04-13 13:00:00,70929.68000000,71219.80000000,70758.50000000,71074.91000000,460.12900000
2026-04-13 14:00:00,71074.92000000,71700.82000000,70818.57000000,71662.65000000,1544.74455000
2026-04-13 15:00:00,71662.65000000,72401.00000000,71375.24000000,72400.15000000,2098.23774000
2026-04-13 16:00:00,72400.15000000,72464.28000000,71652.65000000,71866.59000000,1342.33780000
2026-04-13 17:00:00,71866.59000000,72437.25000000,71679.80000000,72202.36000000,1514.19404000
2026-04-13 18:00:00,72202.37000000,72600.00000000,72069.01000000,72148.87000000,1653.64723000
2026-04-13 19:00:00,72148.87000000,72460.42000000,72053.78000000,72424.86000000,965.95939000
2026-04-13 20:00:00,72424.86000000,73480.00000000,72298.93000000,73322.82000000,2632.95065000
2026-04-13 21:00:00,73322.00000000,73394.37000000,73007.08000000,73149.36000000,1081.57049000
2026-04-13 22:00:00,73149.36000000,73368.08000000,73072.85000000,73179.71000000,387.90227000
2026-04-13 23:00:00,73179.71000000,74746.61000000,73172.01000000,74627.04000000,3298.60756000
2026-04-14 00:00:00,74627.04000000,74900.00000000,74405.64000000,74417.99000000,1666.14205000
2026-04-14 01:00:00,74418.00000000,74517.31000000,74102.39000000,74163.82000000,1276.45858000
2026-04-14 02:00:00,74163.82000000,74431.00000000,73954.86000000,74386.02000000,1065.16310000
2026-04-14 03:00:00,74386.03000000,74579.32000000,74283.20000000,74330.98000000,598.05117000
2026-04-14 04:00:00,74330.99000000,74496.90000000,74252.35000000,74444.43000000,646.36946000
2026-04-14 05:00:00,74444.44000000,74504.52000000,74351.55000000,74387.85000000,484.30563000
2026-04-14 06:00:00,74387.85000000,74434.41000000,74150.60000000,74210.11000000,838.40961000
2026-04-14 07:00:00,74210.12000000,74550.00000000,74210.12000000,74522.73000000,614.57152000
2026-04-14 08:00:00,74522.72000000,74924.64000000,74430.92000000,74546.00000000,1456.55359000
2026-04-14 09:00:00,74545.99000000,74910.00000000,74460.64000000,74750.00000000,938.29896000
2026-04-14 10:00:00,74750.00000000,74830.93000000,74435.12000000,74500.00000000,565.86470000
2026-04-14 11:00:00,74500.00000000,74617.92000000,74333.46000000,74350.01000000,540.18312000
2026-04-14 12:00:00,74350.01000000,74450.63000000,74307.35000000,74376.52000000,653.35819000
2026-04-14 13:00:00,74376.52000000,74485.06000000,74277.19000000,74452.00000000,513.51818000
2026-04-14 14:00:00,74452.00000000,75532.94000000,74407.74000000,75525.94000000,3246.78739000
2026-04-14 15:00:00,75525.94000000,76038.00000000,75013.61000000,75013.62000000,4357.56106000
2026-04-14 16:00:00,75013.61000000,75441.99000000,74564.34000000,75317.07000000,1661.60412000
2026-04-14 17:00:00,75317.06000000,75688.00000000,74527.02000000,74652.20000000,1265.45725000
2026-04-14 18:00:00,74652.20000000,74948.78000000,74244.63000000,74748.90000000,985.97900000
2026-04-14 19:00:00,74748.89000000,74814.99000000,73795.47000000,74093.19000000,1613.97962000
2026-04-14 20:00:00,74093.18000000,74398.43000000,73882.79000000,74223.18000000,1054.69346000
2026-04-14 21:00:00,74223.30000000,74434.33000000,74015.53000000,74102.29000000,434.25271000
2026-04-14 22:00:00,74102.28000000,74320.44000000,73951.64000000,74277.15000000,381.06364000
2026-04-14 23:00:00,74277.16000000,74373.19000000,73806.09000000,74023.15000000,638.74603000
2026-04-15 00:00:00,74023.16000000,74232.83000000,74001.08000000,74131.55000000,701.71447000
2026-04-15 01:00:00,74131.55000000,74677.19000000,74126.32000000,74568.36000000,874.99865000
2026-04-15 02:00:00,74568.37000000,74786.72000000,74500.00000000,74613.28000000,443.16738000
2026-04-15 03:00:00,74613.28000000,74697.47000000,74188.00000000,74322.00000000,506.95652000
2026-04-15 04:00:00,74322.01000000,74372.84000000,74173.75000000,74345.97000000,317.62112000
2026-04-15 05:00:00,74345.98000000,74434.51000000,74261.47000000,74340.38000000,660.47305000
2026-04-15 06:00:00,74340.38000000,74434.00000000,73864.01000000,74021.50000000,542.04465000
2026-04-15 07:00:00,74021.50000000,74048.95000000,73855.49000000,73891.62000000,419.09008000
2026-04-15 08:00:00,73891.62000000,74016.67000000,73514.00000000,73730.43000000,1451.80452000
2026-04-15 09:00:00,73730.43000000,74181.90000000,73675.96000000,74110.51000000,532.83471000
2026-04-15 10:00:00,74110.52000000,74176.49000000,73909.49000000,74011.69000000,363.21790000
2026-04-15 11:00:00,74011.70000000,74250.00000000,73789.50000000,73864.75000000,548.88747000
2026-04-15 12:00:00,73864.76000000,74256.44000000,73864.76000000,74201.78000000,444.73290000
2026-04-15 13:00:00,74201.78000000,74466.10000000,74051.64000000,74273.77000000,567.44529000
2026-04-15 14:00:00,74273.77000000,74434.51000000,73817.23000000,74063.92000000,676.35905000
2026-04-15 15:00:00,74063.91000000,74506.84000000,73830.00000000,74151.81000000,757.76569000
2026-04-15 16:00:00,74151.81000000,74299.07000000,73580.85000000,73844.08000000,743.29132000
2026-04-15 17:00:00,73844.07000000,74176.00000000,73762.89000000,73941.09000000,547.84936000
2026-04-15 18:00:00,73941.09000000,74242.00000000,73915.48000000,74134.95000000,593.44252000
2026-04-15 19:00:00,74134.95000000,74399.75000000,74073.61000000,74390.29000000,407.09098000
2026-04-15 20:00:00,74390.29000000,75281.00000000,74355.46000000,75002.60000000,1179.99077000
2026-04-15 21:00:00,75002.60000000,75039.92000000,74512.06000000,74841.68000000,570.09892000
2026-04-15 22:00:00,74841.67000000,74855.16000000,74540.23000000,74743.10000000,310.66035000
2026-04-15 23:00:00,74743.10000000,75425.00000000,74740.02000000,74964.00000000,653.95001000
2026-04-16 00:00:00,74964.01000000,74964.01000000,74620.95000000,74809.99000000,311.26846000
2026-04-16 01:00:00,74809.99000000,74874.93000000,74451.49000000,74815.10000000,636.94865000
2026-04-16 02:00:00,74815.09000000,74815.09000000,74454.09000000,74657.66000000,240.65148000
2026-04-16 03:00:00,74657.67000000,75267.85000000,74601.27000000,74887.24000000,589.65615000
2026-04-16 04:00:00,74887.23000000,75159.26000000,74865.50000000,74888.21000000,470.71966000
2026-04-16 05:00:00,74888.21000000,75174.38000000,74728.00000000,74944.15000000,513.51186000
2026-04-16 06:00:00,74944.15000000,75139.82000000,74900.00000000,75043.48000000,359.01217000
2026-04-16 07:00:00,75043.47000000,75115.12000000,74853.72000000,75045.01000000,604.84284000
2026-04-16 08:00:00,75045.01000000,75082.78000000,74636.00000000,74707.03000000,708.06090000
2026-04-16 09:00:00,74707.02000000,74744.35000000,74500.00000000,74677.91000000,669.86210000
2026-04-16 10:00:00,74677.91000000,74901.50000000,74594.01000000,74594.02000000,316.26697000
2026-04-16 11:00:00,74594.02000000,74653.12000000,74277.34000000,74313.00000000,526.53069000
2026-04-16 12:00:00,74312.99000000,74663.27000000,74285.00000000,74574.79000000,1174.61360000
2026-04-16 13:00:00,74574.80000000,74872.00000000,74574.79000000,74624.00000000,529.55969000
2026-04-16 14:00:00,74624.01000000,75030.39000000,73309.85000000,73788.03000000,1828.93731000
2026-04-16 15:00:00,73788.03000000,74197.32000000,73426.94000000,73973.33000000,1331.31817000
2026-04-16 16:00:00,73973.33000000,74878.99000000,73934.44000000,74697.19000000,1520.20876000
2026-04-16 17:00:00,74697.20000000,74932.00000000,74063.00000000,74175.57000000,762.35705000
2026-04-16 18:00:00,74175.58000000,74438.31000000,73912.23000000,74343.25000000,751.19450000
2026-04-16 19:00:00,74343.25000000,75089.00000000,74240.00000000,75026.71000000,780.63438000
2026-04-16 20:00:00,75026.71000000,75410.71000000,74717.97000000,75342.99000000,1203.37407000
2026-04-16 21:00:00,75343.00000000,75534.76000000,75001.00000000,75223.47000000,661.71844000
2026-04-16 22:00:00,75223.48000000,75286.51000000,74789.50000000,74934.24000000,451.58433000
2026-04-16 23:00:00,74934.24000000,75117.00000000,74833.14000000,74867.92000000,232.35004000
2026-04-17 00:00:00,74867.92000000,75177.76000000,74840.92000000,75154.29000000,224.77396000
2026-04-17 01:00:00,75154.28000000,75154.77000000,74886.82000000,74944.98000000,796.37355000
2026-04-17 02:00:00,74944.99000000,75034.49000000,74569.99000000,74750.00000000,407.29847000
2026-04-17 03:00:00,74750.00000000,74802.98000000,74529.40000000,74700.00000000,235.53372000
2026-04-17 04:00:00,74700.00000000,74839.31000000,74606.12000000,74615.82000000,721.66261000
2026-04-17 05:00:00,74615.82000000,74871.11000000,74589.88000000,74791.39000000,213.95430000
2026-04-17 06:00:00,74791.39000000,74801.13000000,74555.12000000,74637.77000000,241.61979000
2026-04-17 07:00:00,74637.77000000,74950.00000000,74604.62000000,74938.52000000,276.57366000
2026-04-17 08:00:00,74938.53000000,75089.51000000,74930.00000000,75074.77000000,607.34373000
2026-04-17 09:00:00,75074.76000000,75881.95000000,74993.24000000,75780.38000000,1494.62708000
2026-04-17 10:00:00,75780.38000000,76370.25000000,75518.78000000,75779.99000000,2004.70646000
2026-04-17 11:00:00,75779.99000000,75886.01000000,75095.93000000,75278.77000000,1050.31882000
2026-04-17 12:00:00,75278.77000000,75609.77000000,75246.65000000,75589.70000000,429.61331000
2026-04-17 13:00:00,75589.70000000,76265.82000000,75531.97000000,76233.05000000,1128.91448000
2026-04-17 14:00:00,76233.06000000,77417.61000000,76061.57000000,77340.12000000,5123.01639000
2026-04-17 15:00:00,77340.11000000,78052.49000000,77015.39000000,77886.77000000,3617.10048000
2026-04-17 16:00:00,77886.77000000,77999.00000000,77444.44000000,77785.02000000,1975.14451000
2026-04-17 17:00:00,77785.03000000,78333.00000000,77705.20000000,77857.14000000,1402.18359000
2026-04-17 18:00:00,77857.15000000,77917.77000000,77101.49000000,77520.59000000,1173.45635000
2026-04-17 19:00:00,77520.59000000,77565.63000000,77088.23000000,77159.89000000,637.39265000
2026-04-17 20:00:00,77159.88000000,77473.44000000,77000.00000000,77393.58000000,652.45495000
2026-04-17 21:00:00,77393.58000000,77611.68000000,77160.12000000,77337.64000000,357.23206000
2026-04-17 22:00:00,77337.64000000,77494.69000000,77278.72000000,77445.73000000,307.76412000
2026-04-17 23:00:00,77445.74000000,77510.00000000,77274.56000000,77301.25000000,474.88113000
2026-04-18 00:00:00,77301.25000000,77302.00000000,76911.00000000,77072.00000000,612.20073000
2026-04-18 01:00:00,77072.01000000,77258.55000000,76978.17000000,77168.00000000,324.03843000
2026-04-18 02:00:00,77168.22000000,77330.00000000,77115.77000000,77218.07000000,266.42990000
2026-04-18 03:00:00,77218.06000000,77420.08000000,77124.63000000,77292.52000000,268.04149000
2026-04-18 04:00:00,77292.53000000,77296.95000000,76962.67000000,77005.47000000,268.91717000
2026-04-18 05:00:00,77005.47000000,77162.08000000,76884.10000000,77100.74000000,370.07883000
2026-04-18 06:00:00,77100.73000000,77278.58000000,77100.73000000,77134.66000000,312.05483000
2026-04-18 07:00:00,77134.66000000,77217.00000000,77058.40000000,77136.01000000,168.72376000
2026-04-18 08:00:00,77136.01000000,77136.01000000,76890.00000000,76997.80000000,276.05173000
2026-04-18 09:00:00,76997.79000000,77048.00000000,76501.00000000,76738.63000000,773.24357000
2026-04-18 10:00:00,76738.62000000,76738.63000000,76409.37000000,76599.89000000,462.93265000
2026-04-18 11:00:00,76599.89000000,76599.90000000,76132.32000000,76189.56000000,624.93038000
2026-04-18 12:00:00,76189.55000000,76189.56000000,75763.76000000,76039.05000000,809.07399000
2026-04-18 13:00:00,76039.06000000,76300.00000000,76039.05000000,76206.97000000,492.57948000
2026-04-18 14:00:00,76206.98000000,76212.70000000,75797.53000000,76122.87000000,456.87331000
2026-04-18 15:00:00,76122.88000000,76288.40000000,75959.68000000,76249.99000000,461.97289000
2026-04-18 16:00:00,76250.00000000,76363.75000000,76003.97000000,76167.34000000,261.12334000
2026-04-18 17:00:00,76167.33000000,76211.57000000,75691.03000000,75943.35000000,522.36094000
2026-04-18 18:00:00,75943.34000000,75958.23000000,75778.69000000,75828.51000000,256.05723000
2026-04-18 19:00:00,75828.51000000,75844.66000000,75445.16000000,75651.78000000,591.47146000
2026-04-18 20:00:00,75651.78000000,75796.32000000,75574.22000000,75649.85000000,194.31870000
2026-04-18 21:00:00,75649.86000000,75834.30000000,75608.44000000,75754.78000000,484.97143000
2026-04-18 22:00:00,75754.77000000,75839.10000000,75599.64000000,75821.34000000,197.94348000
2026-04-18 23:00:00,75821.35000000,75873.10000000,75608.89000000,75813.53000000,155.69572000
2026-04-19 00:00:00,75813.53000000,75891.64000000,75685.69000000,75691.76000000,141.95985000
2026-04-19 01:00:00,75691.76000000,75847.42000000,75551.73000000,75693.01000000,297.06433000
2026-04-19 02:00:00,75693.00000000,75798.47000000,75457.11000000,75621.95000000,321.53516000
2026-04-19 03:00:00,75621.96000000,75722.21000000,75407.84000000,75496.00000000,212.48934000
2026-04-19 04:00:00,75496.01000000,75637.44000000,75357.00000000,75515.77000000,175.28804000
2026-04-19 05:00:00,75515.76000000,75782.63000000,75424.40000000,75664.62000000,294.60425000
2026-04-19 06:00:00,75664.62000000,75687.04000000,75516.39000000,75545.60000000,174.63786000
2026-04-19 07:00:00,75545.60000000,75545.60000000,75280.92000000,75400.09000000,385.31594000
2026-04-19 08:00:00,75400.09000000,75400.09000000,74867.72000000,75252.34000000,771.61495000
2026-04-19 09:00:00,75252.33000000,75299.99000000,75071.58000000,75257.60000000,333.58261000
2026-04-19 10:00:00,75257.59000000,75265.00000000,74921.74000000,75015.00000000,313.21615000
2026-04-19 11:00:00,75015.00000000,75243.02000000,74933.87000000,75222.45000000,323.18472000
2026-04-19 12:00:00,75222.46000000,75641.99000000,75216.96000000,75604.11000000,418.71675000
2026-04-19 13:00:00,75604.11000000,75700.00000000,75432.07000000,75571.60000000,439.48255000
2026-04-19 14:00:00,75571.61000000,76240.66000000,75552.44000000,75921.75000000,760.39543000
2026-04-19 15:00:00,75921.75000000,76147.01000000,75674.55000000,76024.01000000,621.24056000
2026-04-19 16:00:00,76024.02000000,76155.30000000,75401.44000000,75846.63000000,1097.76631000
2026-04-19 17:00:00,75846.63000000,75853.26000000,75311.11000000,75382.86000000,403.71917000
2026-04-19 18:00:00,75382.87000000,75382.87000000,74638.31000000,74791.26000000,795.68148000
2026-04-19 19:00:00,74791.27000000,74908.62000000,74608.00000000,74770.11000000,531.16281000
2026-04-19 20:00:00,74770.11000000,75071.61000000,74770.11000000,74965.47000000,306.83274000
2026-04-19 21:00:00,74965.46000000,74965.47000000,74427.53000000,74630.00000000,452.71123000
2026-04-19 22:00:00,74630.01000000,74810.00000000,74368.60000000,74425.15000000,383.54881000
2026-04-19 23:00:00,74425.16000000,74425.16000000,73762.90000000,74047.34000000,1140.38980000
2026-04-20 00:00:00,74047.34000000,74054.22000000,73790.00000000,73801.79000000,415.64133000
2026-04-20 01:00:00,73801.80000000,74360.43000000,73724.31000000,74280.01000000,787.93368000
2026-04-20 02:00:00,74280.01000000,74746.93000000,74214.67000000,74595.13000000,689.61016000
2026-04-20 03:00:00,74595.12000000,74627.99000000,74304.84000000,74410.01000000,739.68976000
2026-04-20 04:00:00,74410.01000000,74640.65000000,74359.04000000,74634.00000000,281.20310000
2026-04-20 05:00:00,74634.01000000,74637.43000000,74435.19000000,74567.64000000,333.76794000
2026-04-20 06:00:00,74567.63000000,74567.63000000,74095.18000000,74264.15000000,529.73957000
2026-04-20 07:00:00,74264.16000000,74894.11000000,74250.00000000,74786.59000000,441.30070000
2026-04-20 08:00:00,74786.59000000,75572.00000000,74670.86000000,74837.17000000,1175.74482000
2026-04-20 09:00:00,74837.18000000,74998.83000000,74619.41000000,74728.91000000,538.52852000
2026-04-20 10:00:00,74728.92000000,75233.00000000,74706.87000000,75062.77000000,502.56404000
2026-04-20 11:00:00,75062.77000000,75404.63000000,75003.63000000,75027.26000000,321.32100000
2026-04-20 12:00:00,75027.26000000,75287.88000000,74957.51000000,75192.71000000,284.12016000
2026-04-20 13:00:00,75192.72000000,75650.00000000,75043.86000000,75289.90000000,698.85484000
2026-04-20 14:00:00,75289.91000000,75434.41000000,74859.11000000,75269.38000000,774.09093000
2026-04-20 15:00:00,75269.37000000,75766.74000000,74921.42000000,75034.79000000,1047.20928000
2026-04-20 16:00:00,75034.79000000,75772.72000000,74702.00000000,75716.77000000,1196.95260000
2026-04-20 17:00:00,75716.78000000,75723.99000000,75299.26000000,75338.74000000,630.71705000
2026-04-20 18:00:00,75338.75000000,75991.47000000,75289.92000000,75898.14000000,642.61045000
2026-04-20 19:00:00,75898.14000000,76453.19000000,75898.14000000,76423.69000000,1544.76303000
2026-04-20 20:00:00,76423.69000000,76486.67000000,76154.49000000,76296.96000000,1368.12243000
2026-04-20 21:00:00,76296.97000000,76558.62000000,76113.07000000,76276.17000000,1418.85750000
2026-04-20 22:00:00,76276.18000000,76357.20000000,75784.05000000,75954.71000000,523.28232000
2026-04-20 23:00:00,75954.72000000,76143.71000000,75904.39000000,75974.24000000,220.64170000
2026-04-21 00:00:00,75974.24000000,75974.24000000,75617.60000000,75840.97000000,301.78476000
2026-04-21 01:00:00,75840.97000000,76099.19000000,75700.00000000,76092.45000000,428.95831000
2026-04-21 02:00:00,76092.46000000,76263.40000000,75866.01000000,75927.59000000,391.13593000
2026-04-21 03:00:00,75927.58000000,75932.70000000,75580.00000000,75581.33000000,536.09341000
2026-04-21 04:00:00,75581.33000000,75721.12000000,75474.77000000,75710.30000000,256.25150000
2026-04-21 05:00:00,75710.31000000,75823.49000000,75600.00000000,75813.81000000,259.64273000
2026-04-21 06:00:00,75813.80000000,75981.10000000,75782.75000000,75802.00000000,321.53858000
2026-04-21 07:00:00,75802.00000000,76129.95000000,75703.85000000,75974.11000000,408.87339000
2026-04-21 08:00:00,75974.12000000,76300.00000000,75814.26000000,76084.34000000,1236.72448000
2026-04-21 09:00:00,76084.34000000,76927.57000000,76063.98000000,76507.21000000,915.23783000
2026-04-21 10:00:00,76507.21000000,76587.82000000,76155.00000000,76362.77000000,582.67237000
2026-04-21 11:00:00,76362.78000000,76866.55000000,76349.59000000,76746.41000000,536.34243000
2026-04-21 12:00:00,76746.41000000,76750.68000000,76342.00000000,76452.94000000,624.94284000
2026-04-21 13:00:00,76452.94000000,76528.11000000,75709.03000000,76009.46000000,1039.78515000
2026-04-21 14:00:00,76009.46000000,76179.75000000,75736.33000000,75899.98000000,686.08493000
2026-04-21 15:00:00,75899.98000000,76595.30000000,75625.28000000,75675.05000000,949.21411000
2026-04-21 16:00:00,75675.04000000,75979.78000000,75430.62000000,75834.65000000,923.86151000
2026-04-21 17:00:00,75834.66000000,76190.72000000,75760.00000000,75781.18000000,496.33064000
2026-04-21 18:00:00,75781.19000000,75912.98000000,75052.64000000,75545.62000000,995.08460000
2026-04-21 19:00:00,75545.62000000,75668.24000000,75310.88000000,75610.21000000,456.47055000
2026-04-21 20:00:00,75610.21000000,75919.50000000,74821.57000000,75023.43000000,954.26760000
2026-04-21 21:00:00,75023.43000000,75859.56000000,74967.58000000,75698.51000000,797.25703000
2026-04-21 22:00:00,75698.51000000,75777.38000000,75431.62000000,75549.99000000,249.37655000
2026-04-21 23:00:00,75549.99000000,75650.04000000,75302.01000000,75650.04000000,389.29388000
2026-04-22 00:00:00,75650.03000000,76425.37000000,75622.00000000,76336.15000000,477.13097000
2026-04-22 01:00:00,76336.14000000,76500.00000000,76220.40000000,76370.45000000,496.92701000
2026-04-22 02:00:00,76370.46000000,76416.24000000,76132.95000000,76297.99000000,351.48706000
2026-04-22 03:00:00,76297.99000000,77645.35000000,76223.90000000,77604.71000000,1622.85639000
2026-04-22 04:00:00,77604.70000000,77733.11000000,77397.88000000,77521.48000000,956.65280000
2026-04-22 05:00:00,77521.47000000,77700.00000000,77364.25000000,77523.00000000,547.15780000
2026-04-22 06:00:00,77523.01000000,78452.18000000,77450.00000000,77994.93000000,2386.48879000
2026-04-22 07:00:00,77994.92000000,78042.84000000,77900.00000000,78010.72000000,576.88586000
2026-04-22 08:00:00,78010.73000000,78111.00000000,77825.00000000,78012.79000000,880.52640000
2026-04-22 09:00:00,78012.78000000,78219.41000000,77941.59000000,78010.92000000,987.44812000
2026-04-22 10:00:00,78010.92000000,78184.70000000,77956.76000000,78001.95000000,415.39605000
2026-04-22 11:00:00,78001.96000000,78180.00000000,77951.17000000,78157.41000000,352.72131000
2026-04-22 12:00:00,78157.41000000,78399.00000000,78102.00000000,78300.00000000,560.88264000
2026-04-22 13:00:00,78300.00000000,78508.18000000,78114.04000000,78236.05000000,952.94008000
2026-04-22 14:00:00,78236.05000000,78850.00000000,78162.64000000,78840.94000000,1253.18724000
2026-04-22 15:00:00,78840.94000000,79174.68000000,78577.86000000,79045.75000000,1847.69509000
2026-04-22 16:00:00,79045.75000000,79400.00000000,78837.66000000,79272.90000000,1412.00400000
2026-04-22 17:00:00,79272.91000000,79472.82000000,78632.37000000,78743.59000000,1010.97362000
2026-04-22 18:00:00,78743.60000000,79034.73000000,78705.71000000,78900.00000000,502.31388000
2026-04-22 19:00:00,78900.01000000,79163.66000000,78828.76000000,79022.39000000,322.94022000
2026-04-22 20:00:00,79022.40000000,79067.60000000,78706.81000000,78846.62000000,557.30668000
2026-04-22 21:00:00,78846.62000000,78915.84000000,78410.00000000,78436.68000000,436.66543000
2026-04-22 22:00:00,78436.69000000,78821.86000000,78425.00000000,78762.69000000,299.34545000
2026-04-22 23:00:00,78762.68000000,78824.00000000,78456.15000000,78607.95000000,294.64140000
2026-04-23 00:00:00,78607.95000000,78607.95000000,78155.83000000,78178.23000000,712.06893000
2026-04-23 01:00:00,78178.22000000,78574.44000000,77582.17000000,78424.29000000,1778.58027000
2026-04-23 02:00:00,78424.30000000,78472.95000000,78057.50000000,78359.23000000,586.86850000
2026-04-23 03:00:00,78359.71000000,78359.72000000,77761.20000000,77939.92000000,508.32327000
2026-04-23 04:00:00,77939.91000000,78025.99000000,77453.43000000,77746.46000000,609.20360000
2026-04-23 05:00:00,77746.47000000,77949.09000000,77675.80000000,77920.09000000,305.04990000
2026-04-23 06:00:00,77920.09000000,78110.01000000,77750.00000000,78033.87000000,680.89298000
2026-04-23 07:00:00,78034.00000000,78339.35000000,78034.00000000,78211.43000000,433.12959000
2026-04-23 08:00:00,78211.43000000,78248.39000000,77981.88000000,78048.62000000,292.35484000
2026-04-23 09:00:00,78048.61000000,78175.52000000,77714.86000000,77858.35000000,1135.26875000
2026-04-23 10:00:00,77858.34000000,77860.80000000,77440.85000000,77655.34000000,772.05261000
2026-04-23 11:00:00,77655.35000000,77709.16000000,77174.01000000,77403.63000000,1129.48909000
2026-04-23 12:00:00,77403.63000000,77757.31000000,77365.57000000,77704.62000000,525.42671000
2026-04-23 13:00:00,77704.61000000,77870.54000000,77491.18000000,77870.53000000,636.21566000
2026-04-23 14:00:00,77870.54000000,77904.37000000,77379.92000000,77532.23000000,592.70115000
2026-04-23 15:00:00,77532.23000000,78201.53000000,77414.00000000,78180.77000000,926.52082000
2026-04-23 16:00:00,78180.78000000,78662.50000000,77983.25000000,78376.76000000,1008.45262000
2026-04-23 17:00:00,78376.77000000,78509.82000000,78030.00000000,78103.72000000,661.93618000
2026-04-23 18:00:00,78103.72000000,78184.85000000,76960.00000000,77769.21000000,1724.53866000
2026-04-23 19:00:00,77769.20000000,78146.75000000,77678.65000000,77678.65000000,731.06838000
2026-04-23 20:00:00,77678.65000000,77886.88000000,77592.92000000,77727.26000000,830.20485000
2026-04-23 21:00:00,77727.25000000,78050.00000000,77637.50000000,77886.97000000,391.74493000
2026-04-23 22:00:00,77886.97000000,78070.00000000,77800.00000000,77864.83000000,211.37751000
2026-04-23 23:00:00,77864.84000000,78331.00000000,77864.83000000,78235.30000000,271.33020000
2026-04-24 00:00:00,78235.29000000,78298.01000000,78030.00000000,78257.48000000,228.06394000
2026-04-24 01:00:00,78257.48000000,78490.83000000,78172.01000000,78417.22000000,451.37457000
2026-04-24 02:00:00,78417.22000000,78450.00000000,77952.16000000,78429.73000000,533.84795000
2026-04-24 03:00:00,78429.73000000,78581.93000000,78067.17000000,78125.65000000,425.56297000
2026-04-24 04:00:00,78125.65000000,78178.40000000,77555.00000000,77737.85000000,639.95986000
2026-04-24 05:00:00,77737.84000000,77854.57000000,77482.49000000,77670.00000000,605.14416000
2026-04-24 06:00:00,77670.01000000,78057.65000000,77457.00000000,77953.48000000,423.67180000
2026-04-24 07:00:00,77953.48000000,77979.54000000,77761.20000000,77789.75000000,280.75336000
2026-04-24 08:00:00,77789.75000000,77855.67000000,77543.52000000,77644.60000000,696.90666000
2026-04-24 09:00:00,77644.59000000,78000.00000000,77550.73000000,77785.71000000,731.67499000
2026-04-24 10:00:00,77785.70000000,77804.23000000,77402.01000000,77527.69000000,621.09775000
2026-04-24 11:00:00,77527.70000000,77784.00000000,77444.95000000,77752.36000000,379.99202000
2026-04-24 12:00:00,77752.37000000,78372.58000000,77752.37000000,78240.26000000,1186.36064000
2026-04-24 13:00:00,78240.27000000,78345.15000000,78016.51000000,78275.66000000,579.40035000
2026-04-24 14:00:00,78275.65000000,78479.37000000,77913.27000000,78093.79000000,852.96848000
2026-04-24 15:00:00,78093.80000000,78093.80000000,77681.74000000,78037.64000000,755.72516000
2026-04-24 16:00:00,78037.65000000,78233.18000000,77577.22000000,78038.62000000,662.02033000
2026-04-24 17:00:00,78038.63000000,78060.29000000,77586.86000000,77777.28000000,525.06319000
2026-04-24 18:00:00,77776.76000000,77829.17000000,77489.60000000,77681.71000000,537.36482000
2026-04-24 19:00:00,77681.72000000,77717.08000000,77363.63000000,77618.24000000,321.31558000
2026-04-24 20:00:00,77618.25000000,77748.66000000,77532.46000000,77628.85000000,250.57895000
2026-04-24 21:00:00,77628.84000000,77757.14000000,77458.00000000,77718.31000000,376.29595000
2026-04-24 22:00:00,77718.31000000,77756.15000000,77536.48000000,77536.48000000,322.69633000
2026-04-24 23:00:00,77536.49000000,77616.78000000,77264.08000000,77328.91000000,278.27896000
2026-04-25 00:00:00,77328.92000000,77456.87000000,77328.92000000,77437.13000000,237.08832000
2026-04-25 01:00:00,77437.13000000,77502.99000000,77309.92000000,77456.88000000,429.63681000
2026-04-25 02:00:00,77456.88000000,77620.52000000,77440.80000000,77541.63000000,200.07888000
2026-04-25 03:00:00,77541.63000000,77644.04000000,77504.43000000,77607.80000000,171.07030000
2026-04-25 04:00:00,77607.80000000,77711.87000000,77550.27000000,77679.07000000,142.22205000
2026-04-25 05:00:00,77679.08000000,77691.23000000,77596.37000000,77619.05000000,275.21191000
2026-04-25 06:00:00,77619.05000000,77619.05000000,77485.51000000,77510.28000000,174.55862000
2026-04-25 07:00:00,77510.27000000,77582.28000000,77489.35000000,77503.63000000,269.54814000
2026-04-25 08:00:00,77503.63000000,77566.26000000,77450.00000000,77501.19000000,174.69907000
2026-04-25 09:00:00,77501.19000000,77654.41000000,77491.36000000,77643.37000000,116.50084000
2026-04-25 10:00:00,77643.38000000,77779.65000000,77587.10000000,77714.55000000,144.65626000
2026-04-25 11:00:00,77714.56000000,77885.35000000,77714.55000000,77787.77000000,306.44644000
2026-04-25 12:00:00,77787.76000000,77787.77000000,77607.03000000,77682.30000000,185.59351000
2026-04-25 13:00:00,77682.29000000,77717.95000000,77550.61000000,77557.14000000,161.82067000
2026-04-25 14:00:00,77557.14000000,77710.91000000,77557.14000000,77691.69000000,161.65796000
2026-04-25 15:00:00,77691.70000000,77752.54000000,77638.00000000,77656.75000000,202.75966000
2026-04-25 16:00:00,77656.74000000,77722.70000000,77299.89000000,77330.26000000,480.35839000
2026-04-25 17:00:00,77330.25000000,77454.31000000,77140.23000000,77397.27000000,471.60364000
2026-04-25 18:00:00,77397.27000000,77407.03000000,77210.96000000,77245.77000000,151.09691000
2026-04-25 19:00:00,77245.78000000,77389.01000000,77216.29000000,77313.00000000,331.13304000
2026-04-25 20:00:00,77313.00000000,77343.81000000,77193.79000000,77330.01000000,293.84127000
2026-04-25 21:00:00,77330.00000000,77481.70000000,77311.05000000,77479.13000000,85.63447000
2026-04-25 22:00:00,77479.14000000,77530.00000000,77415.20000000,77525.84000000,150.55151000
2026-04-25 23:00:00,77525.83000000,77634.77000000,77498.81000000,77557.01000000,242.12513000
2026-04-26 00:00:00,77557.01000000,77650.00000000,77530.00000000,77625.00000000,362.30872000
2026-04-26 01:00:00,77625.00000000,77642.43000000,77445.94000000,77502.40000000,307.91239000
2026-04-26 02:00:00,77502.39000000,77572.81000000,77451.16000000,77461.16000000,130.56583000
2026-04-26 03:00:00,77461.16000000,77590.97000000,77452.07000000,77512.67000000,85.92459000
2026-04-26 04:00:00,77512.67000000,77541.96000000,77326.51000000,77400.21000000,146.77411000
2026-04-26 05:00:00,77400.21000000,77814.43000000,77383.46000000,77774.29000000,227.07196000
2026-04-26 06:00:00,77774.29000000,78200.00000000,77719.77000000,77983.31000000,797.06637000
2026-04-26 07:00:00,77983.31000000,78045.00000000,77899.45000000,77999.04000000,206.01822000
2026-04-26 08:00:00,77999.04000000,78121.45000000,77968.36000000,78102.53000000,175.61130000
2026-04-26 09:00:00,78102.53000000,78210.00000000,78019.65000000,78032.59000000,265.96473000
2026-04-26 10:00:00,78032.59000000,78058.45000000,77926.59000000,77999.99000000,168.80014000
2026-04-26 11:00:00,78000.00000000,78050.19000000,77954.00000000,78002.43000000,153.34740000
2026-04-26 12:00:00,78002.43000000,78149.99000000,78002.42000000,78101.44000000,133.58626000
2026-04-26 13:00:00,78101.43000000,78101.50000000,77770.00000000,77833.08000000,296.93614000
2026-04-26 14:00:00,77833.08000000,77996.69000000,77797.13000000,77977.79000000,254.46962000
2026-04-26 15:00:00,77977.79000000,78173.15000000,77871.85000000,78095.66000000,401.66239000
2026-04-26 16:00:00,78095.65000000,78121.92000000,77988.89000000,78049.00000000,177.47420000
2026-04-26 17:00:00,78049.00000000,78086.47000000,77919.42000000,77919.43000000,198.96678000
2026-04-26 18:00:00,77919.43000000,78050.00000000,77850.00000000,78018.57000000,373.25532000
2026-04-26 19:00:00,78018.57000000,78346.89000000,77988.11000000,78283.96000000,421.27794000
2026-04-26 20:00:00,78283.97000000,78500.00000000,78013.76000000,78221.16000000,511.56000000
2026-04-26 21:00:00,78221.17000000,78377.77000000,78158.04000000,78194.22000000,172.13709000
2026-04-26 22:00:00,78194.21000000,78961.00000000,77843.75000000,78417.41000000,977.34524000
2026-04-26 23:00:00,78417.41000000,78850.30000000,77953.26000000,78313.52000000,710.63176000
2026-04-27 00:00:00,78313.52000000,78901.63000000,78041.05000000,78657.55000000,669.20184000
2026-04-27 01:00:00,78657.55000000,79392.40000000,78400.03000000,79308.60000000,1271.22649000
2026-04-27 02:00:00,79309.00000000,79485.66000000,78730.71000000,79283.66000000,993.09217000
2026-04-27 03:00:00,79283.65000000,79304.00000000,79030.91000000,79130.01000000,381.22923000
2026-04-27 04:00:00,79130.01000000,79316.50000000,79077.81000000,79105.49000000,397.44839000
2026-04-27 05:00:00,79105.50000000,79160.00000000,78872.42000000,78924.22000000,417.67922000
2026-04-27 06:00:00,78924.21000000,78938.00000000,77562.63000000,77785.54000000,1805.78745000
2026-04-27 07:00:00,77785.55000000,77871.90000000,77465.05000000,77700.12000000,641.73182000
2026-04-27 08:00:00,77700.12000000,77734.79000000,77562.08000000,77606.60000000,743.19766000
2026-04-27 09:00:00,77606.59000000,77816.18000000,77553.23000000,77804.34000000,465.54163000
2026-04-27 10:00:00,77804.34000000,77980.00000000,77700.00000000,77900.01000000,578.50773000
2026-04-27 11:00:00,77900.01000000,77935.66000000,77792.46000000,77850.01000000,311.10764000
2026-04-27 12:00:00,77850.01000000,77885.46000000,77740.39000000,77844.26000000,252.77882000
2026-04-27 13:00:00,77844.25000000,77867.33000000,77620.00000000,77667.36000000,415.46743000
2026-04-27 14:00:00,77667.36000000,77966.80000000,77571.79000000,77746.74000000,762.71670000
2026-04-27 15:00:00,77746.74000000,78265.34000000,77680.00000000,77815.25000000,744.42829000
2026-04-27 16:00:00,77815.26000000,77827.17000000,76564.33000000,76793.09000000,1882.17067000
2026-04-27 17:00:00,76793.10000000,76868.01000000,76546.00000000,76618.59000000,809.46498000
2026-04-27 18:00:00,76618.59000000,76990.43000000,76618.59000000,76743.24000000,874.80558000
2026-04-27 19:00:00,76743.23000000,76890.99000000,76668.52000000,76834.06000000,361.97331000
2026-04-27 20:00:00,76834.05000000,76894.70000000,76459.64000000,76878.07000000,598.68003000
2026-04-27 21:00:00,76878.23000000,77067.80000000,76844.16000000,76960.43000000,310.80766000
2026-04-27 22:00:00,76960.43000000,76981.53000000,76786.80000000,76786.81000000,223.94467000
2026-04-27 23:00:00,76786.81000000,77082.78000000,76763.71000000,77066.42000000,364.86359000
2026-04-28 00:00:00,77066.42000000,77450.00000000,77018.56000000,77371.32000000,438.27302000
2026-04-28 01:00:00,77371.32000000,77478.00000000,77210.92000000,77379.62000000,327.26244000
2026-04-28 02:00:00,77379.62000000,77394.10000000,77038.10000000,77084.68000000,404.77602000
2026-04-28 03:00:00,77084.69000000,77227.03000000,76672.56000000,76890.93000000,437.75480000
2026-04-28 04:00:00,76890.92000000,76890.92000000,76672.00000000,76815.18000000,278.47081000
2026-04-28 05:00:00,76815.18000000,76950.00000000,76701.35000000,76888.08000000,274.86374000
2026-04-28 06:00:00,76888.08000000,77154.00000000,76811.01000000,76885.98000000,510.80129000
2026-04-28 07:00:00,76885.97000000,77027.91000000,76588.00000000,76720.00000000,465.05641000
2026-04-28 08:00:00,76720.01000000,76922.22000000,76424.90000000,76879.28000000,1631.99051000
2026-04-28 09:00:00,76879.28000000,77013.63000000,76741.12000000,76858.59000000,1043.07562000
2026-04-28 10:00:00,76858.59000000,76863.54000000,76495.91000000,76598.00000000,361.69239000
2026-04-28 11:00:00,76597.99000000,76692.19000000,76484.70000000,76618.35000000,418.24563000
2026-04-28 12:00:00,76618.35000000,76649.86000000,76130.10000000,76229.00000000,1019.71842000
2026-04-28 13:00:00,76228.99000000,76421.94000000,76168.84000000,76372.05000000,652.01316000
2026-04-28 14:00:00,76372.04000000,76411.72000000,75924.98000000,76189.84000000,1288.52500000
2026-04-28 15:00:00,76189.85000000,76199.99000000,75666.60000000,75949.99000000,1264.27580000
2026-04-28 16:00:00,75950.00000000,76085.42000000,75836.88000000,76066.38000000,571.95819000
2026-04-28 17:00:00,76066.37000000,76218.06000000,75881.28000000,76125.04000000,447.54534000
2026-04-28 18:00:00,76125.04000000,76262.63000000,75959.05000000,76187.30000000,337.12149000
2026-04-28 19:00:00,76187.30000000,76280.91000000,76137.86000000,76242.18000000,337.48355000
2026-04-28 20:00:00,76242.17000000,76380.83000000,76066.35000000,76330.97000000,259.65416000
2026-04-28 21:00:00,76330.97000000,76480.00000000,76323.71000000,76463.95000000,259.71578000
2026-04-28 22:00:00,76463.95000000,76481.30000000,76267.61000000,76357.15000000,281.17357000
2026-04-28 23:00:00,76357.15000000,76446.26000000,76218.00000000,76242.17000000,157.60986000
2026-04-29 00:00:00,76242.17000000,76370.00000000,76197.02000000,76342.77000000,179.93985000
2026-04-29 01:00:00,76342.78000000,76557.97000000,76276.00000000,76512.00000000,636.88517000
2026-04-29 02:00:00,76511.99000000,76668.02000000,76187.75000000,76571.00000000,371.48818000
2026-04-29 03:00:00,76571.00000000,76666.82000000,76402.72000000,76531.29000000,315.29662000
2026-04-29 04:00:00,76531.29000000,77127.62000000,76519.94000000,76994.78000000,568.25927000
2026-04-29 05:00:00,76994.77000000,77455.71000000,76880.00000000,77269.76000000,655.24397000
2026-04-29 06:00:00,77269.76000000,77329.31000000,77198.07000000,77288.38000000,412.95649000
2026-04-29 07:00:00,77288.39000000,77337.57000000,76907.07000000,77031.06000000,974.38933000
2026-04-29 08:00:00,77031.07000000,77182.91000000,77031.06000000,77053.64000000,931.98531000
2026-04-29 09:00:00,77053.65000000,77148.79000000,76972.32000000,77046.32000000,539.09721000
2026-04-29 10:00:00,77046.31000000,77800.00000000,76972.32000000,77642.00000000,835.54071000
2026-04-29 11:00:00,77642.00000000,77904.93000000,77559.19000000,77619.61000000,790.81622000
2026-04-29 12:00:00,77619.62000000,77694.61000000,77485.81000000,77590.03000000,531.75140000
2026-04-29 13:00:00,77590.04000000,77596.39000000,76850.00000000,77143.68000000,1776.35149000
2026-04-29 14:00:00,77143.68000000,77240.00000000,76425.62000000,76783.43000000,1000.69490000
2026-04-29 15:00:00,76783.42000000,76927.69000000,76489.99000000,76570.00000000,1353.72071000
2026-04-29 16:00:00,76570.00000000,76634.61000000,75705.32000000,75924.25000000,1132.75734000
2026-04-29 17:00:00,75924.24000000,76125.47000000,75696.13000000,75803.54000000,1021.10079000
2026-04-29 18:00:00,75803.55000000,76184.01000000,75803.55000000,76184.01000000,549.93434000
2026-04-29 19:00:00,76184.00000000,76274.80000000,74937.52000000,75513.91000000,1926.88309000
2026-04-29 20:00:00,75513.92000000,75591.83000000,75302.31000000,75563.86000000,464.57540000
2026-04-29 21:00:00,75563.87000000,75857.32000000,75497.43000000,75676.79000000,575.31173000
2026-04-29 22:00:00,75676.79000000,76088.90000000,75607.70000000,75933.93000000,363.06477000
2026-04-29 23:00:00,75933.94000000,76004.14000000,75818.14000000,75927.38000000,272.33397000
2026-04-30 00:00:00,75927.38000000,75990.06000000,75692.33000000,75780.00000000,279.49181000
2026-04-30 01:00:00,75780.00000000,76344.61000000,75656.03000000,76248.74000000,562.71461000
2026-04-30 02:00:00,76248.76000000,76473.26000000,76178.73000000,76232.80000000,331.53653000
2026-04-30 03:00:00,76232.81000000,76351.04000000,75494.70000000,75704.74000000,537.06765000
2026-04-30 04:00:00,75704.74000000,75994.26000000,75659.85000000,75928.10000000,182.12647000
2026-04-30 05:00:00,75928.09000000,75963.92000000,75414.57000000,75497.00000000,426.96926000
2026-04-30 06:00:00,75497.01000000,75750.00000000,75323.65000000,75600.09000000,491.70915000
2026-04-30 07:00:00,75600.09000000,75867.90000000,75569.99000000,75753.53000000,372.15072000
2026-04-30 08:00:00,75753.54000000,76179.91000000,75718.50000000,76161.67000000,516.75183000
2026-04-30 09:00:00,76161.67000000,76208.92000000,76019.57000000,76058.17000000,350.94571000
2026-04-30 10:00:00,76058.17000000,76339.38000000,76012.60000000,76097.19000000,445.01057000
2026-04-30 11:00:00,76097.19000000,76163.52000000,75974.93000000,76028.66000000,365.18719000
2026-04-30 12:00:00,76028.66000000,76244.36000000,75876.29000000,76059.43000000,550.88667000
2026-04-30 13:00:00,76059.42000000,76511.22000000,76042.75000000,76308.48000000,1520.57994000
2026-04-30 14:00:00,76308.48000000,76669.14000000,76116.20000000,76420.44000000,927.16622000
2026-04-30 15:00:00,76420.45000000,76597.51000000,76093.81000000,76301.24000000,683.75312000
2026-04-30 16:00:00,76301.25000000,76653.60000000,76163.16000000,76473.60000000,374.70038000
2026-04-30 17:00:00,76473.60000000,76484.60000000,76228.27000000,76261.03000000,165.45041000
2026-04-30 18:00:00,76261.04000000,76328.71000000,76111.00000000,76250.01000000,273.82279000
2026-04-30 19:00:00,76250.00000000,76468.84000000,76204.40000000,76350.00000000,184.15567000
2026-04-30 20:00:00,76350.00000000,76514.80000000,76308.33000000,76412.80000000,307.53776000
2026-04-30 21:00:00,76412.80000000,76568.90000000,76318.31000000,76492.46000000,287.06721000
2026-04-30 22:00:00,76492.45000000,76535.42000000,76240.78000000,76241.78000000,183.08169000
2026-04-30 23:00:00,76241.77000000,76449.16000000,76206.02000000,76237.06000000,158.56535000
2026-05-01 00:00:00,76237.07000000,76380.20000000,76217.96000000,76346.57000000,182.87917000
2026-05-01 01:00:00,76346.58000000,76591.00000000,76320.42000000,76458.05000000,502.88844000
2026-05-01 02:00:00,76458.06000000,76776.21000000,76449.50000000,76686.13000000,486.84554000
2026-05-01 03:00:00,76686.12000000,76744.60000000,76533.74000000,76592.54000000,204.45438000
2026-05-01 04:00:00,76592.54000000,77453.74000000,76555.06000000,77131.08000000,1056.19913000
2026-05-01 05:00:00,77131.08000000,77206.38000000,76653.60000000,77042.44000000,995.75921000
2026-05-01 06:00:00,77042.44000000,77184.96000000,77033.91000000,77165.98000000,283.75111000
2026-05-01 07:00:00,77165.99000000,77179.53000000,76882.00000000,76993.48000000,439.15205000
2026-05-01 08:00:00,76993.49000000,77140.36000000,76957.04000000,77130.54000000,633.73250000
2026-05-01 09:00:00,77130.54000000,77500.00000000,77048.00000000,77377.47000000,697.73561000
2026-05-01 10:00:00,77377.48000000,77391.99000000,77200.15000000,77268.55000000,355.16559000
2026-05-01 11:00:00,77268.56000000,77433.72000000,77146.48000000,77304.34000000,330.99244000
2026-05-01 12:00:00,77303.80000000,77600.00000000,77263.66000000,77463.98000000,584.37960000
2026-05-01 13:00:00,77463.98000000,78170.20000000,77408.73000000,77896.01000000,1392.97654000
2026-05-01 14:00:00,77896.01000000,78914.12000000,77896.00000000,78737.25000000,2354.33999000
2026-05-01 15:00:00,78737.26000000,78871.80000000,78051.86000000,78358.75000000,1970.70152000
2026-05-01 16:00:00,78358.74000000,78735.92000000,78176.06000000,78445.89000000,1013.17746000
2026-05-01 17:00:00,78445.88000000,78683.23000000,78167.53000000,78214.36000000,704.68666000
2026-05-01 18:00:00,78214.36000000,78584.61000000,78131.02000000,78552.94000000,489.31938000
2026-05-01 19:00:00,78552.93000000,78623.37000000,78375.53000000,78423.90000000,487.76487000
2026-05-01 20:00:00,78423.91000000,78540.00000000,78313.16000000,78360.00000000,512.65483000
2026-05-01 21:00:00,78360.01000000,78422.81000000,77752.00000000,77880.18000000,827.52759000
2026-05-01 22:00:00,77880.18000000,78200.00000000,77857.97000000,78199.99000000,485.72824000
2026-05-01 23:00:00,78200.00000000,78411.13000000,78144.70000000,78153.38000000,331.97786000
2026-05-02 00:00:00,78153.37000000,78249.60000000,78043.28000000,78231.13000000,173.55448000
2026-05-02 01:00:00,78231.13000000,78393.39000000,78166.48000000,78341.75000000,211.29374000
2026-05-02 02:00:00,78341.75000000,78441.31000000,78294.19000000,78355.00000000,400.98852000
2026-05-02 03:00:00,78355.00000000,78513.70000000,78260.95000000,78353.93000000,283.69022000
2026-05-02 04:00:00,78353.93000000,78514.82000000,78237.25000000,78400.00000000,300.16391000
2026-05-02 05:00:00,78399.99000000,78448.99000000,78123.53000000,78175.50000000,411.85061000
2026-05-02 06:00:00,78175.50000000,78235.25000000,78040.00000000,78174.00000000,526.60294000
2026-05-02 07:00:00,78174.00000000,78363.21000000,78148.24000000,78327.80000000,366.56450000
2026-05-02 08:00:00,78327.80000000,78342.18000000,78207.20000000,78220.00000000,170.02066000
2026-05-02 09:00:00,78220.00000000,78356.51000000,78165.30000000,78315.37000000,204.83037000
2026-05-02 10:00:00,78315.36000000,78394.00000000,78220.00000000,78293.57000000,257.64077000
2026-05-02 11:00:00,78293.57000000,78311.97000000,78225.22000000,78249.30000000,136.41815000
2026-05-02 12:00:00,78249.31000000,78249.31000000,78094.43000000,78143.08000000,269.24301000
2026-05-02 13:00:00,78143.09000000,78262.37000000,78108.41000000,78211.24000000,182.77682000
2026-05-02 14:00:00,78211.24000000,78423.85000000,78211.24000000,78367.06000000,227.00487000
2026-05-02 15:00:00,78367.06000000,78484.42000000,78309.84000000,78423.98000000,190.15931000
2026-05-02 16:00:00,78423.98000000,78487.68000000,78365.96000000,78487.67000000,126.14054000
2026-05-02 17:00:00,78487.67000000,78596.61000000,78430.07000000,78455.02000000,194.42514000
2026-05-02 18:00:00,78455.02000000,78485.53000000,78368.24000000,78398.02000000,213.39843000
2026-05-02 19:00:00,78398.03000000,78493.31000000,78310.54000000,78466.62000000,118.15969000
2026-05-02 20:00:00,78466.63000000,78521.68000000,78440.11000000,78486.00000000,182.05466000
2026-05-02 21:00:00,78486.23000000,78491.26000000,78418.32000000,78451.38000000,61.92886000
2026-05-02 22:00:00,78451.37000000,79199.48000000,78439.51000000,78719.78000000,734.53837000
2026-05-02 23:00:00,78719.78000000,78872.39000000,78610.46000000,78832.98000000,266.49012000
2026-05-03 00:00:00,78832.98000000,78832.98000000,78631.90000000,78686.85000000,114.49221000
2026-05-03 01:00:00,78686.84000000,78754.55000000,78490.61000000,78542.32000000,233.96416000
2026-05-03 02:00:00,78542.33000000,78542.33000000,78152.25000000,78240.83000000,391.01401000
2026-05-03 03:00:00,78240.84000000,78309.09000000,78108.75000000,78171.85000000,222.42918000
2026-05-03 04:00:00,78171.86000000,78217.59000000,78109.94000000,78203.08000000,200.35590000
2026-05-03 05:00:00,78203.07000000,78236.45000000,78120.00000000,78163.19000000,89.71363000
2026-05-03 06:00:00,78163.19000000,78260.75000000,78163.17000000,78249.42000000,98.09285000
2026-05-03 07:00:00,78249.41000000,78337.26000000,78084.08000000,78288.30000000,306.94233000
2026-05-03 08:00:00,78288.30000000,78483.67000000,78288.29000000,78363.25000000,299.42086000
2026-05-03 09:00:00,78363.24000000,78505.92000000,78363.24000000,78387.86000000,102.01693000
2026-05-03 10:00:00,78387.87000000,78604.67000000,78354.53000000,78529.57000000,293.13210000
2026-05-03 11:00:00,78529.57000000,78534.40000000,78406.97000000,78408.01000000,140.79481000
2026-05-03 12:00:00,78408.01000000,78849.22000000,78380.00000000,78656.01000000,412.83130000
2026-05-03 13:00:00,78656.01000000,78878.77000000,78656.00000000,78747.09000000,294.28187000
2026-05-03 14:00:00,78747.09000000,78769.63000000,78586.99000000,78670.01000000,196.40341000
2026-05-03 15:00:00,78670.01000000,78786.57000000,78608.70000000,78741.00000000,409.96615000
2026-05-03 16:00:00,78741.00000000,78815.19000000,78633.40000000,78668.36000000,237.20487000
2026-05-03 17:00:00,78668.36000000,78784.56000000,78600.00000000,78654.00000000,167.53902000
2026-05-03 18:00:00,78654.01000000,78822.83000000,78558.65000000,78725.76000000,357.92550000
2026-05-03 19:00:00,78725.76000000,78763.57000000,78631.61000000,78739.67000000,138.18974000
2026-05-03 20:00:00,78739.68000000,78853.32000000,78676.67000000,78760.32000000,252.60944000
2026-05-03 21:00:00,78760.32000000,79268.00000000,78732.04000000,78915.99000000,645.79790000
2026-05-03 22:00:00,78915.99000000,79056.59000000,78650.00000000,78831.59000000,357.48617000
2026-05-03 23:00:00,78831.60000000,79447.00000000,78831.60000000,79177.29000000,934.95879000
2026-05-04 00:00:00,79177.29000000,79287.82000000,78484.42000000,78568.57000000,642.72198000
2026-05-04 01:00:00,78568.58000000,78572.57000000,78288.88000000,78547.14000000,434.86007000
2026-05-04 02:00:00,78547.15000000,79848.84000000,78412.49000000,79769.43000000,1366.42153000
2026-05-04 03:00:00,79769.43000000,80420.90000000,79540.05000000,80173.30000000,2278.14954000
2026-05-04 04:00:00,80173.30000000,80458.00000000,79926.90000000,80316.31000000,1012.18218000
2026-05-04 05:00:00,80316.30000000,80635.51000000,80233.04000000,80332.06000000,1362.02834000
2026-05-04 06:00:00,80332.06000000,80395.96000000,79956.25000000,80027.26000000,746.81318000
2026-05-04 07:00:00,80027.26000000,80048.64000000,79500.00000000,79877.90000000,1103.73906000
2026-05-04 08:00:00,79877.91000000,79946.33000000,79672.00000000,79696.75000000,419.83178000
2026-05-04 09:00:00,79696.75000000,79800.00000000,79602.32000000,79708.30000000,435.36516000
2026-05-04 10:00:00,79708.30000000,79930.00000000,79647.87000000,79838.48000000,473.40316000
2026-05-04 11:00:00,79838.49000000,79880.00000000,78202.00000000,78940.26000000,4380.72428000
2026-05-04 12:00:00,78940.27000000,79124.83000000,78708.87000000,78793.67000000,699.54546000
2026-05-04 13:00:00,78793.67000000,79020.00000000,78718.55000000,78857.18000000,426.01688000
2026-05-04 14:00:00,78857.18000000,79124.83000000,78581.74000000,78790.00000000,725.07004000
2026-05-04 15:00:00,78790.01000000,80545.17000000,78500.00000000,80216.16000000,2308.42012000
2026-05-04 16:00:00,80216.15000000,80367.93000000,79320.28000000,80028.85000000,2458.63305000
2026-05-04 17:00:00,80028.85000000,80395.68000000,79619.33000000,80025.03000000,1492.78417000
2026-05-04 18:00:00,80025.03000000,80776.99000000,80021.50000000,80390.81000000,1080.11249000
2026-05-04 19:00:00,80390.80000000,80439.18000000,80035.32000000,80114.91000000,663.99913000
2026-05-04 20:00:00,80114.91000000,80138.00000000,79900.00000000,80053.31000000,505.59924000
2026-05-04 21:00:00,80053.31000000,80154.12000000,79901.00000000,79936.70000000,459.51864000
2026-05-04 22:00:00,79936.70000000,80383.15000000,79936.70000000,80259.17000000,343.30642000
2026-05-04 23:00:00,80259.18000000,80397.19000000,80042.84000000,80067.23000000,272.35375000
2026-05-05 00:00:00,80067.22000000,80067.22000000,79744.91000000,79861.01000000,594.08368000
2026-05-05 01:00:00,79861.01000000,80183.33000000,79808.72000000,80170.66000000,425.73287000
2026-05-05 02:00:00,80170.66000000,80385.06000000,80080.76000000,80352.00000000,530.02962000
2026-05-05 03:00:00,80351.99000000,80900.00000000,80300.00000000,80554.68000000,768.44478000
2026-05-05 04:00:00,80554.69000000,81083.98000000,80457.93000000,80893.08000000,677.93372000
2026-05-05 05:00:00,80893.08000000,80982.59000000,80725.00000000,80902.44000000,528.94138000
2026-05-05 06:00:00,80902.44000000,81323.52000000,80830.06000000,80970.00000000,1011.38606000
2026-05-05 07:00:00,80969.99000000,81016.42000000,80800.00000000,80976.00000000,389.83367000
2026-05-05 08:00:00,80976.00000000,81136.59000000,80826.00000000,80855.59000000,1044.43230000
2026-05-05 09:00:00,80855.59000000,80895.50000000,80723.20000000,80815.24000000,474.45790000
2026-05-05 10:00:00,80815.24000000,80815.24000000,80527.76000000,80586.02000000,865.34761000
2026-05-05 11:00:00,80586.02000000,80831.87000000,80530.82000000,80823.61000000,521.10422000
2026-05-05 12:00:00,80823.61000000,81095.48000000,80780.00000000,81014.05000000,623.66253000
2026-05-05 13:00:00,81014.05000000,81329.61000000,80932.54000000,81279.41000000,607.82057000
2026-05-05 14:00:00,81279.40000000,81712.32000000,81196.00000000,81330.00000000,1771.41690000
2026-05-05 15:00:00,81330.00000000,81500.00000000,80939.87000000,81336.59000000,1282.91373000
2026-05-05 16:00:00,81336.59000000,81689.20000000,81235.00000000,81525.19000000,899.04049000
2026-05-05 17:00:00,81525.19000000,81615.33000000,81050.04000000,81285.75000000,707.45267000
2026-05-05 18:00:00,81285.75000000,81458.26000000,81185.02000000,81270.60000000,280.80669000
2026-05-05 19:00:00,81270.61000000,81599.00000000,81270.61000000,81515.00000000,427.56223000
2026-05-05 20:00:00,81515.00000000,81680.00000000,81407.58000000,81606.35000000,364.63717000
2026-05-05 21:00:00,81606.35000000,81770.00000000,81510.13000000,81646.38000000,724.67261000
2026-05-05 22:00:00,81646.39000000,81791.48000000,81305.27000000,81407.11000000,618.58873000
2026-05-05 23:00:00,81407.11000000,81600.00000000,80817.72000000,81111.27000000,921.88572000
2026-05-06 00:00:00,81111.27000000,81222.03000000,80790.00000000,80905.52000000,479.07578000
2026-05-06 01:00:00,80905.53000000,81262.28000000,80731.14000000,81030.01000000,876.19915000
2026-05-06 02:00:00,81030.00000000,81534.23000000,80996.00000000,81439.34000000,803.82574000
2026-05-06 03:00:00,81439.34000000,81449.04000000,81047.01000000,81363.54000000,621.19491000
2026-05-06 04:00:00,81363.54000000,81760.84000000,81358.17000000,81581.69000000,710.52364000
2026-05-06 05:00:00,81581.70000000,81649.99000000,81270.00000000,81331.10000000,575.64130000
2026-05-06 06:00:00,81331.10000000,81360.30000000,81060.00000000,81333.00000000,592.18650000
2026-05-06 07:00:00,81333.00000000,81516.90000000,81211.34000000,81476.71000000,524.13540000
2026-05-06 08:00:00,81476.71000000,81611.00000000,81307.81000000,81359.82000000,608.74333000
2026-05-06 09:00:00,81359.82000000,81986.00000000,81328.68000000,81945.66000000,1353.41416000
2026-05-06 10:00:00,81945.66000000,82060.00000000,81682.70000000,81997.00000000,1096.73350000
2026-05-06 11:00:00,81997.00000000,82390.00000000,81953.25000000,82290.04000000,1302.85091000
2026-05-06 12:00:00,82290.03000000,82850.00000000,82261.60000000,82522.89000000,1435.93329000
2026-05-06 13:00:00,82522.88000000,82539.33000000,82164.61000000,82220.47000000,820.92810000
2026-05-06 14:00:00,82220.47000000,82220.47000000,81600.00000000,81670.89000000,1247.90169000
2026-05-06 15:00:00,81670.90000000,81980.72000000,81136.00000000,81526.73000000,1615.07708000
2026-05-06 16:00:00,81526.74000000,81823.00000000,81316.28000000,81704.25000000,824.75333000
2026-05-06 17:00:00,81704.25000000,81907.51000000,81431.16000000,81630.94000000,983.55485000
2026-05-06 18:00:00,81630.94000000,81709.32000000,81394.00000000,81452.63000000,417.39237000
2026-05-06 19:00:00,81452.63000000,81559.17000000,81271.06000000,81353.14000000,451.84587000
2026-05-06 20:00:00,81353.15000000,81522.41000000,81200.00000000,81464.87000000,517.12437000
2026-05-06 21:00:00,81464.86000000,81700.00000000,81302.35000000,81427.52000000,436.46876000
2026-05-06 22:00:00,81427.52000000,81618.77000000,81294.64000000,81539.16000000,310.38464000
2026-05-06 23:00:00,81539.16000000,81540.91000000,81240.00000000,81342.39000000,229.58883000
2026-05-07 00:00:00,81342.39000000,81447.30000000,81000.00000000,81447.01000000,442.37224000
2026-05-07 01:00:00,81447.01000000,81490.03000000,80980.00000000,81016.96000000,407.52958000
2026-05-07 02:00:00,81016.96000000,81284.67000000,80830.23000000,81167.80000000,565.39571000
2026-05-07 03:00:00,81167.79000000,81180.74000000,80883.54000000,81113.34000000,749.95215000
2026-05-07 04:00:00,81113.35000000,81113.35000000,80834.61000000,80834.91000000,345.29566000
2026-05-07 05:00:00,80834.92000000,80989.59000000,80725.09000000,80979.19000000,387.82747000
2026-05-07 06:00:00,80979.19000000,81172.27000000,80974.06000000,81088.00000000,355.34634000
2026-05-07 07:00:00,81088.00000000,81443.21000000,80874.41000000,81438.61000000,613.68575000
2026-05-07 08:00:00,81438.62000000,81708.32000000,81390.30000000,81518.58000000,681.98013000
2026-05-07 09:00:00,81518.57000000,81590.00000000,81194.74000000,81231.24000000,647.38206000
2026-05-07 10:00:00,81231.25000000,81231.25000000,80852.33000000,80929.00000000,659.04219000
2026-05-07 11:00:00,80929.00000000,80997.00000000,80572.40000000,80850.75000000,690.56353000
2026-05-07 12:00:00,80850.76000000,81041.15000000,80786.50000000,80866.65000000,367.10915000
2026-05-07 13:00:00,80866.65000000,81180.00000000,80846.87000000,81162.01000000,429.19223000
2026-05-07 14:00:00,81162.00000000,81162.01000000,80260.98000000,80503.68000000,1211.56578000
2026-05-07 15:00:00,80503.69000000,80685.70000000,80046.00000000,80171.38000000,1538.09475000
2026-05-07 16:00:00,80171.37000000,80271.42000000,79699.52000000,79890.63000000,1647.81030000
2026-05-07 17:00:00,79890.00000000,80020.00000000,79646.79000000,79801.08000000,1424.92395000
2026-05-07 18:00:00,79801.08000000,80135.17000000,79500.00000000,80094.52000000,919.74045000
2026-05-07 19:00:00,80094.52000000,80269.06000000,80004.40000000,80200.59000000,527.27769000
2026-05-07 20:00:00,80200.60000000,80224.00000000,79934.30000000,80146.11000000,443.20216000
2026-05-07 21:00:00,80146.77000000,80371.23000000,79859.51000000,79879.99000000,400.51449000
2026-05-07 22:00:00,79880.00000000,79934.92000000,79660.00000000,79735.01000000,401.75461000
2026-05-07 23:00:00,79735.00000000,79990.00000000,79582.95000000,79919.01000000,495.14556000
2026-05-08 00:00:00,79919.00000000,80068.03000000,79871.98000000,80006.00000000,244.47169000
2026-05-08 01:00:00,80006.00000000,80142.84000000,79729.72000000,79831.99000000,958.06006000
2026-05-08 02:00:00,79831.98000000,79900.11000000,79612.63000000,79740.01000000,539.33838000
2026-05-08 03:00:00,79740.01000000,79761.61000000,79316.99000000,79488.46000000,1066.54641000
2026-05-08 04:00:00,79488.47000000,79666.66000000,79181.48000000,79578.85000000,529.79179000
2026-05-08 05:00:00,79578.84000000,79748.00000000,79551.26000000,79655.23000000,317.73705000
2026-05-08 06:00:00,79655.22000000,79778.95000000,79600.00000000,79600.01000000,307.79364000
2026-05-08 07:00:00,79600.01000000,79654.00000000,79411.00000000,79525.76000000,792.09671000
2026-05-08 08:00:00,79525.77000000,79727.00000000,79248.58000000,79682.40000000,992.93778000
2026-05-08 09:00:00,79682.40000000,79987.27000000,79666.05000000,79886.01000000,628.59636000
2026-05-08 10:00:00,79886.00000000,80061.17000000,79794.88000000,79872.72000000,481.81051000
2026-05-08 11:00:00,79872.72000000,80278.92000000,79788.01000000,80212.56000000,650.80764000
2026-05-08 12:00:00,80212.55000000,80340.94000000,80127.54000000,80231.22000000,586.98252000
2026-05-08 13:00:00,80231.22000000,80500.00000000,79966.14000000,80025.82000000,831.54339000
2026-05-08 14:00:00,80025.81000000,80095.99000000,79549.54000000,79647.80000000,1091.58342000
2026-05-08 15:00:00,79647.81000000,80441.79000000,79647.80000000,80150.97000000,1005.37450000
2026-05-08 16:00:00,80150.97000000,80200.00000000,79625.00000000,80142.14000000,812.90032000
2026-05-08 17:00:00,80142.13000000,80182.18000000,79741.30000000,79802.34000000,665.76300000
2026-05-08 18:00:00,79802.35000000,80261.87000000,79738.75000000,80060.00000000,1502.98426000
2026-05-08 19:00:00,80060.00000000,80299.99000000,80059.99000000,80078.40000000,470.37331000
2026-05-08 20:00:00,80078.39000000,80181.66000000,79954.54000000,80179.94000000,408.77976000
2026-05-08 21:00:00,80180.00000000,80299.93000000,80089.76000000,80133.09000000,330.63666000
2026-05-08 22:00:00,80133.08000000,80264.00000000,80116.32000000,80263.99000000,269.62208000
2026-05-08 23:00:00,80264.00000000,80409.09000000,80238.42000000,80262.00000000,318.15524000
2026-05-09 00:00:00,80262.00000000,80299.27000000,80111.02000000,80193.17000000,441.09530000
2026-05-09 01:00:00,80193.18000000,80240.87000000,80129.85000000,80238.76000000,206.53644000
2026-05-09 02:00:00,80238.75000000,80446.58000000,80217.46000000,80327.75000000,266.81337000
2026-05-09 03:00:00,80327.75000000,80477.47000000,80327.75000000,80417.87000000,231.63268000
2026-05-09 04:00:00,80417.88000000,80550.67000000,80307.76000000,80383.95000000,388.12699000
2026-05-09 05:00:00,80383.96000000,80666.66000000,80373.55000000,80379.90000000,404.43634000
2026-05-09 06:00:00,80379.90000000,80480.49000000,80343.00000000,80379.49000000,360.73513000
2026-05-09 07:00:00,80379.50000000,80428.01000000,80201.60000000,80263.92000000,270.37474000
2026-05-09 08:00:00,80263.93000000,80309.05000000,80135.00000000,80228.89000000,445.94164000
2026-05-09 09:00:00,80228.88000000,80452.44000000,80220.00000000,80407.12000000,297.06841000
2026-05-09 10:00:00,80407.12000000,80415.83000000,80214.00000000,80242.53000000,211.41081000
2026-05-09 11:00:00,80242.54000000,80346.94000000,80166.26000000,80264.02000000,234.54075000
2026-05-09 12:00:00,80264.01000000,80366.07000000,80256.95000000,80345.46000000,266.71827000
2026-05-09 13:00:00,80345.47000000,80416.21000000,80274.03000000,80397.97000000,357.45715000
2026-05-09 14:00:00,80397.97000000,80422.00000000,80318.70000000,80391.18000000,341.73909000
2026-05-09 15:00:00,80391.18000000,80426.90000000,80254.71000000,80332.22000000,322.24573000
2026-05-09 16:00:00,80332.23000000,80600.00000000,80234.00000000,80527.92000000,418.47876000
2026-05-09 17:00:00,80527.92000000,80777.00000000,80487.40000000,80625.01000000,546.55445000
2026-05-09 18:00:00,80625.00000000,80928.56000000,80625.00000000,80812.70000000,430.13867000
2026-05-09 19:00:00,80812.69000000,81080.00000000,80787.39000000,80907.65000000,339.35386000
2026-05-09 20:00:00,80907.66000000,80958.00000000,80776.99000000,80938.53000000,217.80867000
2026-05-09 21:00:00,80938.53000000,80938.53000000,80744.98000000,80805.50000000,144.14004000
2026-05-09 22:00:00,80805.51000000,80896.00000000,80744.98000000,80780.83000000,149.85415000
2026-05-09 23:00:00,80780.83000000,80823.24000000,80670.01000000,80782.38000000,199.54802000
2026-05-10 00:00:00,80782.38000000,80850.00000000,80621.88000000,80678.40000000,496.76761000
2026-05-10 01:00:00,80678.41000000,80770.51000000,80610.64000000,80680.04000000,346.27712000
2026-05-10 02:00:00,80680.03000000,80690.73000000,80572.77000000,80685.56000000,410.62072000
2026-05-10 03:00:00,80685.55000000,80790.00000000,80611.00000000,80777.42000000,290.59888000
2026-05-10 04:00:00,80777.42000000,80887.15000000,80709.59000000,80775.00000000,284.77121000
2026-05-10 05:00:00,80774.99000000,80840.00000000,80722.78000000,80759.93000000,253.45188000
2026-05-10 06:00:00,80759.93000000,80816.52000000,80682.00000000,80700.77000000,372.73913000
2026-05-10 07:00:00,80700.76000000,80753.04000000,80658.97000000,80733.75000000,211.55020000
2026-05-10 08:00:00,80733.75000000,80827.14000000,80720.10000000,80736.03000000,400.67517000
2026-05-10 09:00:00,80736.03000000,80909.65000000,80715.33000000,80830.33000000,252.36808000
2026-05-10 10:00:00,80830.34000000,80913.80000000,80756.53000000,80807.96000000,237.31778000
2026-05-10 11:00:00,80807.95000000,80883.48000000,80691.00000000,80873.79000000,279.49023000
2026-05-10 12:00:00,80873.80000000,80975.40000000,80750.00000000,80821.21000000,339.53296000
2026-05-10 13:00:00,80821.21000000,80950.00000000,80784.20000000,80927.72000000,235.68491000
2026-05-10 14:00:00,80927.71000000,81000.01000000,80865.44000000,80971.67000000,254.25083000
2026-05-10 15:00:00,80971.66000000,80999.36000000,80816.22000000,80990.11000000,372.45860000
2026-05-10 16:00:00,80990.11000000,81442.81000000,80936.00000000,81418.01000000,780.28503000
2026-05-10 17:00:00,81418.01000000,81500.00000000,81200.00000000,81378.25000000,595.22707000
2026-05-10 18:00:00,81378.25000000,81583.11000000,81220.00000000,81476.18000000,599.74468000
2026-05-10 19:00:00,81476.18000000,81493.11000000,81231.14000000,81271.96000000,268.90805000
2026-05-10 20:00:00,81271.96000000,81481.92000000,81148.00000000,81437.83000000,334.34752000
2026-05-10 21:00:00,81437.83000000,81459.66000000,80279.77000000,80734.88000000,1021.73969000
2026-05-10 22:00:00,80734.88000000,80944.44000000,80571.97000000,80720.47000000,691.73163000
2026-05-10 23:00:00,80720.47000000,82171.96000000,80666.66000000,82044.49000000,1804.86462000
2026-05-11 00:00:00,82044.49000000,82479.32000000,82044.49000000,82210.07000000,1395.68283000
2026-05-11 01:00:00,82210.07000000,82380.00000000,81280.00000000,81471.13000000,1294.00066000
2026-05-11 02:00:00,81471.13000000,81744.85000000,81291.23000000,81501.72000000,495.92379000
2026-05-11 03:00:00,81501.73000000,81572.40000000,81117.64000000,81169.08000000,491.97068000
2026-05-11 04:00:00,81169.09000000,81188.97000000,80525.00000000,80736.01000000,857.95581000
2026-05-11 05:00:00,80736.00000000,80879.12000000,80639.99000000,80824.61000000,378.47076000
2026-05-11 06:00:00,80824.61000000,80981.80000000,80761.73000000,80832.33000000,423.68877000
2026-05-11 07:00:00,80832.34000000,81049.51000000,80762.00000000,80822.86000000,296.00491000
2026-05-11 08:00:00,80822.86000000,80840.30000000,80663.11000000,80740.40000000,496.93812000
2026-05-11 09:00:00,80740.40000000,80863.42000000,80621.87000000,80767.97000000,463.92135000
2026-05-11 10:00:00,80767.97000000,80997.63000000,80758.30000000,80966.57000000,330.83757000
2026-05-11 11:00:00,80966.58000000,81200.00000000,80940.00000000,80940.00000000,488.26383000
2026-05-11 12:00:00,80940.00000000,81196.95000000,80900.00000000,81196.94000000,356.37085000
2026-05-11 13:00:00,81196.95000000,81356.46000000,81029.77000000,81054.65000000,485.89630000
2026-05-11 14:00:00,81054.65000000,81332.29000000,80739.63000000,81072.00000000,767.39683000
2026-05-11 15:00:00,81072.01000000,81252.72000000,80462.97000000,80953.38000000,767.64104000
2026-05-11 16:00:00,80953.39000000,81458.00000000,80826.02000000,81445.90000000,647.30001000
2026-05-11 17:00:00,81445.89000000,81910.35000000,81344.72000000,81575.85000000,1113.46844000
2026-05-11 18:00:00,81575.84000000,82071.77000000,81369.42000000,81941.09000000,565.28919000
2026-05-11 19:00:00,81941.09000000,82137.26000000,81836.15000000,81858.96000000,536.09834000
2026-05-11 20:00:00,81858.97000000,82091.11000000,81739.09000000,81961.99000000,458.60970000
2026-05-11 21:00:00,81961.99000000,82078.91000000,81758.50000000,81821.02000000,322.40099000
2026-05-11 22:00:00,81821.03000000,81906.35000000,81600.00000000,81821.18000000,268.82965000
2026-05-11 23:00:00,81821.18000000,81969.99000000,81729.99000000,81833.92000000,366.43361000
2026-05-12 00:00:00,81833.92000000,81833.92000000,81596.31000000,81745.65000000,278.04936000
2026-05-12 01:00:00,81745.66000000,81788.00000000,81478.75000000,81545.20000000,419.66559000
2026-05-12 02:00:00,81545.20000000,81615.67000000,80714.28000000,81199.18000000,866.00547000
2026-05-12 03:00:00,81199.18000000,81332.29000000,81087.63000000,81249.93000000,386.77691000
2026-05-12 04:00:00,81249.93000000,81294.42000000,81024.41000000,81058.80000000,187.87319000
2026-05-12 05:00:00,81058.79000000,81303.99000000,81000.00000000,81240.01000000,398.28206000
2026-05-12 06:00:00,81240.01000000,81305.24000000,81181.56000000,81224.03000000,329.93857000
2026-05-12 07:00:00,81224.04000000,81300.00000000,81010.01000000,81022.44000000,448.36294000
2026-05-12 08:00:00,81022.44000000,81137.27000000,80800.77000000,80865.40000000,603.31882000
2026-05-12 09:00:00,80865.40000000,80964.13000000,80760.53000000,80843.31000000,478.61372000
2026-05-12 10:00:00,80843.30000000,80963.35000000,80720.00000000,80837.15000000,506.71585000
2026-05-12 11:00:00,80837.15000000,80848.27000000,80601.27000000,80666.37000000,487.71377000
2026-05-12 12:00:00,80666.38000000,80785.38000000,80496.57000000,80784.87000000,500.02112000
2026-05-12 13:00:00,80784.86000000,80999.00000000,80619.19000000,80881.26000000,585.87948000
2026-05-12 14:00:00,80881.25000000,80928.26000000,80397.07000000,80466.91000000,795.94705000
2026-05-12 15:00:00,80466.91000000,80888.01000000,80397.88000000,80540.00000000,865.59094000
2026-05-12 16:00:00,80540.00000000,80676.78000000,80188.65000000,80336.01000000,958.32005000
2026-05-12 17:00:00,80336.01000000,80435.99000000,79843.59000000,80000.01000000,1473.45450000
2026-05-12 18:00:00,80000.01000000,80593.06000000,79951.05000000,80527.69000000,486.64257000
2026-05-12 19:00:00,80527.69000000,80763.81000000,80430.00000000,80679.12000000,367.35810000
2026-05-12 20:00:00,80679.11000000,80874.42000000,80679.11000000,80834.64000000,346.22158000
2026-05-12 21:00:00,80835.30000000,80896.25000000,80642.85000000,80696.87000000,292.49967000
2026-05-12 22:00:00,80696.87000000,80738.00000000,80497.00000000,80587.44000000,202.53849000
2026-05-12 23:00:00,80587.45000000,80791.94000000,80587.45000000,80656.43000000,151.10909000
2026-05-13 00:00:00,80656.44000000,80714.00000000,80439.91000000,80504.47000000,247.40723000
2026-05-13 01:00:00,80504.47000000,80768.95000000,80412.15000000,80718.00000000,230.81443000
2026-05-13 02:00:00,80718.00000000,81195.69000000,80683.12000000,81006.00000000,633.76198000
2026-05-13 03:00:00,81005.99000000,81281.66000000,80934.69000000,81050.00000000,333.93602000
2026-05-13 04:00:00,81050.00000000,81299.99000000,80976.27000000,81249.99000000,377.40594000
2026-05-13 05:00:00,81249.99000000,81281.07000000,81124.87000000,81231.96000000,253.70329000
2026-05-13 06:00:00,81231.96000000,81247.22000000,80999.99000000,81019.99000000,266.87053000
2026-05-13 07:00:00,81020.00000000,81160.36000000,80972.94000000,80980.05000000,499.16530000
2026-05-13 08:00:00,80980.06000000,81049.01000000,80889.12000000,81026.92000000,476.02435000
2026-05-13 09:00:00,81026.92000000,81200.00000000,80943.63000000,81196.57000000,372.92514000
2026-05-13 10:00:00,81196.57000000,81324.64000000,81137.77000000,81291.38000000,435.50222000
2026-05-13 11:00:00,81291.37000000,81298.50000000,80809.01000000,80809.01000000,364.76288000
2026-05-13 12:00:00,80809.01000000,80843.87000000,80494.98000000,80501.22000000,668.09274000
2026-05-13 13:00:00,80501.22000000,80592.65000000,79852.00000000,80202.78000000,1194.36751000
2026-05-13 14:00:00,80202.78000000,80345.45000000,79576.47000000,79656.01000000,1205.27854000
2026-05-13 15:00:00,79656.01000000,79898.00000000,79481.56000000,79756.01000000,942.38578000
2026-05-13 16:00:00,79756.02000000,79856.08000000,78807.22000000,78827.21000000,1731.43058000
2026-05-13 17:00:00,78827.21000000,79222.22000000,78754.65000000,79108.39000000,1522.11383000
2026-05-13 18:00:00,79108.39000000,79556.36000000,79100.00000000,79514.97000000,611.40519000
2026-05-13 19:00:00,79514.97000000,79800.00000000,79514.97000000,79598.15000000,747.58594000
2026-05-13 20:00:00,79598.15000000,79646.29000000,79400.00000000,79642.41000000,463.49581000
2026-05-13 21:00:00,79642.41000000,79760.00000000,79622.70000000,79698.95000000,225.22286000
2026-05-13 22:00:00,79698.95000000,79705.73000000,79340.39000000,79398.54000000,418.00056000
2026-05-13 23:00:00,79398.54000000,79470.00000000,79228.00000000,79428.46000000,338.28664000
2026-05-14 00:00:00,79428.46000000,79499.01000000,79233.83000000,79313.61000000,497.51837000
2026-05-14 01:00:00,79313.61000000,79681.73000000,79308.00000000,79580.00000000,443.66772000
2026-05-14 02:00:00,79580.00000000,79681.73000000,79409.42000000,79604.60000000,369.48629000
2026-05-14 03:00:00,79604.61000000,79676.11000000,79222.22000000,79370.24000000,684.03959000
2026-05-14 04:00:00,79370.24000000,79460.00000000,78922.00000000,79044.85000000,712.36112000
2026-05-14 05:00:00,79044.86000000,79474.41000000,78982.06000000,79451.63000000,437.35487000
2026-05-14 06:00:00,79451.62000000,79998.00000000,79359.49000000,79809.16000000,850.16622000
2026-05-14 07:00:00,79809.15000000,79953.35000000,79769.12000000,79804.71000000,301.13354000
2026-05-14 08:00:00,79804.72000000,79937.59000000,79702.05000000,79745.98000000,480.32483000
2026-05-14 09:00:00,79745.99000000,79936.98000000,79644.44000000,79821.56000000,652.77033000
2026-05-14 10:00:00,79821.55000000,79905.99000000,79569.81000000,79635.52000000,445.75367000
2026-05-14 11:00:00,79635.53000000,79756.98000000,79409.42000000,79570.01000000,384.95969000
2026-05-14 12:00:00,79570.01000000,79600.00000000,79234.00000000,79258.27000000,362.97846000
2026-05-14 13:00:00,79258.27000000,79775.02000000,79230.31000000,79767.11000000,526.41242000
2026-05-14 14:00:00,79767.10000000,80059.71000000,79670.88000000,79701.73000000,1000.54213000
2026-05-14 15:00:00,79701.73000000,81020.00000000,79561.52000000,80964.85000000,1882.78042000
2026-05-14 16:00:00,80964.84000000,81332.23000000,80816.08000000,81301.23000000,2292.36231000
2026-05-14 17:00:00,81301.22000000,81904.44000000,81080.25000000,81888.40000000,2732.81932000
2026-05-14 18:00:00,81888.40000000,82048.13000000,81271.00000000,81668.48000000,1967.47911000
2026-05-14 19:00:00,81668.49000000,81949.15000000,81440.38000000,81581.99000000,1012.79720000
2026-05-14 20:00:00,81582.00000000,81718.73000000,81330.12000000,81419.74000000,566.84044000
2026-05-14 21:00:00,81419.75000000,81590.19000000,81166.22000000,81412.04000000,471.62836000
2026-05-14 22:00:00,81412.05000000,81526.08000000,81268.38000000,81396.61000000,292.07185000
2026-05-14 23:00:00,81396.61000000,81559.71000000,81335.48000000,81456.00000000,322.84736000
2026-05-15 00:00:00,81456.00000000,81456.00000000,81059.93000000,81089.99000000,534.29082000
2026-05-15 01:00:00,81090.00000000,81664.45000000,81068.52000000,81518.67000000,578.54980000
2026-05-15 02:00:00,81518.66000000,81612.73000000,81106.20000000,81131.01000000,538.82284000
2026-05-15 03:00:00,81131.00000000,81350.00000000,80750.00000000,81299.14000000,829.40160000
2026-05-15 04:00:00,81299.14000000,81340.81000000,80930.82000000,81059.15000000,506.95135000
2026-05-15 05:00:00,81059.15000000,81100.00000000,80709.09000000,80724.71000000,367.57246000
2026-05-15 06:00:00,80724.71000000,80882.45000000,80314.00000000,80360.01000000,1029.21412000
2026-05-15 07:00:00,80360.01000000,80644.50000000,80314.01000000,80580.00000000,815.53271000
2026-05-15 08:00:00,80580.00000000,81003.37000000,80559.88000000,80814.88000000,878.78211000
2026-05-15 09:00:00,80814.88000000,80822.95000000,80415.84000000,80638.00000000,538.63644000
2026-05-15 10:00:00,80638.00000000,80670.51000000,80369.00000000,80489.80000000,471.66166000
2026-05-15 11:00:00,80489.81000000,80776.33000000,80407.60000000,80716.23000000,444.96934000
2026-05-15 12:00:00,80716.22000000,80750.56000000,80590.08000000,80628.53000000,250.99223000
2026-05-15 13:00:00,80628.52000000,80635.44000000,80340.83000000,80385.11000000,535.00082000
2026-05-15 14:00:00,80385.10000000,80385.11000000,78698.69000000,78758.59000000,3101.88518000
2026-05-15 15:00:00,78758.59000000,79353.32000000,78659.00000000,79150.37000000,1965.21031000
2026-05-15 16:00:00,79150.36000000,79369.36000000,79013.81000000,79150.27000000,606.47310000
2026-05-15 17:00:00,79150.26000000,79382.30000000,79131.01000000,79294.31000000,514.78679000
2026-05-15 18:00:00,79294.31000000,79504.83000000,79224.00000000,79460.00000000,478.80422000
2026-05-15 19:00:00,79460.00000000,79561.94000000,79170.47000000,79284.00000000,544.01093000
2026-05-15 20:00:00,79284.01000000,79290.00000000,79051.00000000,79146.50000000,421.75884000
2026-05-15 21:00:00,79146.50000000,79217.07000000,79000.00000000,79123.12000000,224.44355000
2026-05-15 22:00:00,79123.13000000,79200.00000000,78911.42000000,78973.50000000,682.32127000
2026-05-15 23:00:00,78973.50000000,79145.44000000,78973.49000000,79107.38000000,347.86808000
2026-05-16 00:00:00,79107.38000000,79161.86000000,79077.96000000,79113.21000000,677.62104000
2026-05-16 01:00:00,79113.20000000,79227.77000000,79075.09000000,79111.92000000,314.01240000
2026-05-16 02:00:00,79111.92000000,79186.05000000,79010.00000000,79168.00000000,357.20294000
2026-05-16 03:00:00,79168.00000000,79211.77000000,79080.10000000,79155.54000000,208.30505000
2026-05-16 04:00:00,79155.55000000,79187.71000000,79059.77000000,79083.18000000,368.66241000
2026-05-16 05:00:00,79083.19000000,79129.71000000,78860.00000000,79035.26000000,321.76822000
2026-05-16 06:00:00,79035.25000000,79039.49000000,78933.63000000,79027.37000000,183.05543000
2026-05-16 07:00:00,79027.36000000,79047.94000000,78459.87000000,78648.00000000,632.26156000
2026-05-16 08:00:00,78648.00000000,78651.63000000,78066.00000000,78369.77000000,1267.74437000
2026-05-16 09:00:00,78369.78000000,78530.52000000,78334.21000000,78426.56000000,379.04319000
2026-05-16 10:00:00,78426.55000000,78440.81000000,77906.10000000,78083.48000000,1104.43110000
2026-05-16 11:00:00,78083.47000000,78101.43000000,77640.00000000,77960.00000000,1759.70594000
2026-05-16 12:00:00,77959.99000000,78193.88000000,77959.99000000,78081.71000000,602.91980000
2026-05-16 13:00:00,78080.46000000,78133.38000000,77918.62000000,78007.23000000,791.53177000
2026-05-16 14:00:00,78007.24000000,78014.60000000,77833.40000000,78014.60000000,830.86287000
2026-05-16 15:00:00,78014.60000000,78346.00000000,77895.20000000,78130.55000000,729.04785000
2026-05-16 16:00:00,78130.55000000,78285.00000000,78078.22000000,78238.67000000,332.91477000
2026-05-16 17:00:00,78238.68000000,78364.65000000,78119.72000000,78205.96000000,328.10255000
2026-05-16 18:00:00,78205.96000000,78320.41000000,78199.00000000,78201.50000000,350.20669000
2026-05-16 19:00:00,78201.50000000,78327.75000000,78142.99000000,78229.81000000,310.63405000
2026-05-16 20:00:00,78229.82000000,78314.69000000,78204.22000000,78259.66000000,271.10252000
2026-05-16 21:00:00,78259.67000000,78318.94000000,78201.42000000,78261.00000000,194.34290000
2026-05-16 22:00:00,78261.00000000,78308.33000000,78206.85000000,78265.73000000,237.27188000
2026-05-16 23:00:00,78265.73000000,78279.28000000,78171.02000000,78186.25000000,128.79242000
2026-05-17 00:00:00,78186.25000000,78267.46000000,78125.32000000,78148.05000000,128.93924000
2026-05-17 01:00:00,78148.05000000,78243.19000000,77812.00000000,77945.85000000,311.59646000
2026-05-17 02:00:00,77945.85000000,78114.00000000,77721.19000000,77725.71000000,516.53667000
2026-05-17 03:00:00,77725.72000000,77938.00000000,77725.71000000,77895.51000000,256.64293000
2026-05-17 04:00:00,77895.50000000,78079.30000000,77888.00000000,78028.88000000,200.15322000
2026-05-17 05:00:00,78028.88000000,78203.93000000,78003.35000000,78158.09000000,375.99093000
2026-05-17 06:00:00,78158.08000000,78323.96000000,78102.42000000,78121.41000000,258.98839000
2026-05-17 07:00:00,78121.41000000,78204.01000000,78017.00000000,78104.80000000,136.86954000
2026-05-17 08:00:00,78104.79000000,78208.69000000,78053.79000000,78180.01000000,180.24659000
2026-05-17 09:00:00,78180.00000000,78200.91000000,78033.01000000,78089.80000000,117.37418000
2026-05-17 10:00:00,78089.80000000,78293.97000000,78073.52000000,78249.33000000,196.43485000
2026-05-17 11:00:00,78249.33000000,78599.99000000,78249.03000000,78465.99000000,564.92985000
2026-05-17 12:00:00,78465.99000000,78473.82000000,78289.00000000,78415.99000000,257.44450000
2026-05-17 13:00:00,78415.99000000,78550.00000000,78333.80000000,78364.83000000,254.43689000
2026-05-17 14:00:00,78364.83000000,78364.83000000,78173.15000000,78202.91000000,260.27625000
2026-05-17 15:00:00,78202.91000000,78217.33000000,77850.00000000,78051.51000000,397.56893000
2026-05-17 16:00:00,78051.51000000,78119.42000000,77920.76000000,78051.41000000,203.63392000
2026-05-17 17:00:00,78051.42000000,78193.66000000,78025.23000000,78034.36000000,142.87987000
2026-05-17 18:00:00,78034.37000000,78092.44000000,77856.69000000,78089.98000000,296.43890000
2026-05-17 19:00:00,78089.99000000,78271.59000000,78014.33000000,78268.05000000,172.43416000
2026-05-17 20:00:00,78268.04000000,78468.46000000,78209.96000000,78415.30000000,225.32283000
2026-05-17 21:00:00,78415.29000000,78435.32000000,78248.80000000,78277.36000000,205.39109000
2026-05-17 22:00:00,78277.36000000,78485.36000000,78243.50000000,78405.72000000,293.90051000
2026-05-17 23:00:00,78405.72000000,78414.16000000,77830.00000000,77997.24000000,585.78673000
2026-05-18 00:00:00,77997.24000000,78008.18000000,76735.16000000,77457.67000000,2031.42401000
2026-05-18 01:00:00,77457.67000000,77477.99000000,76916.60000000,77209.95000000,1062.83033000
2026-05-18 02:00:00,77209.95000000,77291.54000000,76744.95000000,77109.22000000,771.47833000
2026-05-18 03:00:00,77109.21000000,77222.03000000,76707.61000000,76835.41000000,544.67309000
2026-05-18 04:00:00,76835.41000000,77030.42000000,76817.14000000,76924.65000000,509.02980000
2026-05-18 05:00:00,76924.66000000,77069.77000000,76772.01000000,77038.49000000,354.48166000
2026-05-18 06:00:00,77038.49000000,77080.93000000,76884.33000000,76931.40000000,586.83852000
2026-05-18 07:00:00,76931.40000000,76967.80000000,76583.33000000,76912.52000000,621.71728000
2026-05-18 08:00:00,76912.53000000,77089.29000000,76771.53000000,77073.69000000,1139.62980000
2026-05-18 09:00:00,77073.69000000,77181.88000000,76890.34000000,77040.42000000,562.21651000
2026-05-18 10:00:00,77040.43000000,77048.14000000,76877.17000000,76933.16000000,365.74952000
2026-05-18 11:00:00,76933.17000000,76957.35000000,76716.99000000,76764.74000000,432.20236000
2026-05-18 12:00:00,76764.75000000,77403.48000000,76668.58000000,77285.83000000,692.38548000
2026-05-18 13:00:00,77285.83000000,77800.00000000,77275.96000000,77639.98000000,980.76582000
2026-05-18 14:00:00,77639.99000000,77639.99000000,76695.31000000,76937.70000000,1116.56330000
2026-05-18 15:00:00,76937.70000000,76954.25000000,76230.02000000,76393.65000000,2158.59337000
2026-05-18 16:00:00,76393.66000000,76485.29000000,76051.00000000,76409.46000000,1960.17489000
2026-05-18 17:00:00,76409.46000000,76665.68000000,76218.00000000,76410.01000000,1252.93830000
2026-05-18 18:00:00,76410.00000000,76757.21000000,76366.13000000,76706.39000000,450.87486000
2026-05-18 19:00:00,76706.38000000,76706.38000000,76144.24000000,76252.50000000,779.57136000
2026-05-18 20:00:00,76252.01000000,76995.00000000,76235.00000000,76928.00000000,812.47229000
2026-05-18 21:00:00,76928.00000000,77182.14000000,76874.73000000,76909.92000000,463.85785000
2026-05-18 22:00:00,76909.92000000,77174.23000000,76800.00000000,77103.05000000,491.73560000
2026-05-18 23:00:00,77103.04000000,77222.79000000,76937.19000000,77078.22000000,359.68174000
2026-05-19 00:00:00,77078.22000000,77160.79000000,76948.80000000,77001.87000000,275.05472000
2026-05-19 01:00:00,77001.88000000,77414.62000000,76955.99000000,77140.87000000,556.43712000
2026-05-19 02:00:00,77140.86000000,77156.20000000,76667.00000000,76667.01000000,769.46148000
2026-05-19 03:00:00,76667.01000000,76997.33000000,76487.83000000,76617.47000000,469.02583000
2026-05-19 04:00:00,76617.46000000,76867.23000000,76586.11000000,76787.11000000,211.83571000
2026-05-19 05:00:00,76787.10000000,76943.75000000,76700.00000000,76927.25000000,239.72033000
2026-05-19 06:00:00,76927.25000000,77000.00000000,76644.98000000,76911.24000000,392.43215000
2026-05-19 07:00:00,76911.25000000,77108.68000000,76886.13000000,77029.40000000,386.11356000
2026-05-19 08:00:00,77029.41000000,77278.57000000,76974.72000000,77233.69000000,490.19350000
2026-05-19 09:00:00,77233.68000000,77317.02000000,76972.96000000,77048.71000000,465.92336000
2026-05-19 10:00:00,77048.72000000,77074.05000000,76709.29000000,76818.80000000,385.08727000
2026-05-19 11:00:00,76818.80000000,77103.97000000,76704.00000000,77041.87000000,464.38738000
2026-05-19 12:00:00,77041.87000000,77076.53000000,76633.83000000,76714.62000000,430.29111000
2026-05-19 13:00:00,76714.61000000,76982.89000000,76650.06000000,76940.21000000,257.11004000
2026-05-19 14:00:00,76940.20000000,77048.72000000,76596.00000000,76872.75000000,906.63403000
2026-05-19 15:00:00,76872.74000000,77023.75000000,76144.71000000,76392.43000000,1426.24149000
2026-05-19 16:00:00,76392.43000000,76675.76000000,76337.97000000,76521.23000000,773.78391000
2026-05-19 17:00:00,76521.24000000,76911.00000000,76407.72000000,76894.59000000,568.91388000
2026-05-19 18:00:00,76894.59000000,77015.41000000,76759.39000000,76856.76000000,442.15826000
2026-05-19 19:00:00,76856.76000000,76947.20000000,76744.80000000,76803.28000000,282.19478000
2026-05-19 20:00:00,76803.28000000,77065.80000000,76765.14000000,76818.74000000,341.73224000
2026-05-19 21:00:00,76818.73000000,77040.24000000,76818.73000000,77022.23000000,147.68289000
2026-05-19 22:00:00,77022.22000000,77040.83000000,76973.76000000,76982.34000000,185.29058000
2026-05-19 23:00:00,76982.34000000,76982.34000000,76642.95000000,76712.21000000,233.07768000
2026-05-20 00:00:00,76712.22000000,76980.07000000,76670.52000000,76834.36000000,199.13120000
2026-05-20 01:00:00,76834.36000000,76896.50000000,76516.74000000,76788.83000000,236.25061000
2026-05-20 02:00:00,76788.83000000,76922.46000000,76536.59000000,76820.98000000,358.53384000
2026-05-20 03:00:00,76820.98000000,76909.62000000,76600.00000000,76690.42000000,293.25018000
2026-05-20 04:00:00,76690.42000000,76829.61000000,76604.99000000,76723.54000000,673.76637000
2026-05-20 05:00:00,76723.55000000,76836.82000000,76692.00000000,76780.37000000,365.31048000
2026-05-20 06:00:00,76780.37000000,77320.00000000,76780.37000000,77196.99000000,973.23466000
2026-05-20 07:00:00,77196.99000000,77422.00000000,77179.93000000,77414.11000000,528.12463000
2026-05-20 08:00:00,77414.10000000,77472.21000000,77241.13000000,77282.64000000,351.42212000
2026-05-20 09:00:00,77282.65000000,77635.52000000,77210.33000000,77458.04000000,548.89961000
2026-05-20 10:00:00,77458.05000000,77543.59000000,77365.94000000,77485.13000000,360.90275000
2026-05-20 11:00:00,77485.14000000,77663.00000000,77485.14000000,77517.45000000,409.79863000
2026-05-20 12:00:00,77517.46000000,77569.10000000,77328.20000000,77382.49000000,362.81092000
2026-05-20 13:00:00,77382.50000000,77748.05000000,77365.52000000,77617.26000000,377.41047000
2026-05-20 14:00:00,77617.26000000,77650.62000000,76968.05000000,77204.61000000,682.21238000
2026-05-20 15:00:00,77204.61000000,77574.29000000,76891.61000000,77446.08000000,1202.39421000
2026-05-20 16:00:00,77446.01000000,77853.04000000,77300.00000000,77455.46000000,777.75101000
2026-05-20 17:00:00,77455.45000000,77557.00000000,77018.38000000,77338.60000000,407.46410000
2026-05-20 18:00:00,77338.60000000,77713.66000000,77230.86000000,77568.95000000,501.34929000
2026-05-20 19:00:00,77568.95000000,77634.52000000,77398.63000000,77415.09000000,414.50917000
2026-05-20 20:00:00,77415.09000000,77709.68000000,77350.71000000,77667.49000000,388.96569000
2026-05-20 21:00:00,77667.49000000,77760.00000000,77476.19000000,77720.01000000,357.71030000
2026-05-20 22:00:00,77720.01000000,77766.60000000,77500.00000000,77500.01000000,158.00627000
2026-05-20 23:00:00,77500.01000000,77504.69000000,77226.61000000,77504.69000000,367.95652000
2026-05-21 00:00:00,77504.69000000,77559.34000000,77386.93000000,77552.23000000,198.22886000
2026-05-21 01:00:00,77552.24000000,78071.42000000,77525.00000000,77967.09000000,547.83434000
2026-05-21 02:00:00,77967.09000000,78173.15000000,77800.00000000,77863.85000000,453.71737000
2026-05-21 03:00:00,77863.85000000,78100.00000000,77820.10000000,77955.78000000,820.79860000
2026-05-21 04:00:00,77955.78000000,78098.85000000,77908.00000000,78078.72000000,441.60659000
2026-05-21 05:00:00,78078.72000000,78180.01000000,77965.36000000,78035.80000000,365.79347000
2026-05-21 06:00:00,78035.80000000,78147.07000000,77714.94000000,77828.00000000,390.37362000
2026-05-21 07:00:00,77828.00000000,77873.15000000,77533.45000000,77622.14000000,317.41875000
2026-05-21 08:00:00,77622.14000000,77901.06000000,77521.00000000,77889.01000000,380.50650000
2026-05-21 09:00:00,77889.01000000,78200.00000000,77885.53000000,77924.63000000,493.47370000
2026-05-21 10:00:00,77924.63000000,77977.53000000,77633.02000000,77633.02000000,277.92731000
2026-05-21 11:00:00,77633.03000000,77678.01000000,77190.09000000,77198.08000000,783.43483000
2026-05-21 12:00:00,77198.09000000,77372.00000000,77147.15000000,77189.10000000,380.03818000
2026-05-21 13:00:00,77189.10000000,77363.32000000,77080.72000000,77278.53000000,382.67307000
2026-05-21 14:00:00,77278.52000000,77358.05000000,76719.47000000,77122.68000000,862.17497000
2026-05-21 15:00:00,77122.67000000,77240.82000000,76788.80000000,76984.61000000,697.95187000
2026-05-21 16:00:00,76984.61000000,77402.12000000,76900.00000000,77259.46000000,411.10449000
2026-05-21 17:00:00,77259.45000000,77344.01000000,77008.75000000,77207.93000000,404.33559000
2026-05-21 18:00:00,77207.92000000,78098.16000000,77181.83000000,77869.38000000,1291.96294000
2026-05-21 19:00:00,77869.38000000,77922.01000000,77230.00000000,77387.74000000,559.91554000
2026-05-21 20:00:00,77387.74000000,77802.51000000,77365.97000000,77690.56000000,437.10444000
2026-05-21 21:00:00,77690.56000000,77804.75000000,77647.75000000,77705.81000000,144.76199000
2026-05-21 22:00:00,77705.80000000,77813.35000000,77645.40000000,77672.29000000,182.97007000
2026-05-21 23:00:00,77672.30000000,77750.61000000,77555.33000000,77628.00000000,130.38276000
2026-05-22 00:00:00,77628.01000000,77745.39000000,77534.43000000,77615.52000000,159.99742000
2026-05-22 01:00:00,77615.52000000,77628.38000000,77369.49000000,77373.57000000,228.62269000
2026-05-22 02:00:00,77373.57000000,77673.50000000,77327.28000000,77616.00000000,252.86608000
2026-05-22 03:00:00,77616.00000000,77728.01000000,77593.16000000,77673.36000000,244.81122000
2026-05-22 04:00:00,77673.37000000,77817.80000000,77673.36000000,77779.98000000,158.00162000
2026-05-22 05:00:00,77779.98000000,77900.00000000,77637.99000000,77655.42000000,475.76681000
2026-05-22 06:00:00,77655.43000000,77726.00000000,77454.56000000,77489.00000000,344.31720000
2026-05-22 07:00:00,77489.00000000,77525.85000000,77370.40000000,77423.41000000,542.83384000
2026-05-22 08:00:00,77423.41000000,77543.38000000,77288.77000000,77408.06000000,393.92568000
2026-05-22 09:00:00,77408.07000000,77535.00000000,77216.00000000,77267.38000000,509.65577000
2026-05-22 10:00:00,77267.39000000,77360.00000000,77200.00000000,77307.11000000,276.32946000
2026-05-22 11:00:00,77307.12000000,77363.01000000,77261.73000000,77312.00000000,275.01820000
2026-05-22 12:00:00,77311.99000000,77430.55000000,77184.45000000,77428.84000000,375.53110000
2026-05-22 13:00:00,77428.83000000,77584.94000000,77395.45000000,77533.90000000,317.41573000
2026-05-22 14:00:00,77533.91000000,77547.56000000,77130.99000000,77290.01000000,419.18989000
2026-05-22 15:00:00,77290.00000000,77290.00000000,76751.00000000,76774.23000000,1004.66190000
2026-05-22 16:00:00,76774.23000000,77030.64000000,76570.00000000,76790.59000000,872.56913000
2026-05-22 17:00:00,76790.60000000,77006.69000000,76767.00000000,76950.68000000,481.05047000
2026-05-22 18:00:00,76950.67000000,77093.72000000,76750.00000000,76750.00000000,322.37426000
2026-05-22 19:00:00,76750.01000000,76898.00000000,76101.00000000,76537.47000000,809.74159000
2026-05-22 20:00:00,76537.47000000,76590.68000000,75668.76000000,75860.44000000,1201.88912000
2026-05-22 21:00:00,75860.44000000,76080.95000000,75826.00000000,75984.47000000,415.32736000
2026-05-22 22:00:00,75984.47000000,76087.85000000,75926.20000000,75978.83000000,349.85112000
2026-05-22 23:00:00,75978.83000000,75978.84000000,75558.28000000,75737.52000000,473.52886000
2026-05-23 00:00:00,75737.53000000,75881.18000000,75359.18000000,75539.50000000,527.08224000
2026-05-23 01:00:00,75539.50000000,75635.59000000,75220.00000000,75352.64000000,828.38332000
2026-05-23 02:00:00,75352.64000000,75500.00000000,75350.00000000,75489.84000000,466.00374000
2026-05-23 03:00:00,75489.83000000,75581.27000000,75417.56000000,75572.07000000,334.42834000
2026-05-23 04:00:00,75572.07000000,75664.62000000,75563.33000000,75635.22000000,267.29386000
2026-05-23 05:00:00,75635.22000000,75650.63000000,75507.01000000,75539.77000000,198.60310000
2026-05-23 06:00:00,75539.77000000,75562.40000000,75469.89000000,75482.68000000,267.20559000
2026-05-23 07:00:00,75482.68000000,75501.09000000,75394.54000000,75398.33000000,189.47214000
2026-05-23 08:00:00,75398.33000000,75443.44000000,74289.60000000,74609.36000000,2035.70931000
2026-05-23 09:00:00,74609.37000000,74746.67000000,74303.56000000,74684.30000000,963.94720000
2026-05-23 10:00:00,74684.29000000,74752.45000000,74624.50000000,74656.91000000,431.50710000
2026-05-23 11:00:00,74656.91000000,74797.01000000,74656.91000000,74705.00000000,625.72233000
2026-05-23 12:00:00,74705.00000000,74873.55000000,74704.99000000,74789.99000000,487.91960000
2026-05-23 13:00:00,74789.99000000,74798.41000000,74660.05000000,74753.93000000,570.81814000
2026-05-23 14:00:00,74753.94000000,75262.86000000,74753.93000000,75213.90000000,815.89889000
2026-05-23 15:00:00,75213.90000000,75726.30000000,75108.15000000,75537.72000000,922.06012000
2026-05-23 16:00:00,75537.73000000,75676.00000000,75405.40000000,75520.00000000,634.72295000
2026-05-23 17:00:00,75519.99000000,75638.62000000,75415.17000000,75444.70000000,411.95204000
2026-05-23 18:00:00,75444.71000000,75522.00000000,75371.72000000,75488.18000000,566.20129000
2026-05-23 19:00:00,75488.17000000,75986.24000000,75472.04000000,75845.82000000,429.21806000
2026-05-23 20:00:00,75845.82000000,76012.22000000,75780.90000000,75983.45000000,364.90120000
2026-05-23 21:00:00,75983.45000000,77300.00000000,75953.94000000,77287.58000000,1242.58285000
2026-05-23 22:00:00,77286.08000000,77404.18000000,76538.04000000,76804.99000000,1147.59506000
2026-05-23 23:00:00,76805.00000000,76885.00000000,76396.06000000,76584.45000000,464.30329000
2026-05-24 00:00:00,76584.45000000,76822.00000000,76538.36000000,76752.01000000,420.43862000
2026-05-24 01:00:00,76752.00000000,76930.65000000,76629.02000000,76835.16000000,392.54327000
2026-05-24 02:00:00,76835.16000000,76921.45000000,76754.53000000,76890.04000000,225.24128000
2026-05-24 03:00:00,76890.04000000,76968.04000000,76704.32000000,76830.00000000,185.87406000
2026-05-24 04:00:00,76830.01000000,77011.62000000,76738.50000000,76750.00000000,248.04543000
2026-05-24 05:00:00,76750.01000000,76858.26000000,76730.00000000,76786.50000000,163.64327000
2026-05-24 06:00:00,76786.50000000,76861.78000000,76651.59000000,76822.23000000,202.16815000
2026-05-24 07:00:00,76822.23000000,77065.94000000,76716.02000000,76987.58000000,257.89170000
2026-05-24 08:00:00,76987.58000000,77014.24000000,76786.20000000,76799.99000000,193.96514000
2026-05-24 09:00:00,76799.99000000,76861.77000000,76734.42000000,76830.69000000,226.94949000
2026-05-24 10:00:00,76830.69000000,77046.67000000,76821.86000000,77020.53000000,369.92973000
2026-05-24 11:00:00,77020.54000000,77543.15000000,76927.04000000,77190.74000000,863.69953000
2026-05-24 12:00:00,77190.73000000,77356.62000000,77190.73000000,77320.06000000,285.66801000
2026-05-24 13:00:00,77320.06000000,77325.72000000,77044.73000000,77118.73000000,271.94108000
2026-05-24 14:00:00,77118.72000000,77127.54000000,76688.89000000,76802.23000000,474.39799000
2026-05-24 15:00:00,76802.23000000,76840.01000000,76195.36000000,76465.16000000,837.87651000
2026-05-24 16:00:00,76465.15000000,76539.38000000,76362.78000000,76371.59000000,398.04105000
2026-05-24 17:00:00,76371.59000000,76734.30000000,76371.59000000,76671.70000000,359.46109000
2026-05-24 18:00:00,76671.69000000,76799.99000000,76566.15000000,76693.34000000,249.31214000
2026-05-24 19:00:00,76693.34000000,76788.01000000,76596.00000000,76665.73000000,148.14196000
2026-05-24 20:00:00,76665.72000000,76783.51000000,76611.17000000,76773.34000000,125.12918000
2026-05-24 21:00:00,76773.33000000,76796.18000000,76596.37000000,76668.40000000,560.38206000
2026-05-24 22:00:00,76668.41000000,76748.12000000,76108.00000000,76151.14000000,497.80071000
2026-05-24 23:00:00,76151.14000000,77012.01000000,76132.00000000,76803.99000000,543.11534000
2026-05-25 00:00:00,76803.99000000,77225.97000000,76803.99000000,77064.96000000,316.78339000
2026-05-25 01:00:00,77064.96000000,77288.00000000,77064.95000000,77153.01000000,281.30951000
2026-05-25 02:00:00,77153.01000000,77245.67000000,76914.25000000,76945.27000000,574.42489000
2026-05-25 03:00:00,76945.28000000,77485.00000000,76945.28000000,77108.77000000,313.96478000
2026-05-25 04:00:00,77108.77000000,77169.88000000,77002.30000000,77026.67000000,198.70522000
2026-05-25 05:00:00,77026.68000000,77450.00000000,76990.78000000,77391.07000000,251.77406000
2026-05-25 06:00:00,77391.07000000,77498.00000000,77324.00000000,77407.00000000,306.77798000
2026-05-25 07:00:00,77406.99000000,77650.00000000,77222.22000000,77419.87000000,413.85927000
2026-05-25 08:00:00,77419.87000000,77520.00000000,77184.62000000,77401.12000000,376.11814000
2026-05-25 09:00:00,77401.11000000,77469.64000000,77280.32000000,77456.94000000,352.62980000
2026-05-25 10:00:00,77456.94000000,77699.97000000,77425.17000000,77604.56000000,369.10396000
2026-05-25 11:00:00,77604.56000000,77681.37000000,77490.37000000,77545.65000000,283.53522000
2026-05-25 12:00:00,77545.65000000,77545.65000000,77333.33000000,77357.50000000,209.17805000
2026-05-25 13:00:00,77357.50000000,77440.46000000,77286.50000000,77367.98000000,261.28583000
2026-05-25 14:00:00,77367.98000000,77450.00000000,77286.50000000,77341.05000000,199.52985000
2026-05-25 15:00:00,77341.05000000,77773.69000000,77304.84000000,77714.00000000,603.07815000
2026-05-25 16:00:00,77713.99000000,77905.52000000,77557.00000000,77628.82000000,499.50313000
2026-05-25 17:00:00,77628.82000000,77807.29000000,77508.88000000,77735.69000000,342.64397000
2026-05-25 18:00:00,77735.69000000,77804.48000000,77550.39000000,77564.01000000,278.21782000
2026-05-25 19:00:00,77564.00000000,77658.01000000,77543.38000000,77543.39000000,204.76460000
2026-05-25 20:00:00,77543.39000000,77543.39000000,77343.61000000,77441.86000000,295.53937000
2026-05-25 21:00:00,77441.85000000,77500.00000000,77220.00000000,77273.06000000,314.11527000
2026-05-25 22:00:00,77273.06000000,77396.08000000,77273.05000000,77367.03000000,183.92616000
2026-05-25 23:00:00,77367.03000000,77449.94000000,77019.82000000,77116.21000000,395.72227000
2026-05-26 00:00:00,77116.21000000,77367.44000000,77072.36000000,77322.01000000,162.61467000
2026-05-26 01:00:00,77322.01000000,77345.00000000,76575.49000000,76792.71000000,686.17714000
2026-05-26 02:00:00,76792.24000000,76888.01000000,76590.90000000,76756.98000000,342.05131000
2026-05-26 03:00:00,76756.98000000,76810.00000000,76512.98000000,76660.00000000,721.43857000
2026-05-26 04:00:00,76660.00000000,76705.71000000,76475.59000000,76664.01000000,396.14567000
2026-05-26 05:00:00,76664.00000000,76817.28000000,76606.79000000,76749.50000000,392.59093000
2026-05-26 06:00:00,76749.51000000,76989.23000000,76704.80000000,76930.01000000,556.04320000
2026-05-26 07:00:00,76930.00000000,77059.74000000,76775.00000000,76908.01000000,658.30833000
2026-05-26 08:00:00,76908.00000000,76924.55000000,76603.73000000,76730.84000000,436.26184000
2026-05-26 09:00:00,76730.84000000,76852.01000000,76693.21000000,76726.37000000,246.06951000
2026-05-26 10:00:00,76726.37000000,76804.00000000,76649.79000000,76672.19000000,350.52370000
2026-05-26 11:00:00,76672.20000000,77621.75000000,76586.94000000,77430.00000000,897.13516000
2026-05-26 12:00:00,77430.00000000,77516.93000000,77174.94000000,77183.55000000,403.26795000
2026-05-26 13:00:00,77183.56000000,77232.52000000,76877.94000000,77132.50000000,402.68245000
2026-05-26 14:00:00,77132.51000000,77464.01000000,76691.88000000,77231.56000000,659.96680000
2026-05-26 15:00:00,77231.56000000,78080.00000000,76724.63000000,76908.01000000,2020.17697000
2026-05-26 16:00:00,76908.01000000,77012.00000000,76272.63000000,76518.10000000,1751.25838000
2026-05-26 17:00:00,76518.10000000,76710.01000000,76209.58000000,76558.00000000,2070.02098000
2026-05-26 18:00:00,76558.00000000,76649.91000000,75850.00000000,75935.08000000,1190.65802000
2026-05-26 19:00:00,75935.09000000,76273.66000000,75779.30000000,75840.55000000,846.30902000
2026-05-26 20:00:00,75840.55000000,76104.49000000,75805.23000000,76052.00000000,581.71052000
2026-05-26 21:00:00,76052.00000000,76180.00000000,75982.64000000,76106.86000000,324.41575000
2026-05-26 22:00:00,76106.86000000,76117.31000000,75850.00000000,75890.00000000,275.58323000
2026-05-26 23:00:00,75890.00000000,75998.94000000,75677.97000000,75749.02000000,428.12169000
2026-05-27 00:00:00,75749.02000000,75986.45000000,75749.02000000,75930.01000000,316.55917000
2026-05-27 01:00:00,75930.01000000,76089.70000000,75872.71000000,76085.01000000,780.41682000
2026-05-27 02:00:00,76085.00000000,76104.02000000,75824.00000000,75877.44000000,573.72878000
2026-05-27 03:00:00,75877.44000000,75890.59000000,75682.99000000,75879.00000000,437.25803000
2026-05-27 04:00:00,75879.01000000,75966.91000000,75607.62000000,75683.00000000,612.84746000
2026-05-27 05:00:00,75683.00000000,75706.77000000,75310.90000000,75579.01000000,817.05359000
2026-05-27 06:00:00,75579.01000000,75739.36000000,75579.00000000,75697.99000000,490.56114000
2026-05-27 07:00:00,75697.99000000,75900.00000000,75690.01000000,75838.65000000,482.86494000
2026-05-27 08:00:00,75838.65000000,75980.00000000,75764.00000000,75977.17000000,433.92885000
2026-05-27 09:00:00,75977.16000000,76071.41000000,75843.02000000,75873.24000000,308.77238000
2026-05-27 10:00:00,75873.25000000,75978.01000000,75710.76000000,75912.60000000,294.26595000
2026-05-27 11:00:00,75912.61000000,76043.94000000,75880.00000000,75909.82000000,372.61961000
2026-05-27 12:00:00,75909.82000000,76029.24000000,75754.10000000,75769.18000000,316.01081000
2026-05-27 13:00:00,75769.18000000,76174.15000000,75575.75000000,75688.00000000,621.24106000
2026-05-27 14:00:00,75688.01000000,75760.00000000,74866.18000000,75073.40000000,2200.23684000
2026-05-27 15:00:00,75073.40000000,75274.11000000,74758.33000000,75031.92000000,1567.20208000
2026-05-27 16:00:00,75031.92000000,75502.29000000,74983.77000000,75326.01000000,797.52340000
2026-05-27 17:00:00,75326.02000000,75408.01000000,75000.00000000,75304.01000000,632.49097000
2026-05-27 18:00:00,75304.01000000,75344.01000000,74685.58000000,74860.42000000,1103.99219000
2026-05-27 19:00:00,74860.42000000,75032.01000000,74663.45000000,75026.67000000,549.25309000
2026-05-27 20:00:00,75026.67000000,75105.17000000,74952.36000000,75066.08000000,879.80197000
2026-05-27 21:00:00,75066.09000000,75415.81000000,75056.25000000,75274.58000000,389.41476000
2026-05-27 22:00:00,75274.58000000,75274.58000000,74341.76000000,74473.01000000,653.21971000
2026-05-27 23:00:00,74473.01000000,74775.50000000,74260.91000000,74418.13000000,624.64107000
2026-05-28 00:00:00,74418.12000000,74572.00000000,74243.99000000,74449.30000000,938.42933000
2026-05-28 01:00:00,74449.31000000,74580.00000000,74366.89000000,74570.66000000,476.29695000
2026-05-28 02:00:00,74570.67000000,74590.77000000,74156.00000000,74344.08000000,653.98384000
2026-05-28 03:00:00,74344.07000000,74400.00000000,74127.57000000,74287.42000000,717.91596000
2026-05-28 04:00:00,74287.43000000,74380.39000000,73060.59000000,73258.01000000,3879.74728000
2026-05-28 05:00:00,73258.00000000,73260.01000000,72728.85000000,73181.95000000,1588.42564000
2026-05-28 06:00:00,73181.95000000,73181.95000000,72908.67000000,72990.87000000,850.50171000
2026-05-28 07:00:00,72990.87000000,73213.11000000,72761.11000000,73202.70000000,1248.76931000
2026-05-28 08:00:00,73202.71000000,73512.14000000,73158.00000000,73498.00000000,1111.91354000
2026-05-28 09:00:00,73498.00000000,73500.00000000,73193.13000000,73325.88000000,567.79073000
2026-05-28 10:00:00,73325.88000000,73560.00000000,73261.60000000,73541.24000000,547.18862000
2026-05-28 11:00:00,73541.25000000,73616.00000000,73349.91000000,73400.01000000,495.53335000
2026-05-28 12:00:00,73400.01000000,73532.01000000,73319.36000000,73505.66000000,383.87102000
2026-05-28 13:00:00,73505.65000000,73580.75000000,73245.56000000,73518.01000000,454.53291000
2026-05-28 14:00:00,73518.01000000,73574.60000000,72771.64000000,73022.02000000,1277.58759000
2026-05-28 15:00:00,73022.01000000,73573.21000000,72582.82000000,73033.06000000,2189.62010000
2026-05-28 16:00:00,73033.06000000,73180.01000000,72700.00000000,72928.73000000,710.64433000
2026-05-28 17:00:00,72928.73000000,73440.67000000,72741.40000000,73440.67000000,821.59668000
2026-05-28 18:00:00,73440.66000000,73734.72000000,73316.31000000,73554.82000000,737.45631000
2026-05-28 19:00:00,73554.81000000,73749.69000000,73514.57000000,73652.88000000,517.48323000
2026-05-28 20:00:00,73652.87000000,73652.88000000,73381.81000000,73419.32000000,447.75042000
2026-05-28 21:00:00,73419.31000000,73721.45000000,73241.48000000,73579.99000000,441.85746000
2026-05-28 22:00:00,73580.00000000,73926.22000000,73560.45000000,73817.31000000,386.07817000
2026-05-28 23:00:00,73817.31000000,73949.22000000,73448.55000000,73464.80000000,445.66881000
2026-05-29 00:00:00,73464.80000000,73714.90000000,73464.79000000,73617.51000000,321.80630000
2026-05-29 01:00:00,73617.52000000,73854.77000000,73617.51000000,73716.37000000,592.13944000
2026-05-29 02:00:00,73716.37000000,73868.33000000,73463.52000000,73586.83000000,543.44041000
2026-05-29 03:00:00,73586.83000000,73646.68000000,73189.11000000,73225.06000000,716.13416000
2026-05-29 04:00:00,73225.07000000,73456.63000000,73225.07000000,73301.52000000,271.59006000
2026-05-29 05:00:00,73301.53000000,73508.97000000,73210.21000000,73507.69000000,462.74907000
2026-05-29 06:00:00,73507.68000000,73719.39000000,73500.00000000,73706.00000000,814.30980000
2026-05-29 07:00:00,73706.00000000,73939.19000000,73641.05000000,73786.32000000,283.07172000
2026-05-29 08:00:00,73786.32000000,73830.01000000,73373.37000000,73528.56000000,1081.67640000
2026-05-29 09:00:00,73528.55000000,73835.58000000,73524.00000000,73653.40000000,690.03943000
2026-05-29 10:00:00,73653.40000000,73902.85000000,73649.58000000,73744.96000000,506.90617000
2026-05-29 11:00:00,73744.96000000,73749.53000000,73588.13000000,73634.64000000,583.75086000
2026-05-29 12:00:00,73634.64000000,73700.41000000,73341.85000000,73487.98000000,417.09649000
2026-05-29 13:00:00,73487.98000000,73487.98000000,73202.00000000,73295.73000000,419.42757000
2026-05-29 14:00:00,73295.73000000,73346.04000000,72900.46000000,73135.70000000,883.40251000
2026-05-29 15:00:00,73135.70000000,73198.17000000,72512.49000000,73096.85000000,1512.76179000
2026-05-29 16:00:00,73096.84000000,74200.00000000,73008.98000000,73808.26000000,1809.34020000
2026-05-29 17:00:00,73808.25000000,74124.73000000,73565.73000000,74056.50000000,1160.72957000
2026-05-29 18:00:00,74056.49000000,74514.10000000,73925.33000000,73980.94000000,2917.46541000
2026-05-29 19:00:00,73980.94000000,74065.29000000,73187.25000000,73374.52000000,1065.50146000
2026-05-29 20:00:00,73374.51000000,73727.95000000,73239.36000000,73520.28000000,453.16949000
2026-05-29 21:00:00,73520.29000000,73760.00000000,73514.00000000,73673.61000000,155.12213000
2026-05-29 22:00:00,73673.62000000,73844.00000000,73408.80000000,73409.27000000,412.83689000
2026-05-29 23:00:00,73409.27000000,73571.81000000,73379.79000000,73483.52000000,662.84770000
2026-05-30 00:00:00,73483.51000000,73510.00000000,73320.00000000,73460.78000000,271.23268000
2026-05-30 01:00:00,73460.78000000,73579.82000000,73408.62000000,73498.80000000,545.20652000
2026-05-30 02:00:00,73498.80000000,73663.08000000,73472.80000000,73657.90000000,386.87772000
2026-05-30 03:00:00,73657.90000000,73786.70000000,73613.85000000,73786.69000000,268.52358000
2026-05-30 04:00:00,73786.70000000,73796.43000000,73524.01000000,73524.01000000,339.03494000
2026-05-30 05:00:00,73524.01000000,73575.00000000,73216.00000000,73402.84000000,466.81865000
2026-05-30 06:00:00,73402.85000000,73635.00000000,73346.85000000,73604.99000000,464.14797000
2026-05-30 07:00:00,73604.99000000,73709.91000000,73530.00000000,73584.99000000,331.33867000
2026-05-30 08:00:00,73584.99000000,73588.20000000,73486.00000000,73548.60000000,225.56478000
2026-05-30 09:00:00,73548.60000000,73567.59000000,73500.02000000,73530.07000000,274.14087000
2026-05-30 10:00:00,73530.07000000,73615.47000000,73503.07000000,73615.46000000,201.26346000
2026-05-30 11:00:00,73615.46000000,73680.75000000,73592.57000000,73655.85000000,283.97060000
2026-05-30 12:00:00,73655.85000000,73655.86000000,73564.62000000,73602.02000000,317.10370000
2026-05-30 13:00:00,73602.01000000,73717.07000000,73594.40000000,73698.18000000,369.23500000
2026-05-30 14:00:00,73698.17000000,73837.06000000,73676.10000000,73829.31000000,249.39427000
2026-05-30 15:00:00,73829.31000000,74100.00000000,73820.91000000,73929.11000000,565.07041000
2026-05-30 16:00:00,73929.11000000,74042.88000000,73836.70000000,73930.14000000,301.39896000
2026-05-30 17:00:00,73930.13000000,73985.84000000,73880.10000000,73934.99000000,193.46997000
2026-05-30 18:00:00,73935.00000000,74047.26000000,73811.30000000,74020.07000000,308.74992000
2026-05-30 19:00:00,74020.06000000,74143.76000000,73945.00000000,74043.38000000,188.56655000
2026-05-30 20:00:00,74043.39000000,74072.00000000,73971.30000000,74016.65000000,145.42131000
2026-05-30 21:00:00,74016.64000000,74016.65000000,73926.68000000,73979.84000000,104.99480000
2026-05-30 22:00:00,73979.85000000,74054.00000000,73929.07000000,73981.99000000,224.47070000
2026-05-30 23:00:00,73981.99000000,73982.00000000,73796.01000000,73883.30000000,391.66756000
2026-05-31 00:00:00,73883.30000000,73995.98000000,73781.30000000,73884.38000000,368.97818000
2026-05-31 01:00:00,73884.38000000,74041.72000000,73858.56000000,74038.20000000,241.35407000
2026-05-31 02:00:00,74038.20000000,74275.66000000,74028.64000000,74058.01000000,363.47802000
2026-05-31 03:00:00,74058.01000000,74243.94000000,73890.49000000,74090.84000000,304.85670000
2026-05-31 04:00:00,74090.84000000,74226.78000000,74074.05000000,74150.64000000,189.87382000
2026-05-31 05:00:00,74150.64000000,74221.33000000,74109.00000000,74178.40000000,194.38913000
2026-05-31 06:00:00,74178.41000000,74207.20000000,74055.16000000,74055.98000000,231.70947000
2026-05-31 07:00:00,74055.99000000,74109.39000000,73985.34000000,74054.87000000,141.21825000
2026-05-31 08:00:00,74054.86000000,74054.87000000,73836.00000000,73871.24000000,302.07421000
2026-05-31 09:00:00,73871.25000000,73980.00000000,73850.05000000,73937.61000000,348.32905000
2026-05-31 10:00:00,73937.62000000,74024.00000000,73813.44000000,73841.79000000,323.04158000
2026-05-31 11:00:00,73841.79000000,73900.00000000,73699.20000000,73900.00000000,400.29833000
2026-05-31 12:00:00,73900.00000000,73972.00000000,73899.99000000,73937.79000000,178.92390000
2026-05-31 13:00:00,73937.63000000,73995.88000000,73874.00000000,73920.00000000,222.22652000
2026-05-31 14:00:00,73920.00000000,74023.99000000,73807.43000000,73872.80000000,178.44734000
2026-05-31 15:00:00,73872.80000000,73872.80000000,73483.05000000,73602.17000000,681.72491000
2026-05-31 16:00:00,73602.18000000,73775.79000000,73588.80000000,73655.21000000,266.93299000
2026-05-31 17:00:00,73655.20000000,73730.00000000,73400.00000000,73526.14000000,319.75425000
2026-05-31 18:00:00,73526.15000000,73734.00000000,73466.67000000,73709.44000000,195.46974000
2026-05-31 19:00:00,73709.43000000,73713.34000000,73585.49000000,73603.69000000,214.37074000
2026-05-31 20:00:00,73603.68000000,73649.93000000,73456.48000000,73563.42000000,255.80848000
2026-05-31 21:00:00,73563.41000000,73760.00000000,73563.41000000,73739.66000000,381.56410000
2026-05-31 22:00:00,73739.67000000,73924.00000000,73626.67000000,73892.52000000,391.01047000
2026-05-31 23:00:00,73892.52000000,73997.56000000,73686.00000000,73944.62000000,284.29172000
2026-06-01 00:00:00,73944.62000000,74198.00000000,73500.00000000,73674.39000000,375.30928000
2026-06-01 01:00:00,73674.39000000,74092.00000000,73654.06000000,73885.00000000,366.48970000
2026-06-01 02:00:00,73885.01000000,73916.01000000,73278.02000000,73292.92000000,464.54265000
2026-06-01 03:00:00,73292.92000000,73892.52000000,73222.00000000,73790.00000000,506.50025000
2026-06-01 04:00:00,73789.99000000,74019.58000000,73735.47000000,73769.06000000,460.44243000
2026-06-01 05:00:00,73769.06000000,73841.37000000,73348.74000000,73536.01000000,335.64727000
2026-06-01 06:00:00,73536.01000000,73541.48000000,73328.32000000,73350.00000000,404.19791000
2026-06-01 07:00:00,73349.99000000,73368.00000000,72950.01000000,73135.74000000,740.28999000
2026-06-01 08:00:00,73135.75000000,73203.85000000,72704.00000000,72818.00000000,833.64063000
2026-06-01 09:00:00,72818.00000000,72921.38000000,72610.03000000,72902.65000000,751.49608000
2026-06-01 10:00:00,72902.64000000,73095.64000000,72600.00000000,72880.00000000,2061.21620000
2026-06-01 11:00:00,72880.00000000,72900.73000000,72592.27000000,72748.88000000,482.48740000
2026-06-01 12:00:00,72748.88000000,72768.11000000,72290.00000000,72479.99000000,769.61036000
2026-06-01 13:00:00,72480.00000000,72610.00000000,71902.98000000,72221.73000000,1854.73885000
2026-06-01 14:00:00,72221.74000000,72243.52000000,71389.88000000,71711.89000000,3036.53496000
2026-06-01 15:00:00,71711.89000000,71887.60000000,71363.43000000,71567.91000000,2060.71568000
2026-06-01 16:00:00,71567.91000000,71677.55000000,71066.33000000,71129.62000000,1656.46415000
2026-06-01 17:00:00,71129.62000000,71599.95000000,70686.68000000,71564.01000000,2820.57409000
2026-06-01 18:00:00,71564.01000000,71800.73000000,71469.64000000,71646.01000000,999.45739000
2026-06-01 19:00:00,71646.00000000,71687.28000000,71382.00000000,71498.64000000,667.35668000
2026-06-01 20:00:00,71498.64000000,71666.00000000,71386.00000000,71595.24000000,432.84579000
2026-06-01 21:00:00,71595.24000000,71690.00000000,71419.64000000,71446.00000000,273.27230000
2026-06-01 22:00:00,71445.99000000,71449.98000000,70941.95000000,71038.01000000,573.85796000
2026-06-01 23:00:00,71038.01000000,71460.00000000,70840.90000000,71408.00000000,770.63523000
2026-06-02 00:00:00,71407.99000000,71583.29000000,71225.29000000,71408.90000000,598.07789000
2026-06-02 01:00:00,71408.90000000,71408.90000000,71100.00000000,71289.23000000,677.70318000
2026-06-02 02:00:00,71289.24000000,71372.00000000,70607.57000000,70652.47000000,1034.85247000
2026-06-02 03:00:00,70652.47000000,70880.63000000,70111.00000000,70846.49000000,1320.14440000
2026-06-02 04:00:00,70846.48000000,71041.04000000,70806.00000000,70953.69000000,492.94753000
2026-06-02 05:00:00,70953.70000000,71048.00000000,70713.54000000,70810.00000000,489.36754000
2026-06-02 06:00:00,70810.00000000,70847.66000000,70267.79000000,70268.96000000,832.11781000
2026-06-02 07:00:00,70268.97000000,70442.00000000,69958.49000000,70106.31000000,1507.14949000
2026-06-02 08:00:00,70106.31000000,70275.86000000,69733.00000000,70118.42000000,1388.79813000
2026-06-02 09:00:00,70118.42000000,70172.00000000,69705.30000000,69821.99000000,944.64990000
2026-06-02 10:00:00,69822.00000000,69849.00000000,69324.65000000,69426.01000000,1499.21853000
2026-06-02 11:00:00,69426.01000000,69756.00000000,69336.98000000,69652.19000000,904.86792000
2026-06-02 12:00:00,69652.18000000,69659.47000000,69397.83000000,69461.72000000,417.59402000
2026-06-02 13:00:00,69461.73000000,69548.13000000,68989.61000000,69010.42000000,1382.26152000
2026-06-02 14:00:00,69010.41000000,69180.00000000,68757.03000000,68811.91000000,1762.82906000
2026-06-02 15:00:00,68809.93000000,68836.00000000,67617.85000000,68019.30000000,3845.79627000
2026-06-02 16:00:00,68019.30000000,68094.60000000,67076.00000000,67304.28000000,2543.79469000
2026-06-02 17:00:00,67304.29000000,68146.30000000,67228.45000000,67413.44000000,1789.92962000
2026-06-02 18:00:00,67413.44000000,67837.53000000,67378.00000000,67492.34000000,905.89150000
2026-06-02 19:00:00,67492.34000000,67661.70000000,67124.20000000,67341.99000000,926.14597000
2026-06-02 20:00:00,67341.99000000,67498.00000000,66432.00000000,67315.14000000,2333.17121000
2026-06-02 21:00:00,67315.14000000,67689.65000000,66911.20000000,67587.77000000,1637.61606000
2026-06-02 22:00:00,67587.78000000,67923.24000000,67412.00000000,67566.01000000,765.53933000
2026-06-02 23:00:00,67566.01000000,67566.01000000,66244.02000000,66385.20000000,1856.41667000
2026-06-03 00:00:00,66385.20000000,66868.62000000,66193.00000000,66760.83000000,1599.39304000
2026-06-03 01:00:00,66760.84000000,67204.15000000,66654.00000000,66938.01000000,1238.50805000
2026-06-03 02:00:00,66938.01000000,67050.00000000,66472.65000000,66920.00000000,973.29949000
2026-06-03 03:00:00,66920.00000000,66920.01000000,66586.17000000,66620.01000000,773.38787000
2026-06-03 04:00:00,66620.00000000,66653.67000000,65426.34000000,65849.90000000,2891.72624000
2026-06-03 05:00:00,65849.90000000,66623.44000000,65834.00000000,66465.98000000,1263.85794000
2026-06-03 06:00:00,66465.99000000,67398.28000000,66465.99000000,67330.01000000,1773.95829000
2026-06-03 07:00:00,67330.00000000,67516.00000000,66962.95000000,66983.27000000,1658.04956000
2026-06-03 08:00:00,66983.27000000,67334.40000000,66872.01000000,67220.03000000,1003.46306000
2026-06-03 09:00:00,67220.03000000,67264.34000000,66974.00000000,67028.00000000,1273.47385000
2026-06-03 10:00:00,67028.01000000,67322.00000000,66656.48000000,67075.17000000,1438.06157000
2026-06-03 11:00:00,67075.18000000,67476.69000000,67068.51000000,67294.52000000,639.46259000
2026-06-03 12:00:00,67294.51000000,67366.82000000,67056.58000000,67067.37000000,489.69833000
2026-06-03 13:00:00,67067.37000000,67163.82000000,66782.65000000,67078.72000000,856.74966000
2026-06-03 14:00:00,67078.72000000,67244.62000000,66635.00000000,66906.01000000,1223.17247000
2026-06-03 15:00:00,66906.00000000,66990.66000000,66643.96000000,66864.95000000,936.44379000
2026-06-03 16:00:00,66864.95000000,66898.00000000,66076.00000000,66076.01000000,1521.34921000
2026-06-03 17:00:00,66076.01000000,66373.18000000,65555.00000000,66061.83000000,1633.14277000
2026-06-03 18:00:00,66061.83000000,66189.80000000,65704.80000000,65964.08000000,810.29365000
2026-06-03 19:00:00,65964.08000000,66161.24000000,65744.01000000,66036.57000000,600.59221000
2026-06-03 20:00:00,66036.56000000,66054.00000000,65251.00000000,65462.00000000,1198.70968000
2026-06-03 21:00:00,65461.99000000,65614.74000000,64766.00000000,65007.27000000,1892.05101000
2026-06-03 22:00:00,65007.27000000,65860.00000000,64960.87000000,65768.88000000,1254.10382000
2026-06-03 23:00:00,65768.89000000,65841.23000000,64778.15000000,64912.98000000,974.52056000
2026-06-04 00:00:00,64912.97000000,64979.99000000,64092.49000000,64142.75000000,1820.23083000
2026-06-04 01:00:00,64142.75000000,64428.00000000,63000.00000000,63344.97000000,3512.79677000
2026-06-04 02:00:00,63344.98000000,63500.00000000,62100.01000000,62178.10000000,4759.04130000
2026-06-04 03:00:00,62178.10000000,63622.70000000,61383.56000000,63231.99000000,6283.29826000
2026-06-04 04:00:00,63232.00000000,64540.30000000,63218.48000000,64363.49000000,2402.09774000
2026-06-04 05:00:00,64363.49000000,64764.32000000,64265.73000000,64399.99000000,1421.62502000
2026-06-04 06:00:00,64399.99000000,64400.00000000,63648.01000000,63955.47000000,1272.84935000
2026-06-04 07:00:00,63955.48000000,64481.22000000,63892.00000000,64027.99000000,802.33437000
2026-06-04 08:00:00,64027.99000000,64062.81000000,63492.89000000,63603.15000000,1503.87893000
2026-06-04 09:00:00,63603.15000000,63904.63000000,63245.90000000,63629.99000000,1570.23316000
2026-06-04 10:00:00,63629.99000000,63644.00000000,62703.33000000,63266.00000000,2329.32820000
2026-06-04 11:00:00,63266.01000000,63276.00000000,62301.21000000,62420.00000000,3046.35677000
2026-06-04 12:00:00,62420.01000000,62833.82000000,62205.00000000,62545.99000000,1649.57305000
2026-06-04 13:00:00,62546.00000000,63966.48000000,62392.00000000,63766.82000000,1740.31399000
2026-06-04 14:00:00,63766.82000000,64244.00000000,63068.41000000,64230.00000000,2087.69891000
2026-06-04 15:00:00,64230.00000000,64494.92000000,63785.33000000,63958.97000000,1314.77170000
2026-06-04 16:00:00,63958.97000000,64404.00000000,63691.70000000,63896.17000000,1043.20477000
2026-06-04 17:00:00,63896.16000000,63920.00000000,63456.00000000,63563.51000000,778.58090000
2026-06-04 18:00:00,63563.51000000,63722.00000000,62944.91000000,63540.97000000,1048.08269000
2026-06-04 19:00:00,63540.96000000,64110.28000000,63149.76000000,63819.62000000,1198.01807000
2026-06-04 20:00:00,63819.62000000,64163.93000000,63544.00000000,63629.38000000,699.04403000
2026-06-04 21:00:00,63629.38000000,63653.20000000,63182.84000000,63638.40000000,753.64631000
2026-06-04 22:00:00,63638.40000000,63876.00000000,63106.04000000,63286.21000000,982.36997000
2026-06-04 23:00:00,63286.21000000,63772.00000000,63194.00000000,63735.43000000,816.54763000
2026-06-05 00:00:00,63735.42000000,63918.00000000,63376.00000000,63885.99000000,561.48382000
2026-06-05 01:00:00,63885.99000000,63978.00000000,63396.57000000,63426.72000000,799.55012000
2026-06-05 02:00:00,63426.73000000,63566.00000000,63052.00000000,63374.67000000,974.10885000
2026-06-05 03:00:00,63374.67000000,63436.00000000,62588.77000000,62617.72000000,1167.70132000
2026-06-05 04:00:00,62617.72000000,62888.00000000,62339.00000000,62730.00000000,1221.63780000
2026-06-05 05:00:00,62730.00000000,63646.00000000,62487.24000000,63615.23000000,1133.49083000
2026-06-05 06:00:00,63615.22000000,63688.00000000,62278.00000000,62329.35000000,1503.31179000
2026-06-05 07:00:00,62329.36000000,62634.53000000,61126.01000000,61946.57000000,5277.47749000
2026-06-05 08:00:00,61946.57000000,63116.00000000,61378.38000000,63115.99000000,2819.14343000
2026-06-05 09:00:00,63115.99000000,63120.98000000,62288.88000000,62454.64000000,1381.33567000
2026-06-05 10:00:00,62454.64000000,63259.90000000,62442.00000000,62860.09000000,970.25310000
2026-06-05 11:00:00,62860.09000000,62931.81000000,62375.00000000,62536.87000000,753.84533000
2026-06-05 12:00:00,62536.87000000,62644.48000000,61964.98000000,61964.99000000,1191.72996000
2026-06-05 13:00:00,61964.99000000,62457.86000000,61620.47000000,61959.73000000,1931.26312000
2026-06-05 14:00:00,61959.72000000,62326.00000000,60732.35000000,60732.36000000,3644.72891000
2026-06-05 15:00:00,60732.36000000,61227.98000000,60334.97000000,60868.97000000,4753.25938000
2026-06-05 16:00:00,60868.98000000,61126.00000000,60000.00000000,60438.01000000,4471.76201000
2026-06-05 17:00:00,60438.00000000,61547.24000000,59786.00000000,61394.39000000,5595.70288000
2026-06-05 18:00:00,61394.38000000,61508.85000000,60660.00000000,60813.99000000,1735.74281000
2026-06-05 19:00:00,60814.00000000,60950.00000000,59141.00000000,59395.99000000,3853.37743000
2026-06-05 20:00:00,59396.00000000,60459.41000000,59130.91000000,60300.24000000,2562.76919000
2026-06-05 21:00:00,60300.24000000,61787.01000000,59940.01000000,61620.01000000,2519.32621000
2026-06-05 22:00:00,61620.01000000,62000.00000000,61444.20000000,61670.38000000,1754.60125000
2026-06-05 23:00:00,61670.38000000,61966.00000000,61207.82000000,61584.49000000,1799.61028000
2026-06-06 00:00:00,61584.49000000,61776.00000000,60518.00000000,61056.47000000,1211.55891000
2026-06-06 01:00:00,61056.47000000,61530.05000000,61045.01000000,61273.29000000,769.28059000
2026-06-06 02:00:00,61273.29000000,61380.00000000,60954.36000000,61058.95000000,701.07746000
2026-06-06 03:00:00,61058.95000000,61176.00000000,60678.00000000,60951.64000000,778.33004000
2026-06-06 04:00:00,60951.63000000,60966.86000000,60520.00000000,60687.04000000,696.39105000
2026-06-06 05:00:00,60687.05000000,60866.00000000,59500.00000000,60101.27000000,2161.93035000
2026-06-06 06:00:00,60101.28000000,61062.00000000,59621.22000000,60942.38000000,2141.23088000
2026-06-06 07:00:00,60942.37000000,61276.95000000,60681.00000000,60786.96000000,2095.10137000
2026-06-06 08:00:00,60786.96000000,61229.17000000,60733.14000000,61004.95000000,664.31126000
2026-06-06 09:00:00,61004.95000000,61500.00000000,60884.00000000,61264.00000000,724.69988000
2026-06-06 10:00:00,61264.00000000,61322.00000000,60875.55000000,60981.24000000,580.05282000
2026-06-06 11:00:00,60981.24000000,60981.24000000,60198.00000000,60593.00000000,1404.76206000
2026-06-06 12:00:00,60593.00000000,60968.00000000,60552.95000000,60802.91000000,764.04290000
2026-06-06 13:00:00,60802.90000000,61185.26000000,60641.20000000,61030.63000000,669.86406000
2026-06-06 14:00:00,61030.63000000,61100.00000000,60701.41000000,60801.20000000,565.41708000
2026-06-06 15:00:00,60801.20000000,61016.00000000,60768.00000000,60791.05000000,409.85585000
2026-06-06 16:00:00,60791.06000000,60929.20000000,60396.00000000,60784.00000000,646.35820000
2026-06-06 17:00:00,60784.01000000,60971.24000000,60466.56000000,60774.00000000,524.00441000
2026-06-06 18:00:00,60774.00000000,60844.00000000,60501.00000000,60576.20000000,599.85374000
2026-06-06 19:00:00,60576.19000000,60754.74000000,60393.96000000,60637.21000000,975.00187000
2026-06-06 20:00:00,60637.20000000,60786.00000000,60536.00000000,60600.01000000,348.13504000
2026-06-06 21:00:00,60600.00000000,60756.00000000,60522.00000000,60711.69000000,328.01265000
2026-06-06 22:00:00,60711.69000000,61000.00000000,60707.93000000,60751.21000000,311.33205000
2026-06-06 23:00:00,60751.22000000,60818.00000000,60429.09000000,60543.53000000,374.15284000
2026-06-07 00:00:00,60543.52000000,60942.75000000,60543.52000000,60884.62000000,562.39032000
2026-06-07 01:00:00,60884.62000000,60987.99000000,60746.00000000,60782.01000000,680.45460000
2026-06-07 02:00:00,60782.00000000,61664.13000000,60758.00000000,61479.75000000,1285.56920000
2026-06-07 03:00:00,61479.75000000,61568.00000000,61184.00000000,61506.74000000,523.36778000
2026-06-07 04:00:00,61506.73000000,61778.33000000,61416.10000000,61701.07000000,469.79753000
2026-06-07 05:00:00,61701.06000000,61907.07000000,61482.46000000,61890.92000000,486.27163000
2026-06-07 06:00:00,61890.92000000,62159.00000000,61647.00000000,61748.10000000,1139.66042000
2026-06-07 07:00:00,61748.11000000,62272.00000000,61619.40000000,62101.00000000,1749.12210000
2026-06-07 08:00:00,62101.01000000,62416.26000000,61983.46000000,62404.73000000,1528.14980000
2026-06-07 09:00:00,62404.72000000,62960.00000000,62259.37000000,62855.01000000,2005.84536000
2026-06-07 10:00:00,62855.00000000,62900.00000000,62374.63000000,62530.00000000,1248.75300000
2026-06-07 11:00:00,62530.00000000,62570.31000000,62298.39000000,62370.52000000,674.16526000
2026-06-07 12:00:00,62370.53000000,62754.45000000,62359.44000000,62621.96000000,794.29873000
2026-06-07 13:00:00,62621.97000000,62643.97000000,61577.12000000,61900.67000000,1957.06740000
2026-06-07 14:00:00,61900.66000000,61907.64000000,61649.12000000,61700.13000000,1146.18923000
2026-06-07 15:00:00,61700.14000000,62312.67000000,61696.98000000,61905.49000000,923.54392000
2026-06-07 16:00:00,61905.49000000,62219.92000000,61674.51000000,62093.99000000,527.33835000
2026-06-07 17:00:00,62093.99000000,62332.00000000,61966.00000000,62083.64000000,482.96030000
2026-06-07 18:00:00,62083.64000000,62330.00000000,62046.62000000,62160.01000000,573.97699000
2026-06-07 19:00:00,62160.01000000,62296.00000000,62022.00000000,62030.14000000,373.61361000
2026-06-07 20:00:00,62030.15000000,62036.78000000,61184.00000000,61328.00000000,1046.65633000
2026-06-07 21:00:00,61327.99000000,61962.47000000,61217.17000000,61878.01000000,569.10903000
2026-06-07 22:00:00,61878.00000000,62017.71000000,61652.01000000,61778.41000000,374.19369000
2026-06-07 23:00:00,61778.42000000,64234.68000000,61728.11000000,62865.87000000,4892.75492000
2026-06-08 00:00:00,62865.87000000,63444.11000000,62803.42000000,63332.01000000,1159.24525000
2026-06-08 01:00:00,63332.01000000,63863.06000000,63138.37000000,63631.42000000,1255.61981000
2026-06-08 02:00:00,63631.43000000,63643.99000000,62720.86000000,63211.41000000,1129.10442000
2026-06-08 03:00:00,63211.41000000,63260.00000000,62918.00000000,63129.93000000,502.88284000
2026-06-08 04:00:00,63129.94000000,63458.00000000,62978.36000000,63130.12000000,427.85473000
2026-06-08 05:00:00,63130.12000000,63171.10000000,62657.07000000,62684.61000000,553.63898000
2026-06-08 06:00:00,62684.61000000,62825.27000000,62408.00000000,62764.00000000,674.10723000
2026-06-08 07:00:00,62763.99000000,63144.00000000,62734.00000000,62988.03000000,629.53051000
2026-06-08 08:00:00,62988.58000000,63350.00000000,62812.00000000,63283.99000000,976.90780000
2026-06-08 09:00:00,63284.00000000,63284.00000000,62992.01000000,63132.83000000,490.75057000
2026-06-08 10:00:00,63132.84000000,63577.86000000,63128.47000000,63502.00000000,706.93226000
2026-06-08 11:00:00,63501.99000000,63568.19000000,63096.88000000,63172.30000000,982.67290000
2026-06-08 12:00:00,63172.30000000,63873.08000000,63058.00000000,63479.61000000,1572.11873000
2026-06-08 13:00:00,63479.62000000,63933.18000000,62718.30000000,63872.00000000,2589.09295000
2026-06-08 14:00:00,63872.00000000,63943.56000000,63362.10000000,63758.00000000,1304.57724000
2026-06-08 15:00:00,63758.00000000,64077.57000000,63560.68000000,63964.08000000,1937.84618000
2026-06-08 16:00:00,63964.07000000,64200.00000000,63711.00000000,63774.48000000,2295.29096000
2026-06-08 17:00:00,63774.48000000,64046.86000000,63472.00000000,63532.01000000,873.93622000
2026-06-08 18:00:00,63532.01000000,63646.00000000,63268.01000000,63550.00000000,1044.76064000
2026-06-08 19:00:00,63549.99000000,63690.00000000,63339.98000000,63466.83000000,414.77155000
2026-06-08 20:00:00,63466.83000000,63596.00000000,63356.00000000,63372.01000000,379.67287000
2026-06-08 21:00:00,63372.01000000,63485.49000000,63160.31000000,63485.49000000,793.95609000
2026-06-08 22:00:00,63485.49000000,63850.00000000,63483.41000000,63728.96000000,413.19539000
2026-06-08 23:00:00,63728.96000000,63728.96000000,63210.00000000,63440.01000000,571.04903000
2026-06-09 00:00:00,63440.00000000,63594.00000000,62978.66000000,63085.99000000,533.11634000
2026-06-09 01:00:00,63086.00000000,63184.00000000,62457.00000000,62640.71000000,1339.79190000
